artist_url,artist_slug,first_seen_at,last_seen_at,source
https://www.abc.net.au/triplejunearthed/artist/isle-two,isle-two,2026-04-25T09:07:22+00:00,2026-04-25T09:27:39+00:00,discovery
https://www.abc.net.au/triplejunearthed/artist/jem-cassar-daley,jem-cassar-daley,2026-04-25T09:07:22+00:00,2026-04-25T09:27:39+00:00,discovery
https://www.abc.net.au/triplejunearthed/artist/shewita,shewita,2026-04-25T09:07:22+00:00,2026-04-25T09:27:39+00:00,discovery
https://www.abc.net.au/triplejunearthed/artist/selve,selve,2026-04-25T09:07:22+00:00,2026-04-25T09:27:39+00:00,discovery
https://www.abc.net.au/triplejunearthed/artist/jamierose,jamierose,2026-04-25T09:07:22+00:00,2026-04-25T09:27:39+00:00,discovery
https://www.abc.net.au/triplejunearthed/artist/dkayontop,dkayontop,2026-04-25T09:07:22+00:00,2026-04-25T09:27:39+00:00,discovery
https://www.abc.net.au/triplejunearthed/artist/dylan-j,dylan-j,2026-04-25T09:07:22+00:00,2026-04-25T09:27:39+00:00,discovery
https://www.abc.net.au/triplejunearthed/artist/letters-to-lions,letters-to-lions,2026-04-25T09:07:22+00:00,2026-04-25T09:27:39+00:00,discovery
https://www.abc.net.au/triplejunearthed/artist/binsad,binsad,2026-04-25T09:07:22+00:00,2026-04-25T09:27:39+00:00,discovery
https://www.abc.net.au/triplejunearthed/artist/lane-pittman,lane-pittman,2026-04-25T09:07:22+00:00,2026-04-25T09:27:39+00:00,discovery
https://www.abc.net.au/triplejunearthed/artist/towns,towns,2026-04-25T09:07:22+00:00,2026-04-25T09:27:43+00:00,discovery
https://www.abc.net.au/triplejunearthed/artist/aaron-pollock,aaron-pollock,2026-04-25T09:07:22+00:00,2026-04-25T09:27:43+00:00,discovery
https://www.abc.net.au/triplejunearthed/artist/cascadeband,cascadeband,2026-04-25T09:07:22+00:00,2026-04-25T09:27:43+00:00,discovery
https://www.abc.net.au/triplejunearthed/artist/marline,marline,2026-04-25T09:07:22+00:00,2026-04-25T09:27:43+00:00,discovery
https://www.abc.net.au/triplejunearthed/artist/lana-karlay,lana-karlay,2026-04-25T09:07:22+00:00,2026-04-25T09:27:43+00:00,discovery
https://www.abc.net.au/triplejunearthed/artist/woolworths-flushot,woolworths-flushot,2026-04-25T09:07:22+00:00,2026-04-25T09:27:43+00:00,discovery
https://www.abc.net.au/triplejunearthed/artist/hannah-brewer,hannah-brewer,2026-04-25T09:07:22+00:00,2026-04-25T09:27:43+00:00,discovery
https://www.abc.net.au/triplejunearthed/artist/surusinghe,surusinghe,2026-04-25T09:07:22+00:00,2026-04-25T09:27:43+00:00,discovery
https://www.abc.net.au/triplejunearthed/artist/jimi-the-kween,jimi-the-kween,2026-04-25T09:07:22+00:00,2026-04-25T09:27:43+00:00,discovery
https://www.abc.net.au/triplejunearthed/artist/lithium-alkaline,lithium-alkaline,2026-04-25T09:07:22+00:00,2026-04-25T09:27:43+00:00,discovery
https://www.abc.net.au/triplejunearthed/artist/windwaker,windwaker,2026-04-25T09:07:22+00:00,2026-04-25T09:27:43+00:00,discovery
https://www.abc.net.au/triplejunearthed/artist/ghost-care,ghost-care,2026-04-25T09:07:22+00:00,2026-04-25T09:27:43+00:00,discovery
https://www.abc.net.au/triplejunearthed/artist/betty-0,betty-0,2026-04-25T09:07:22+00:00,2026-04-25T09:27:43+00:00,discovery
https://www.abc.net.au/triplejunearthed/artist/adam-newling,adam-newling,2026-04-25T09:07:22+00:00,2026-04-25T09:27:43+00:00,discovery
https://www.abc.net.au/triplejunearthed/artist/airline,airline,2026-04-25T09:07:22+00:00,2026-04-25T09:27:43+00:00,discovery
https://www.abc.net.au/triplejunearthed/artist/internetfrendz,internetfrendz,2026-04-25T09:07:22+00:00,2026-04-25T09:27:43+00:00,discovery
https://www.abc.net.au/triplejunearthed/artist/divebar-youth,divebar-youth,2026-04-25T09:07:22+00:00,2026-04-25T09:27:43+00:00,discovery
https://www.abc.net.au/triplejunearthed/artist/ksmba,ksmba,2026-04-25T09:07:22+00:00,2026-04-25T09:27:43+00:00,discovery
https://www.abc.net.au/triplejunearthed/artist/joshuah,joshuah,2026-04-25T09:07:26+00:00,2026-04-25T09:27:43+00:00,discovery
https://www.abc.net.au/triplejunearthed/artist/baby-smith,baby-smith,2026-04-25T09:07:26+00:00,2026-04-25T09:27:43+00:00,discovery
https://www.abc.net.au/triplejunearthed/artist/tamarah,tamarah,2026-04-25T09:07:26+00:00,2026-04-25T09:27:43+00:00,discovery
https://www.abc.net.au/triplejunearthed/artist/layer-cake,layer-cake,2026-04-25T09:07:26+00:00,2026-04-25T09:27:43+00:00,discovery
https://www.abc.net.au/triplejunearthed/artist/azure-ryder,azure-ryder,2026-04-25T09:07:26+00:00,2026-04-25T09:27:43+00:00,discovery
https://www.abc.net.au/triplejunearthed/artist/planetfall-hxc,planetfall-hxc,2026-04-25T09:07:26+00:00,2026-04-25T09:27:43+00:00,discovery
https://www.abc.net.au/triplejunearthed/artist/baby-cool,baby-cool,2026-04-25T09:07:26+00:00,2026-04-25T09:27:43+00:00,discovery
https://www.abc.net.au/triplejunearthed/artist/jeane,jeane,2026-04-25T09:07:26+00:00,2026-04-25T09:27:43+00:00,discovery
https://www.abc.net.au/triplejunearthed/artist/jaustl,jaustl,2026-04-25T09:07:26+00:00,2026-04-25T09:27:43+00:00,discovery
https://www.abc.net.au/triplejunearthed/artist/seren-emyr,seren-emyr,2026-04-25T09:07:26+00:00,2026-04-25T09:27:43+00:00,discovery
https://www.abc.net.au/triplejunearthed/artist/alex-fears,alex-fears,2026-04-25T09:07:26+00:00,2026-04-25T09:27:43+00:00,discovery
https://www.abc.net.au/triplejunearthed/artist/teardrive,teardrive,2026-04-25T09:07:26+00:00,2026-04-25T09:27:43+00:00,discovery
https://www.abc.net.au/triplejunearthed/artist/kyra-sione,kyra-sione,2026-04-25T09:07:26+00:00,2026-04-25T09:27:43+00:00,discovery
https://www.abc.net.au/triplejunearthed/artist/joan-giants,joan-giants,2026-04-25T09:07:26+00:00,2026-04-25T09:27:43+00:00,discovery
https://www.abc.net.au/triplejunearthed/artist/shoot-the-messengerr,shoot-the-messengerr,2026-04-25T09:07:26+00:00,2026-04-25T09:27:43+00:00,discovery
https://www.abc.net.au/triplejunearthed/artist/ratsalad,ratsalad,2026-04-25T09:07:26+00:00,2026-04-25T09:27:43+00:00,discovery
https://www.abc.net.au/triplejunearthed/artist/renzo-murray,renzo-murray,2026-04-25T09:07:31+00:00,2026-04-25T09:27:47+00:00,discovery
https://www.abc.net.au/triplejunearthed/artist/daphnie,daphnie,2026-04-25T09:07:31+00:00,2026-04-25T09:27:47+00:00,discovery
https://www.abc.net.au/triplejunearthed/artist/coby-jay,coby-jay,2026-04-25T09:07:31+00:00,2026-04-25T09:27:47+00:00,discovery
https://www.abc.net.au/triplejunearthed/artist/ruby-jackson,ruby-jackson,2026-04-25T09:07:31+00:00,2026-04-25T09:27:47+00:00,discovery
https://www.abc.net.au/triplejunearthed/artist/katiebates,katiebates,2026-04-25T09:07:31+00:00,2026-04-25T09:27:47+00:00,discovery
https://www.abc.net.au/triplejunearthed/artist/albi,albi,2026-04-25T09:07:31+00:00,2026-04-25T09:27:47+00:00,discovery
https://www.abc.net.au/triplejunearthed/artist/aykamira,aykamira,2026-04-25T09:07:31+00:00,2026-04-25T09:27:47+00:00,discovery
https://www.abc.net.au/triplejunearthed/artist/the-torpedoes-band,the-torpedoes-band,2026-04-25T09:07:31+00:00,2026-04-25T09:27:47+00:00,discovery
https://www.abc.net.au/triplejunearthed/artist/migsy,migsy,2026-04-25T09:07:31+00:00,2026-04-25T09:27:47+00:00,discovery
https://www.abc.net.au/triplejunearthed/artist/emily-chen,emily-chen,2026-04-25T09:07:31+00:00,2026-04-25T09:27:47+00:00,discovery
https://www.abc.net.au/triplejunearthed/artist/ajay-gallagher,ajay-gallagher,2026-04-25T09:07:31+00:00,2026-04-25T09:27:47+00:00,discovery
https://www.abc.net.au/triplejunearthed/artist/apollow,apollow,2026-04-25T09:07:31+00:00,2026-04-25T09:27:47+00:00,discovery
https://www.abc.net.au/triplejunearthed/artist/n1-navo,n1-navo,2026-04-25T09:07:31+00:00,2026-04-25T09:27:47+00:00,discovery
https://www.abc.net.au/triplejunearthed/artist/linkxofficial,linkxofficial,2026-04-25T09:07:31+00:00,2026-04-25T09:27:47+00:00,discovery
https://www.abc.net.au/triplejunearthed/artist/404koby,404koby,2026-04-25T09:07:36+00:00,2026-04-25T09:27:50+00:00,discovery
https://www.abc.net.au/triplejunearthed/artist/xonvus,xonvus,2026-04-25T09:07:36+00:00,2026-04-25T09:27:50+00:00,discovery
https://www.abc.net.au/triplejunearthed/artist/31mods,31mods,2026-04-25T09:07:36+00:00,2026-04-25T09:27:50+00:00,discovery
https://www.abc.net.au/triplejunearthed/artist/tend1e,tend1e,2026-04-25T09:07:36+00:00,2026-04-25T09:27:50+00:00,discovery
https://www.abc.net.au/triplejunearthed/artist/reallyk5ive,reallyk5ive,2026-04-25T09:07:36+00:00,2026-04-25T09:27:50+00:00,discovery
https://www.abc.net.au/triplejunearthed/artist/coco-elise,coco-elise,2026-04-25T09:07:36+00:00,2026-04-25T09:27:50+00:00,discovery
https://www.abc.net.au/triplejunearthed/artist/way-lie,way-lie,2026-04-25T09:07:36+00:00,2026-04-25T09:27:50+00:00,discovery
https://www.abc.net.au/triplejunearthed/artist/jolie-sainsbury,jolie-sainsbury,2026-04-25T09:07:36+00:00,2026-04-25T09:27:50+00:00,discovery
https://www.abc.net.au/triplejunearthed/artist/amarni,amarni,2026-04-25T09:07:36+00:00,2026-04-25T09:27:50+00:00,discovery
https://www.abc.net.au/triplejunearthed/artist/biancacampbell,biancacampbell,2026-04-25T09:07:36+00:00,2026-04-25T09:27:50+00:00,discovery
https://www.abc.net.au/triplejunearthed/artist/blood-thinners,blood-thinners,2026-04-25T09:07:36+00:00,2026-04-25T09:27:50+00:00,discovery
https://www.abc.net.au/triplejunearthed/artist/sero-brothers,sero-brothers,2026-04-25T09:07:36+00:00,2026-04-25T09:27:50+00:00,discovery
https://www.abc.net.au/triplejunearthed/artist/kelina,kelina,2026-04-25T09:07:36+00:00,2026-04-25T09:27:50+00:00,discovery
https://www.abc.net.au/triplejunearthed/artist/mincy,mincy,2026-04-25T09:07:36+00:00,2026-04-25T09:27:50+00:00,discovery
https://www.abc.net.au/triplejunearthed/artist/seqshin,seqshin,2026-04-25T09:27:54+00:00,2026-04-25T09:27:54+00:00,discovery
https://www.abc.net.au/triplejunearthed/artist/amara-maree,amara-maree,2026-04-25T09:27:54+00:00,2026-04-25T09:27:54+00:00,discovery
https://www.abc.net.au/triplejunearthed/artist/hen-e,hen-e,2026-04-25T09:27:54+00:00,2026-04-25T09:27:54+00:00,discovery
https://www.abc.net.au/triplejunearthed/artist/samantha-chard,samantha-chard,2026-04-25T09:27:54+00:00,2026-04-25T09:27:54+00:00,discovery
https://www.abc.net.au/triplejunearthed/artist/vai5000,vai5000,2026-04-25T09:27:54+00:00,2026-04-25T09:27:54+00:00,discovery
https://www.abc.net.au/triplejunearthed/artist/mdb,mdb,2026-04-25T09:27:54+00:00,2026-04-25T09:27:54+00:00,discovery
https://www.abc.net.au/triplejunearthed/artist/john-bilton,john-bilton,2026-04-25T09:27:54+00:00,2026-04-25T09:27:54+00:00,discovery
https://www.abc.net.au/triplejunearthed/artist/inc,inc,2026-04-25T09:27:54+00:00,2026-04-25T09:27:54+00:00,discovery
https://www.abc.net.au/triplejunearthed/artist/thefrankeyexperience,thefrankeyexperience,2026-04-25T09:27:54+00:00,2026-04-25T09:27:54+00:00,discovery
https://www.abc.net.au/triplejunearthed/artist/breanna,breanna,2026-04-25T09:27:54+00:00,2026-04-25T09:27:54+00:00,discovery
https://www.abc.net.au/triplejunearthed/artist/yawdoesitall,yawdoesitall,2026-04-25T09:27:54+00:00,2026-04-25T09:27:54+00:00,discovery
https://www.abc.net.au/triplejunearthed/artist/darcy-lane,darcy-lane,2026-04-25T09:27:54+00:00,2026-04-25T09:27:54+00:00,discovery
https://www.abc.net.au/triplejunearthed/artist/black-cat,black-cat,2026-04-25T09:27:54+00:00,2026-04-25T09:27:54+00:00,discovery
https://www.abc.net.au/triplejunearthed/artist/kiz-0,kiz-0,2026-04-25T09:27:54+00:00,2026-04-25T09:27:54+00:00,discovery
https://www.abc.net.au/triplejunearthed/artist/larissa-lambert,larissa-lambert,2026-04-25T09:27:54+00:00,2026-04-25T09:27:54+00:00,discovery
https://www.abc.net.au/triplejunearthed/artist/mertas,mertas,2026-04-25T09:27:58+00:00,2026-04-25T09:27:58+00:00,discovery
https://www.abc.net.au/triplejunearthed/artist/manorism,manorism,2026-04-25T09:27:58+00:00,2026-04-25T09:27:58+00:00,discovery
https://www.abc.net.au/triplejunearthed/artist/stefa6617,stefa6617,2026-04-25T09:27:58+00:00,2026-04-25T09:27:58+00:00,discovery
https://www.abc.net.au/triplejunearthed/artist/loose-content,loose-content,2026-04-25T09:27:58+00:00,2026-04-25T09:27:58+00:00,discovery
https://www.abc.net.au/triplejunearthed/artist/cowboy-simple,cowboy-simple,2026-04-25T09:27:58+00:00,2026-04-25T09:27:58+00:00,discovery
https://www.abc.net.au/triplejunearthed/artist/sonic-reducer,sonic-reducer,2026-04-25T09:27:58+00:00,2026-04-25T09:27:58+00:00,discovery
https://www.abc.net.au/triplejunearthed/artist/tasmandj,tasmandj,2026-04-25T09:27:58+00:00,2026-04-25T09:27:58+00:00,discovery
https://www.abc.net.au/triplejunearthed/artist/goosewya,goosewya,2026-04-25T09:27:58+00:00,2026-04-25T09:27:58+00:00,discovery
https://www.abc.net.au/triplejunearthed/artist/mason-dane,mason-dane,2026-04-25T09:27:58+00:00,2026-04-25T09:27:58+00:00,discovery
https://www.abc.net.au/triplejunearthed/artist/elaura,elaura,2026-04-25T09:27:58+00:00,2026-04-25T09:27:58+00:00,discovery
https://www.abc.net.au/triplejunearthed/artist/chez,chez,2026-04-25T09:27:58+00:00,2026-04-25T09:27:58+00:00,discovery
https://www.abc.net.au/triplejunearthed/artist/amara-paige,amara-paige,2026-04-25T09:27:58+00:00,2026-04-25T09:27:58+00:00,discovery
https://www.abc.net.au/triplejunearthed/artist/rowena-wise,rowena-wise,2026-04-25T09:27:58+00:00,2026-04-25T09:27:58+00:00,discovery
https://www.abc.net.au/triplejunearthed/artist/gxnxvs,gxnxvs,2026-04-25T09:27:58+00:00,2026-04-25T09:27:58+00:00,discovery
https://www.abc.net.au/triplejunearthed/artist/asha-jefferies,asha-jefferies,2026-04-25T09:27:58+00:00,2026-04-25T09:27:58+00:00,discovery
https://www.abc.net.au/triplejunearthed/artist/ktp,ktp,2026-04-25T09:28:03+00:00,2026-04-25T09:28:03+00:00,discovery
https://www.abc.net.au/triplejunearthed/artist/aria-wood,aria-wood,2026-04-25T09:28:03+00:00,2026-04-25T09:28:03+00:00,discovery
https://www.abc.net.au/triplejunearthed/artist/bybadhoax,bybadhoax,2026-04-25T09:28:03+00:00,2026-04-25T09:28:03+00:00,discovery
https://www.abc.net.au/triplejunearthed/artist/bethlucasmusic,bethlucasmusic,2026-04-25T09:28:03+00:00,2026-04-25T09:28:03+00:00,discovery
https://www.abc.net.au/triplejunearthed/artist/hot-glue,hot-glue,2026-04-25T09:28:03+00:00,2026-04-25T09:28:03+00:00,discovery
https://www.abc.net.au/triplejunearthed/artist/saranghae,saranghae,2026-04-25T09:28:03+00:00,2026-04-25T09:28:03+00:00,discovery
https://www.abc.net.au/triplejunearthed/artist/reu-music,reu-music,2026-04-25T09:28:03+00:00,2026-04-25T09:28:03+00:00,discovery
https://www.abc.net.au/triplejunearthed/artist/cardboard-cutouts,cardboard-cutouts,2026-04-25T09:28:03+00:00,2026-04-25T09:28:03+00:00,discovery
https://www.abc.net.au/triplejunearthed/artist/max-wilson-official,max-wilson-official,2026-04-25T09:28:03+00:00,2026-04-25T09:28:03+00:00,discovery
https://www.abc.net.au/triplejunearthed/artist/jonah-robertson-vallin,jonah-robertson-vallin,2026-04-25T09:28:03+00:00,2026-04-25T09:28:03+00:00,discovery
https://www.abc.net.au/triplejunearthed/artist/sp-lly,sp-lly,2026-04-25T09:28:03+00:00,2026-04-25T09:28:03+00:00,discovery
https://www.abc.net.au/triplejunearthed/artist/nat-pavlovic,nat-pavlovic,2026-04-25T09:28:03+00:00,2026-04-25T09:28:03+00:00,discovery
https://www.abc.net.au/triplejunearthed/artist/fault,fault,2026-04-25T09:28:03+00:00,2026-04-25T09:28:03+00:00,discovery
https://www.abc.net.au/triplejunearthed/artist/max-aurora-and-the-southern-lights,max-aurora-and-the-southern-lights,2026-04-25T09:28:03+00:00,2026-04-25T09:28:03+00:00,discovery
https://www.abc.net.au/triplejunearthed/artist/byaywy,byaywy,2026-04-25T09:28:07+00:00,2026-04-25T09:28:07+00:00,discovery
https://www.abc.net.au/triplejunearthed/artist/charli-rose,charli-rose,2026-04-25T09:28:07+00:00,2026-04-25T09:28:07+00:00,discovery
https://www.abc.net.au/triplejunearthed/artist/toy-saints,toy-saints,2026-04-25T09:28:07+00:00,2026-04-25T09:28:07+00:00,discovery
https://www.abc.net.au/triplejunearthed/artist/stefan-rossi,stefan-rossi,2026-04-25T09:28:07+00:00,2026-04-25T09:28:07+00:00,discovery
https://www.abc.net.au/triplejunearthed/artist/lubby,lubby,2026-04-25T09:28:07+00:00,2026-04-25T09:28:07+00:00,discovery
https://www.abc.net.au/triplejunearthed/artist/aurora-quinn,aurora-quinn,2026-04-25T09:28:07+00:00,2026-04-25T09:28:07+00:00,discovery
https://www.abc.net.au/triplejunearthed/artist/fan-girl,fan-girl,2026-04-25T09:28:07+00:00,2026-04-25T09:28:07+00:00,discovery
https://www.abc.net.au/triplejunearthed/artist/lilithband,lilithband,2026-04-25T09:28:07+00:00,2026-04-25T09:28:07+00:00,discovery
https://www.abc.net.au/triplejunearthed/artist/kyearnot,kyearnot,2026-04-25T09:28:07+00:00,2026-04-25T09:28:07+00:00,discovery
https://www.abc.net.au/triplejunearthed/artist/andrew-chen-schmeiss,andrew-chen-schmeiss,2026-04-25T09:28:07+00:00,2026-04-25T09:28:07+00:00,discovery
https://www.abc.net.au/triplejunearthed/artist/doctor-oscillator,doctor-oscillator,2026-04-25T09:28:07+00:00,2026-04-25T09:28:07+00:00,discovery
https://www.abc.net.au/triplejunearthed/artist/soulwun,soulwun,2026-04-25T09:28:07+00:00,2026-04-25T09:28:07+00:00,discovery
https://www.abc.net.au/triplejunearthed/artist/cherry-waves,cherry-waves,2026-04-25T09:28:07+00:00,2026-04-25T09:28:07+00:00,discovery
https://www.abc.net.au/triplejunearthed/artist/djanaba,djanaba,2026-04-25T09:28:07+00:00,2026-04-25T09:28:07+00:00,discovery
https://www.abc.net.au/triplejunearthed/artist/zeano,zeano,2026-04-25T09:28:07+00:00,2026-04-25T09:28:07+00:00,discovery
https://www.abc.net.au/triplejunearthed/artist/chloe-styler,chloe-styler,2026-04-25T09:28:12+00:00,2026-04-25T09:28:12+00:00,discovery
https://www.abc.net.au/triplejunearthed/artist/nervous-light,nervous-light,2026-04-25T09:28:12+00:00,2026-04-25T09:28:12+00:00,discovery
https://www.abc.net.au/triplejunearthed/artist/d-v-d,d-v-d,2026-04-25T09:28:12+00:00,2026-04-25T09:28:12+00:00,discovery
https://www.abc.net.au/triplejunearthed/artist/daniel-jay,daniel-jay,2026-04-25T09:28:12+00:00,2026-04-25T09:28:12+00:00,discovery
https://www.abc.net.au/triplejunearthed/artist/leah-senior,leah-senior,2026-04-25T09:28:12+00:00,2026-04-25T09:28:12+00:00,discovery
https://www.abc.net.au/triplejunearthed/artist/young-jye,young-jye,2026-04-25T09:28:12+00:00,2026-04-25T09:28:12+00:00,discovery
https://www.abc.net.au/triplejunearthed/artist/janie-kogan,janie-kogan,2026-04-25T09:28:12+00:00,2026-04-25T09:28:12+00:00,discovery
https://www.abc.net.au/triplejunearthed/artist/loosegooseband,loosegooseband,2026-04-25T09:28:12+00:00,2026-04-25T09:28:12+00:00,discovery
https://www.abc.net.au/triplejunearthed/artist/harry-hayes,harry-hayes,2026-04-25T09:28:12+00:00,2026-04-25T09:28:12+00:00,discovery
https://www.abc.net.au/triplejunearthed/artist/takara,takara,2026-04-25T09:28:12+00:00,2026-04-25T09:28:12+00:00,discovery
https://www.abc.net.au/triplejunearthed/artist/buzz-kull,buzz-kull,2026-04-25T09:28:12+00:00,2026-04-25T09:28:12+00:00,discovery
https://www.abc.net.au/triplejunearthed/artist/kirklandd,kirklandd,2026-04-25T09:28:12+00:00,2026-04-25T09:28:12+00:00,discovery
https://www.abc.net.au/triplejunearthed/artist/scratching,scratching,2026-04-25T09:28:12+00:00,2026-04-25T09:28:12+00:00,discovery
https://www.abc.net.au/triplejunearthed/artist/vintedvineer,vintedvineer,2026-04-25T09:28:12+00:00,2026-04-25T09:28:12+00:00,discovery
https://www.abc.net.au/triplejunearthed/artist/lxrdmc,lxrdmc,2026-04-25T09:28:12+00:00,2026-04-25T09:28:12+00:00,discovery
https://www.abc.net.au/triplejunearthed/artist/the-noggins,the-noggins,2026-04-25T09:28:12+00:00,2026-04-25T09:28:12+00:00,discovery
https://www.abc.net.au/triplejunearthed/artist/jett-blyton,jett-blyton,2026-04-25T09:28:16+00:00,2026-04-25T09:28:16+00:00,discovery
https://www.abc.net.au/triplejunearthed/artist/phiamusic,phiamusic,2026-04-25T09:28:16+00:00,2026-04-25T09:28:16+00:00,discovery
https://www.abc.net.au/triplejunearthed/artist/r3vv3d,r3vv3d,2026-04-25T09:28:16+00:00,2026-04-25T09:28:16+00:00,discovery
https://www.abc.net.au/triplejunearthed/artist/robin-adelaide,robin-adelaide,2026-04-25T09:28:16+00:00,2026-04-25T09:28:16+00:00,discovery
https://www.abc.net.au/triplejunearthed/artist/garden-eyes,garden-eyes,2026-04-25T09:28:16+00:00,2026-04-25T09:28:16+00:00,discovery
https://www.abc.net.au/triplejunearthed/artist/sollyy,sollyy,2026-04-25T09:28:16+00:00,2026-04-25T09:28:16+00:00,discovery
https://www.abc.net.au/triplejunearthed/artist/knight-saulaire,knight-saulaire,2026-04-25T09:28:16+00:00,2026-04-25T09:28:16+00:00,discovery
https://www.abc.net.au/triplejunearthed/artist/cooper-matthews,cooper-matthews,2026-04-25T09:28:16+00:00,2026-04-25T09:28:16+00:00,discovery
https://www.abc.net.au/triplejunearthed/artist/austinmackay,austinmackay,2026-04-25T09:28:16+00:00,2026-04-25T09:28:16+00:00,discovery
https://www.abc.net.au/triplejunearthed/artist/xanny,xanny,2026-04-25T09:28:16+00:00,2026-04-25T09:28:16+00:00,discovery
https://www.abc.net.au/triplejunearthed/artist/itsmyma,itsmyma,2026-04-25T09:28:16+00:00,2026-04-25T09:28:16+00:00,discovery
https://www.abc.net.au/triplejunearthed/artist/t4-1,t4-1,2026-04-25T09:28:16+00:00,2026-04-25T09:28:16+00:00,discovery
https://www.abc.net.au/triplejunearthed/artist/genezes,genezes,2026-04-25T09:28:16+00:00,2026-04-25T09:28:16+00:00,discovery
https://www.abc.net.au/triplejunearthed/artist/kenzo,kenzo,2026-04-25T09:28:16+00:00,2026-04-25T09:28:16+00:00,discovery
https://www.abc.net.au/triplejunearthed/artist/ace-lander,ace-lander,2026-04-25T09:28:16+00:00,2026-04-25T09:28:16+00:00,discovery
https://www.abc.net.au/triplejunearthed/artist/luckyisours,luckyisours,2026-04-25T09:28:20+00:00,2026-04-25T09:28:20+00:00,discovery
https://www.abc.net.au/triplejunearthed/artist/aya-shinohara,aya-shinohara,2026-04-25T09:28:20+00:00,2026-04-25T09:28:20+00:00,discovery
https://www.abc.net.au/triplejunearthed/artist/ruby-mae,ruby-mae,2026-04-25T09:28:20+00:00,2026-04-25T09:28:20+00:00,discovery
https://www.abc.net.au/triplejunearthed/artist/hektor-and-teether,hektor-and-teether,2026-04-25T09:28:20+00:00,2026-04-25T09:28:20+00:00,discovery
https://www.abc.net.au/triplejunearthed/artist/patrick-romeo,patrick-romeo,2026-04-25T09:28:20+00:00,2026-04-25T09:28:20+00:00,discovery
https://www.abc.net.au/triplejunearthed/artist/sunday-estate,sunday-estate,2026-04-25T09:28:20+00:00,2026-04-25T09:28:20+00:00,discovery
https://www.abc.net.au/triplejunearthed/artist/fr0zt,fr0zt,2026-04-25T09:28:20+00:00,2026-04-25T09:28:20+00:00,discovery
https://www.abc.net.au/triplejunearthed/artist/heyzuko,heyzuko,2026-04-25T09:28:20+00:00,2026-04-25T09:28:20+00:00,discovery
https://www.abc.net.au/triplejunearthed/artist/andrecht,andrecht,2026-04-25T09:28:20+00:00,2026-04-25T09:28:20+00:00,discovery
https://www.abc.net.au/triplejunearthed/artist/zephyrysbaum,zephyrysbaum,2026-04-25T09:28:20+00:00,2026-04-25T09:28:20+00:00,discovery
https://www.abc.net.au/triplejunearthed/artist/elke-louie,elke-louie,2026-04-25T09:28:20+00:00,2026-04-25T09:28:20+00:00,discovery
https://www.abc.net.au/triplejunearthed/artist/itszoealexis,itszoealexis,2026-04-25T09:28:20+00:00,2026-04-25T09:28:20+00:00,discovery
https://www.abc.net.au/triplejunearthed/artist/lucyshouse,lucyshouse,2026-04-25T09:28:20+00:00,2026-04-25T09:28:20+00:00,discovery
https://www.abc.net.au/triplejunearthed/artist/fletcher-holloway,fletcher-holloway,2026-04-25T09:28:20+00:00,2026-04-25T09:28:20+00:00,discovery
https://www.abc.net.au/triplejunearthed/artist/yinguray,yinguray,2026-04-25T09:28:20+00:00,2026-04-25T09:28:20+00:00,discovery
https://www.abc.net.au/triplejunearthed/artist/rosie-light,rosie-light,2026-04-25T09:28:20+00:00,2026-04-25T09:28:20+00:00,discovery
https://www.abc.net.au/triplejunearthed/artist/maxon,maxon,2026-04-25T09:28:24+00:00,2026-04-25T09:28:24+00:00,discovery
https://www.abc.net.au/triplejunearthed/artist/katierichardsmusic,katierichardsmusic,2026-04-25T09:28:24+00:00,2026-04-25T09:28:24+00:00,discovery
https://www.abc.net.au/triplejunearthed/artist/exit-guide,exit-guide,2026-04-25T09:28:24+00:00,2026-04-25T09:28:24+00:00,discovery
https://www.abc.net.au/triplejunearthed/artist/three-feet-down,three-feet-down,2026-04-25T09:28:24+00:00,2026-04-25T09:28:24+00:00,discovery
https://www.abc.net.au/triplejunearthed/artist/audrey-page,audrey-page,2026-04-25T09:28:24+00:00,2026-04-25T09:28:24+00:00,discovery
https://www.abc.net.au/triplejunearthed/artist/norwood,norwood,2026-04-25T09:28:24+00:00,2026-04-25T09:28:24+00:00,discovery
https://www.abc.net.au/triplejunearthed/artist/showbag,showbag,2026-04-25T09:28:25+00:00,2026-04-25T09:28:25+00:00,discovery
https://www.abc.net.au/triplejunearthed/artist/wild-rocket,wild-rocket,2026-04-25T09:28:25+00:00,2026-04-25T09:28:25+00:00,discovery
https://www.abc.net.au/triplejunearthed/artist/stevie-lillee,stevie-lillee,2026-04-25T09:28:25+00:00,2026-04-25T09:28:25+00:00,discovery
https://www.abc.net.au/triplejunearthed/artist/the-dainty-morselsband,the-dainty-morselsband,2026-04-25T09:28:25+00:00,2026-04-25T09:28:25+00:00,discovery
https://www.abc.net.au/triplejunearthed/artist/media-puzzle,media-puzzle,2026-04-25T09:28:25+00:00,2026-04-25T09:28:25+00:00,discovery
https://www.abc.net.au/triplejunearthed/artist/egoism,egoism,2026-04-25T09:28:25+00:00,2026-04-25T09:28:25+00:00,discovery
https://www.abc.net.au/triplejunearthed/artist/koko-ria,koko-ria,2026-04-25T09:28:25+00:00,2026-04-25T09:28:25+00:00,discovery
https://www.abc.net.au/triplejunearthed/artist/charlie-reyne,charlie-reyne,2026-04-25T09:28:25+00:00,2026-04-25T09:28:25+00:00,discovery
https://www.abc.net.au/triplejunearthed/artist/sf-wrens,sf-wrens,2026-04-25T09:28:25+00:00,2026-04-25T09:28:25+00:00,discovery
https://www.abc.net.au/triplejunearthed/artist/sesame-girl,sesame-girl,2026-04-25T09:28:29+00:00,2026-04-25T09:28:29+00:00,discovery
https://www.abc.net.au/triplejunearthed/artist/maxo,maxo,2026-04-25T09:28:29+00:00,2026-04-25T09:28:29+00:00,discovery
https://www.abc.net.au/triplejunearthed/artist/franjapan,franjapan,2026-04-25T09:28:29+00:00,2026-04-25T09:28:29+00:00,discovery
https://www.abc.net.au/triplejunearthed/artist/brian-dunning,brian-dunning,2026-04-25T09:28:29+00:00,2026-04-25T09:28:29+00:00,discovery
https://www.abc.net.au/triplejunearthed/artist/patrick-chung,patrick-chung,2026-04-25T09:28:29+00:00,2026-04-25T09:28:29+00:00,discovery
https://www.abc.net.au/triplejunearthed/artist/matahari,matahari,2026-04-25T09:28:29+00:00,2026-04-25T09:28:29+00:00,discovery
https://www.abc.net.au/triplejunearthed/artist/the-favourite,the-favourite,2026-04-25T09:28:29+00:00,2026-04-25T09:28:29+00:00,discovery
https://www.abc.net.au/triplejunearthed/artist/tribuckz,tribuckz,2026-04-25T09:28:29+00:00,2026-04-25T09:28:29+00:00,discovery
https://www.abc.net.au/triplejunearthed/artist/lorettathedon,lorettathedon,2026-04-25T09:28:29+00:00,2026-04-25T09:28:29+00:00,discovery
https://www.abc.net.au/triplejunearthed/artist/nooo,nooo,2026-04-25T09:28:29+00:00,2026-04-25T09:28:29+00:00,discovery
https://www.abc.net.au/triplejunearthed/artist/girlweather,girlweather,2026-04-25T09:28:29+00:00,2026-04-25T09:28:29+00:00,discovery
https://www.abc.net.au/triplejunearthed/artist/archie-rose,archie-rose,2026-04-25T09:28:29+00:00,2026-04-25T09:28:29+00:00,discovery
https://www.abc.net.au/triplejunearthed/artist/earthbound,earthbound,2026-04-25T09:28:29+00:00,2026-04-25T09:28:29+00:00,discovery
https://www.abc.net.au/triplejunearthed/artist/jane-fish,jane-fish,2026-04-25T09:28:29+00:00,2026-04-25T09:28:29+00:00,discovery
https://www.abc.net.au/triplejunearthed/artist/christine-greaves,christine-greaves,2026-04-25T09:28:29+00:00,2026-04-25T09:28:29+00:00,discovery
https://www.abc.net.au/triplejunearthed/artist/austin-cleary,austin-cleary,2026-04-25T09:28:34+00:00,2026-04-25T09:28:34+00:00,discovery
https://www.abc.net.au/triplejunearthed/artist/bilby-brave,bilby-brave,2026-04-25T09:28:34+00:00,2026-04-25T09:28:34+00:00,discovery
https://www.abc.net.au/triplejunearthed/artist/divedown,divedown,2026-04-25T09:28:34+00:00,2026-04-25T09:28:34+00:00,discovery
https://www.abc.net.au/triplejunearthed/artist/rigby,rigby,2026-04-25T09:28:34+00:00,2026-04-25T09:28:34+00:00,discovery
https://www.abc.net.au/triplejunearthed/artist/crimes,crimes,2026-04-25T09:28:34+00:00,2026-04-25T09:28:34+00:00,discovery
https://www.abc.net.au/triplejunearthed/artist/chloe-parche,chloe-parche,2026-04-25T09:28:34+00:00,2026-04-25T09:28:34+00:00,discovery
https://www.abc.net.au/triplejunearthed/artist/jan-smalec,jan-smalec,2026-04-25T09:28:34+00:00,2026-04-25T09:28:34+00:00,discovery
https://www.abc.net.au/triplejunearthed/artist/yunotyrese,yunotyrese,2026-04-25T09:28:34+00:00,2026-04-25T09:28:34+00:00,discovery
https://www.abc.net.au/triplejunearthed/artist/lily-georgia,lily-georgia,2026-04-25T09:28:34+00:00,2026-04-25T09:28:34+00:00,discovery
https://www.abc.net.au/triplejunearthed/artist/noisetheband,noisetheband,2026-04-25T09:28:34+00:00,2026-04-25T09:28:34+00:00,discovery
https://www.abc.net.au/triplejunearthed/artist/dawson,dawson,2026-04-25T09:28:34+00:00,2026-04-25T09:28:34+00:00,discovery
https://www.abc.net.au/triplejunearthed/artist/pashtheband,pashtheband,2026-04-25T09:28:34+00:00,2026-04-25T09:28:34+00:00,discovery
https://www.abc.net.au/triplejunearthed/artist/miya-zawa,miya-zawa,2026-04-25T09:28:34+00:00,2026-04-25T09:28:34+00:00,discovery
https://www.abc.net.au/triplejunearthed/artist/prodbyallinson,prodbyallinson,2026-04-25T09:28:34+00:00,2026-04-25T09:28:34+00:00,discovery
https://www.abc.net.au/triplejunearthed/artist/jason-kearney,jason-kearney,2026-04-25T09:28:34+00:00,2026-04-25T09:28:34+00:00,discovery
https://www.abc.net.au/triplejunearthed/artist/brazen-barbie,brazen-barbie,2026-04-25T09:28:39+00:00,2026-04-25T09:28:39+00:00,discovery
https://www.abc.net.au/triplejunearthed/artist/the-screamagers,the-screamagers,2026-04-25T09:28:39+00:00,2026-04-25T09:28:39+00:00,discovery
https://www.abc.net.au/triplejunearthed/artist/fletcher-grace,fletcher-grace,2026-04-25T09:28:39+00:00,2026-04-25T09:28:39+00:00,discovery
https://www.abc.net.au/triplejunearthed/artist/sami-0,sami-0,2026-04-25T09:28:39+00:00,2026-04-25T09:28:39+00:00,discovery
https://www.abc.net.au/triplejunearthed/artist/mulishus,mulishus,2026-04-25T09:28:39+00:00,2026-04-25T09:28:39+00:00,discovery
https://www.abc.net.au/triplejunearthed/artist/miranda-vs-arizona,miranda-vs-arizona,2026-04-25T09:28:39+00:00,2026-04-25T09:28:39+00:00,discovery
https://www.abc.net.au/triplejunearthed/artist/rose-white,rose-white,2026-04-25T09:28:39+00:00,2026-04-25T09:28:39+00:00,discovery
https://www.abc.net.au/triplejunearthed/artist/nick-marcus,nick-marcus,2026-04-25T09:28:39+00:00,2026-04-25T09:28:39+00:00,discovery
https://www.abc.net.au/triplejunearthed/artist/harvey,harvey,2026-04-25T09:28:39+00:00,2026-04-25T09:28:39+00:00,discovery
https://www.abc.net.au/triplejunearthed/artist/antony-pearse,antony-pearse,2026-04-25T09:28:39+00:00,2026-04-25T09:28:39+00:00,discovery
https://www.abc.net.au/triplejunearthed/artist/groj,groj,2026-04-25T09:28:39+00:00,2026-04-25T09:28:39+00:00,discovery
https://www.abc.net.au/triplejunearthed/artist/matthew-nguyen,matthew-nguyen,2026-04-25T09:28:39+00:00,2026-04-25T09:28:39+00:00,discovery
https://www.abc.net.au/triplejunearthed/artist/ice-elk,ice-elk,2026-04-25T09:28:42+00:00,2026-04-25T09:28:42+00:00,discovery
https://www.abc.net.au/triplejunearthed/artist/eyeblind,eyeblind,2026-04-25T09:28:42+00:00,2026-04-25T09:28:42+00:00,discovery
https://www.abc.net.au/triplejunearthed/artist/cross-eyed-lover,cross-eyed-lover,2026-04-25T09:28:42+00:00,2026-04-25T09:28:42+00:00,discovery
https://www.abc.net.au/triplejunearthed/artist/tylerrogers,tylerrogers,2026-04-25T09:28:42+00:00,2026-04-25T09:28:42+00:00,discovery
https://www.abc.net.au/triplejunearthed/artist/indiana-lewis,indiana-lewis,2026-04-25T09:28:42+00:00,2026-04-25T09:28:42+00:00,discovery
https://www.abc.net.au/triplejunearthed/artist/black-bling,black-bling,2026-04-25T09:28:42+00:00,2026-04-25T09:28:42+00:00,discovery
https://www.abc.net.au/triplejunearthed/artist/lupo-theboy,lupo-theboy,2026-04-25T09:28:42+00:00,2026-04-25T09:28:42+00:00,discovery
https://www.abc.net.au/triplejunearthed/artist/k-e-n-t-e-b-e-e,k-e-n-t-e-b-e-e,2026-04-25T09:28:42+00:00,2026-04-25T09:28:42+00:00,discovery
https://www.abc.net.au/triplejunearthed/artist/bigmercy,bigmercy,2026-04-25T09:28:42+00:00,2026-04-25T09:28:42+00:00,discovery
https://www.abc.net.au/triplejunearthed/artist/lifeofshira,lifeofshira,2026-04-25T09:28:42+00:00,2026-04-25T09:28:42+00:00,discovery
https://www.abc.net.au/triplejunearthed/artist/the-gnomes,the-gnomes,2026-04-25T09:28:42+00:00,2026-04-25T09:28:42+00:00,discovery
https://www.abc.net.au/triplejunearthed/artist/lola-kidd,lola-kidd,2026-04-25T09:28:42+00:00,2026-04-25T09:28:42+00:00,discovery
https://www.abc.net.au/triplejunearthed/artist/swisher-j,swisher-j,2026-04-25T09:28:47+00:00,2026-04-25T09:28:47+00:00,discovery
https://www.abc.net.au/triplejunearthed/artist/kumi,kumi,2026-04-25T09:28:47+00:00,2026-04-25T09:28:47+00:00,discovery
https://www.abc.net.au/triplejunearthed/artist/jasmine-golden,jasmine-golden,2026-04-25T09:28:47+00:00,2026-04-25T09:28:47+00:00,discovery
https://www.abc.net.au/triplejunearthed/artist/nathan-wong,nathan-wong,2026-04-25T09:28:47+00:00,2026-04-25T09:28:47+00:00,discovery
https://www.abc.net.au/triplejunearthed/artist/electric-avenue,electric-avenue,2026-04-25T09:28:47+00:00,2026-04-25T09:28:47+00:00,discovery
https://www.abc.net.au/triplejunearthed/artist/sunday-mistake,sunday-mistake,2026-04-25T09:28:47+00:00,2026-04-25T09:28:47+00:00,discovery
https://www.abc.net.au/triplejunearthed/artist/saie,saie,2026-04-25T09:28:47+00:00,2026-04-25T09:28:47+00:00,discovery
https://www.abc.net.au/triplejunearthed/artist/boukabou,boukabou,2026-04-25T09:28:47+00:00,2026-04-25T09:28:47+00:00,discovery
https://www.abc.net.au/triplejunearthed/artist/world-caruso,world-caruso,2026-04-25T09:28:47+00:00,2026-04-25T09:28:47+00:00,discovery
https://www.abc.net.au/triplejunearthed/artist/laura-and-the-hell-cutz,laura-and-the-hell-cutz,2026-04-25T09:28:47+00:00,2026-04-25T09:28:47+00:00,discovery
https://www.abc.net.au/triplejunearthed/artist/belac,belac,2026-04-25T09:28:47+00:00,2026-04-25T09:28:47+00:00,discovery
https://www.abc.net.au/triplejunearthed/artist/the-zon,the-zon,2026-04-25T09:28:47+00:00,2026-04-25T09:28:47+00:00,discovery
https://www.abc.net.au/triplejunearthed/artist/savanna-kate-0,savanna-kate-0,2026-04-25T09:28:47+00:00,2026-04-25T09:28:47+00:00,discovery
https://www.abc.net.au/triplejunearthed/artist/lowbrain,lowbrain,2026-04-25T09:28:47+00:00,2026-04-25T09:28:47+00:00,discovery
https://www.abc.net.au/triplejunearthed/artist/myki-jay,myki-jay,2026-04-25T09:28:51+00:00,2026-04-25T09:28:51+00:00,discovery
https://www.abc.net.au/triplejunearthed/artist/dp,dp,2026-04-25T09:28:51+00:00,2026-04-25T09:28:51+00:00,discovery
https://www.abc.net.au/triplejunearthed/artist/michael-caird,michael-caird,2026-04-25T09:28:51+00:00,2026-04-25T09:28:51+00:00,discovery
https://www.abc.net.au/triplejunearthed/artist/thomas003,thomas003,2026-04-25T09:28:51+00:00,2026-04-25T09:28:51+00:00,discovery
https://www.abc.net.au/triplejunearthed/artist/miles-nautu,miles-nautu,2026-04-25T09:28:51+00:00,2026-04-25T09:28:51+00:00,discovery
https://www.abc.net.au/triplejunearthed/artist/aisa,aisa,2026-04-25T09:28:51+00:00,2026-04-25T09:28:51+00:00,discovery
https://www.abc.net.au/triplejunearthed/artist/cd-boy,cd-boy,2026-04-25T09:28:51+00:00,2026-04-25T09:28:51+00:00,discovery
https://www.abc.net.au/triplejunearthed/artist/bjear,bjear,2026-04-25T09:28:51+00:00,2026-04-25T09:28:51+00:00,discovery
https://www.abc.net.au/triplejunearthed/artist/alumnye,alumnye,2026-04-25T09:28:51+00:00,2026-04-25T09:28:51+00:00,discovery
https://www.abc.net.au/triplejunearthed/artist/velatine,velatine,2026-04-25T09:28:51+00:00,2026-04-25T09:28:51+00:00,discovery
https://www.abc.net.au/triplejunearthed/artist/rodent-asteroid,rodent-asteroid,2026-04-25T09:28:51+00:00,2026-04-25T09:28:51+00:00,discovery
https://www.abc.net.au/triplejunearthed/artist/samm-i-am,samm-i-am,2026-04-25T09:28:51+00:00,2026-04-25T09:28:51+00:00,discovery
https://www.abc.net.au/triplejunearthed/artist/rodney-starfishband,rodney-starfishband,2026-04-25T09:28:51+00:00,2026-04-25T09:28:51+00:00,discovery
https://www.abc.net.au/triplejunearthed/artist/nrkade,nrkade,2026-04-25T09:28:51+00:00,2026-04-25T09:28:51+00:00,discovery
https://www.abc.net.au/triplejunearthed/artist/prudns,prudns,2026-04-25T09:28:51+00:00,2026-04-25T09:28:51+00:00,discovery
https://www.abc.net.au/triplejunearthed/artist/foustino,foustino,2026-04-25T09:28:51+00:00,2026-04-25T09:28:51+00:00,discovery
https://www.abc.net.au/triplejunearthed/artist/stelle,stelle,2026-04-25T09:28:51+00:00,2026-04-25T09:28:51+00:00,discovery
https://www.abc.net.au/triplejunearthed/artist/amateur-horror,amateur-horror,2026-04-25T09:28:51+00:00,2026-04-25T09:28:51+00:00,discovery
https://www.abc.net.au/triplejunearthed/artist/grace-vandals,grace-vandals,2026-04-25T09:28:56+00:00,2026-04-25T09:28:56+00:00,discovery
https://www.abc.net.au/triplejunearthed/artist/conversationalists,conversationalists,2026-04-25T09:28:56+00:00,2026-04-25T09:28:56+00:00,discovery
https://www.abc.net.au/triplejunearthed/artist/1flame,1flame,2026-04-25T09:28:56+00:00,2026-04-25T09:28:56+00:00,discovery
https://www.abc.net.au/triplejunearthed/artist/caressa,caressa,2026-04-25T09:28:56+00:00,2026-04-25T09:28:56+00:00,discovery
https://www.abc.net.au/triplejunearthed/artist/mell-hall,mell-hall,2026-04-25T09:28:56+00:00,2026-04-25T09:28:56+00:00,discovery
https://www.abc.net.au/triplejunearthed/artist/gabrielstrachan,gabrielstrachan,2026-04-25T09:28:56+00:00,2026-04-25T09:28:56+00:00,discovery
https://www.abc.net.au/triplejunearthed/artist/no-yet,no-yet,2026-04-25T09:28:56+00:00,2026-04-25T09:28:56+00:00,discovery
https://www.abc.net.au/triplejunearthed/artist/mitch-santiago,mitch-santiago,2026-04-25T09:28:56+00:00,2026-04-25T09:28:56+00:00,discovery
https://www.abc.net.au/triplejunearthed/artist/fragile-animals,fragile-animals,2026-04-25T09:28:56+00:00,2026-04-25T09:28:56+00:00,discovery
https://www.abc.net.au/triplejunearthed/artist/the-secret-legacy,the-secret-legacy,2026-04-25T09:28:56+00:00,2026-04-25T09:28:56+00:00,discovery
https://www.abc.net.au/triplejunearthed/artist/jeremy-hanley,jeremy-hanley,2026-04-25T09:28:56+00:00,2026-04-25T09:28:56+00:00,discovery
https://www.abc.net.au/triplejunearthed/artist/new-delica,new-delica,2026-04-25T09:28:56+00:00,2026-04-25T09:28:56+00:00,discovery
https://www.abc.net.au/triplejunearthed/artist/ball-bass-john,ball-bass-john,2026-04-25T09:28:56+00:00,2026-04-25T09:28:56+00:00,discovery
https://www.abc.net.au/triplejunearthed/artist/major-mack-0,major-mack-0,2026-04-25T09:28:56+00:00,2026-04-25T09:28:56+00:00,discovery
https://www.abc.net.au/triplejunearthed/artist/hannah-potter,hannah-potter,2026-04-25T09:28:56+00:00,2026-04-25T09:28:56+00:00,discovery
https://www.abc.net.au/triplejunearthed/artist/amelia-scacchitti,amelia-scacchitti,2026-04-25T09:28:56+00:00,2026-04-25T09:28:56+00:00,discovery
https://www.abc.net.au/triplejunearthed/artist/josie-mann1,josie-mann1,2026-04-25T09:29:00+00:00,2026-04-25T09:29:00+00:00,discovery
https://www.abc.net.au/triplejunearthed/artist/treebrother,treebrother,2026-04-25T09:29:00+00:00,2026-04-25T09:29:00+00:00,discovery
https://www.abc.net.au/triplejunearthed/artist/elizabeth-anna,elizabeth-anna,2026-04-25T09:29:00+00:00,2026-04-25T09:29:00+00:00,discovery
https://www.abc.net.au/triplejunearthed/artist/qu1nnix,qu1nnix,2026-04-25T09:29:00+00:00,2026-04-25T09:29:00+00:00,discovery
https://www.abc.net.au/triplejunearthed/artist/evolsleep,evolsleep,2026-04-25T09:29:00+00:00,2026-04-25T09:29:00+00:00,discovery
https://www.abc.net.au/triplejunearthed/artist/linoradrive,linoradrive,2026-04-25T09:29:00+00:00,2026-04-25T09:29:00+00:00,discovery
https://www.abc.net.au/triplejunearthed/artist/cuckoo-coco,cuckoo-coco,2026-04-25T09:29:00+00:00,2026-04-25T09:29:00+00:00,discovery
https://www.abc.net.au/triplejunearthed/artist/sidney-phillips,sidney-phillips,2026-04-25T09:29:00+00:00,2026-04-25T09:29:00+00:00,discovery
https://www.abc.net.au/triplejunearthed/artist/emjaysoul,emjaysoul,2026-04-25T09:29:00+00:00,2026-04-25T09:29:00+00:00,discovery
https://www.abc.net.au/triplejunearthed/artist/after-elke,after-elke,2026-04-25T09:29:00+00:00,2026-04-25T09:29:00+00:00,discovery
https://www.abc.net.au/triplejunearthed/artist/katefleminghome,katefleminghome,2026-04-25T09:29:00+00:00,2026-04-25T09:29:00+00:00,discovery
https://www.abc.net.au/triplejunearthed/artist/delphia,delphia,2026-04-25T09:29:00+00:00,2026-04-25T09:29:00+00:00,discovery
https://www.abc.net.au/triplejunearthed/artist/imogen-jade,imogen-jade,2026-04-25T09:29:00+00:00,2026-04-25T09:29:00+00:00,discovery
https://www.abc.net.au/triplejunearthed/artist/ycyxofficial,ycyxofficial,2026-04-25T09:29:06+00:00,2026-04-25T09:29:06+00:00,discovery
https://www.abc.net.au/triplejunearthed/artist/grace-luisa,grace-luisa,2026-04-25T09:29:06+00:00,2026-04-25T09:29:06+00:00,discovery
https://www.abc.net.au/triplejunearthed/artist/delilah-cross,delilah-cross,2026-04-25T09:29:06+00:00,2026-04-25T09:29:06+00:00,discovery
https://www.abc.net.au/triplejunearthed/artist/rory-mckenna-music,rory-mckenna-music,2026-04-25T09:29:06+00:00,2026-04-25T09:29:06+00:00,discovery
https://www.abc.net.au/triplejunearthed/artist/ede-b,ede-b,2026-04-25T09:29:06+00:00,2026-04-25T09:29:06+00:00,discovery
https://www.abc.net.au/triplejunearthed/artist/censored,censored,2026-04-25T09:29:06+00:00,2026-04-25T09:29:06+00:00,discovery
https://www.abc.net.au/triplejunearthed/artist/amy-elizabeth,amy-elizabeth,2026-04-25T09:29:06+00:00,2026-04-25T09:29:06+00:00,discovery
https://www.abc.net.au/triplejunearthed/artist/j-complex,j-complex,2026-04-25T09:29:06+00:00,2026-04-25T09:29:06+00:00,discovery
https://www.abc.net.au/triplejunearthed/artist/etheriousjoshy,etheriousjoshy,2026-04-25T09:29:06+00:00,2026-04-25T09:29:06+00:00,discovery
https://www.abc.net.au/triplejunearthed/artist/artists-for-suicide-prevention,artists-for-suicide-prevention,2026-04-25T09:29:06+00:00,2026-04-25T09:29:06+00:00,discovery
https://www.abc.net.au/triplejunearthed/artist/dirty-murks,dirty-murks,2026-04-25T09:29:06+00:00,2026-04-25T09:29:06+00:00,discovery
https://www.abc.net.au/triplejunearthed/artist/clean-coil,clean-coil,2026-04-25T09:29:06+00:00,2026-04-25T09:29:06+00:00,discovery
https://www.abc.net.au/triplejunearthed/artist/nate-vae-official,nate-vae-official,2026-04-25T09:29:06+00:00,2026-04-25T09:29:06+00:00,discovery
https://www.abc.net.au/triplejunearthed/artist/st-denis,st-denis,2026-04-25T09:29:06+00:00,2026-04-25T09:29:06+00:00,discovery
https://www.abc.net.au/triplejunearthed/artist/tkrat,tkrat,2026-04-25T09:29:06+00:00,2026-04-25T09:29:06+00:00,discovery
https://www.abc.net.au/triplejunearthed/artist/hydrangea,hydrangea,2026-04-25T09:29:10+00:00,2026-04-25T09:29:10+00:00,discovery
https://www.abc.net.au/triplejunearthed/artist/amino,amino,2026-04-25T09:29:10+00:00,2026-04-25T09:29:10+00:00,discovery
https://www.abc.net.au/triplejunearthed/artist/benno,benno,2026-04-25T09:29:10+00:00,2026-04-25T09:29:10+00:00,discovery
https://www.abc.net.au/triplejunearthed/artist/emeraldpaivai,emeraldpaivai,2026-04-25T09:29:10+00:00,2026-04-25T09:29:10+00:00,discovery
https://www.abc.net.au/triplejunearthed/artist/serious-crew,serious-crew,2026-04-25T09:29:10+00:00,2026-04-25T09:29:10+00:00,discovery
https://www.abc.net.au/triplejunearthed/artist/billy-smith,billy-smith,2026-04-25T09:29:10+00:00,2026-04-25T09:29:10+00:00,discovery
https://www.abc.net.au/triplejunearthed/artist/flynnkiely,flynnkiely,2026-04-25T09:29:10+00:00,2026-04-25T09:29:10+00:00,discovery
https://www.abc.net.au/triplejunearthed/artist/amelia-adler,amelia-adler,2026-04-25T09:29:10+00:00,2026-04-25T09:29:10+00:00,discovery
https://www.abc.net.au/triplejunearthed/artist/fifth-valley,fifth-valley,2026-04-25T09:29:10+00:00,2026-04-25T09:29:10+00:00,discovery
https://www.abc.net.au/triplejunearthed/artist/hati-hari,hati-hari,2026-04-25T09:29:10+00:00,2026-04-25T09:29:10+00:00,discovery
https://www.abc.net.au/triplejunearthed/artist/arianna,arianna,2026-04-25T09:29:10+00:00,2026-04-25T09:29:10+00:00,discovery
https://www.abc.net.au/triplejunearthed/artist/altav,altav,2026-04-25T09:29:10+00:00,2026-04-25T09:29:10+00:00,discovery
https://www.abc.net.au/triplejunearthed/artist/sosure,sosure,2026-04-25T09:29:10+00:00,2026-04-25T09:29:10+00:00,discovery
https://www.abc.net.au/triplejunearthed/artist/asher-iyer,asher-iyer,2026-04-25T09:29:10+00:00,2026-04-25T09:29:10+00:00,discovery
https://www.abc.net.au/triplejunearthed/artist/matt-carroll,matt-carroll,2026-04-25T09:29:15+00:00,2026-04-25T09:29:15+00:00,discovery
https://www.abc.net.au/triplejunearthed/artist/zachariah-tazewell,zachariah-tazewell,2026-04-25T09:29:15+00:00,2026-04-25T09:29:15+00:00,discovery
https://www.abc.net.au/triplejunearthed/artist/isabella-richardson,isabella-richardson,2026-04-25T09:29:15+00:00,2026-04-25T09:29:15+00:00,discovery
https://www.abc.net.au/triplejunearthed/artist/domesticated-incels,domesticated-incels,2026-04-25T09:29:15+00:00,2026-04-25T09:29:15+00:00,discovery
https://www.abc.net.au/triplejunearthed/artist/zanda-elwood,zanda-elwood,2026-04-25T09:29:15+00:00,2026-04-25T09:29:15+00:00,discovery
https://www.abc.net.au/triplejunearthed/artist/bernardkneipp,bernardkneipp,2026-04-25T09:29:15+00:00,2026-04-25T09:29:15+00:00,discovery
https://www.abc.net.au/triplejunearthed/artist/snakeorangecake,snakeorangecake,2026-04-25T09:29:15+00:00,2026-04-25T09:29:15+00:00,discovery
https://www.abc.net.au/triplejunearthed/artist/n9w,n9w,2026-04-25T09:29:15+00:00,2026-04-25T09:29:15+00:00,discovery
https://www.abc.net.au/triplejunearthed/artist/karianne,karianne,2026-04-25T09:29:15+00:00,2026-04-25T09:29:15+00:00,discovery
https://www.abc.net.au/triplejunearthed/artist/true-song-addict,true-song-addict,2026-04-25T09:29:15+00:00,2026-04-25T09:29:15+00:00,discovery
https://www.abc.net.au/triplejunearthed/artist/hollowson,hollowson,2026-04-25T09:29:15+00:00,2026-04-25T09:29:15+00:00,discovery
https://www.abc.net.au/triplejunearthed/artist/aaliyah,aaliyah,2026-04-25T09:29:15+00:00,2026-04-25T09:29:15+00:00,discovery
https://www.abc.net.au/triplejunearthed/artist/tonjra,tonjra,2026-04-25T09:29:15+00:00,2026-04-25T09:29:15+00:00,discovery
https://www.abc.net.au/triplejunearthed/artist/divan,divan,2026-04-25T09:29:15+00:00,2026-04-25T09:29:15+00:00,discovery
https://www.abc.net.au/triplejunearthed/artist/bbanner,bbanner,2026-04-25T09:29:21+00:00,2026-04-25T09:29:21+00:00,discovery
https://www.abc.net.au/triplejunearthed/artist/official-jd,official-jd,2026-04-25T09:29:21+00:00,2026-04-25T09:29:21+00:00,discovery
https://www.abc.net.au/triplejunearthed/artist/salty-season,salty-season,2026-04-25T09:29:21+00:00,2026-04-25T09:29:21+00:00,discovery
https://www.abc.net.au/triplejunearthed/artist/randy-biscuit,randy-biscuit,2026-04-25T09:29:21+00:00,2026-04-25T09:29:21+00:00,discovery
https://www.abc.net.au/triplejunearthed/artist/theshoelesskids,theshoelesskids,2026-04-25T09:29:21+00:00,2026-04-25T09:29:21+00:00,discovery
https://www.abc.net.au/triplejunearthed/artist/garpac,garpac,2026-04-25T09:29:21+00:00,2026-04-25T09:29:21+00:00,discovery
https://www.abc.net.au/triplejunearthed/artist/deluna,deluna,2026-04-25T09:29:21+00:00,2026-04-25T09:29:21+00:00,discovery
https://www.abc.net.au/triplejunearthed/artist/stellar-moon,stellar-moon,2026-04-25T09:29:21+00:00,2026-04-25T09:29:21+00:00,discovery
https://www.abc.net.au/triplejunearthed/artist/rushy-reynolds,rushy-reynolds,2026-04-25T09:29:21+00:00,2026-04-25T09:29:21+00:00,discovery
https://www.abc.net.au/triplejunearthed/artist/prchrmusic,prchrmusic,2026-04-25T09:29:21+00:00,2026-04-25T09:29:21+00:00,discovery
https://www.abc.net.au/triplejunearthed/artist/heavy-impressions,heavy-impressions,2026-04-25T09:29:21+00:00,2026-04-25T09:29:21+00:00,discovery
https://www.abc.net.au/triplejunearthed/artist/anglerr,anglerr,2026-04-25T09:29:21+00:00,2026-04-25T09:29:21+00:00,discovery
https://www.abc.net.au/triplejunearthed/artist/thank-u-pleaseband,thank-u-pleaseband,2026-04-25T09:29:21+00:00,2026-04-25T09:29:21+00:00,discovery
https://www.abc.net.au/triplejunearthed/artist/george-le-blond-james,george-le-blond-james,2026-04-25T09:29:21+00:00,2026-04-25T09:29:21+00:00,discovery
https://www.abc.net.au/triplejunearthed/artist/mhater,mhater,2026-04-25T09:29:21+00:00,2026-04-25T09:29:21+00:00,discovery
https://www.abc.net.au/triplejunearthed/artist/jude-korab,jude-korab,2026-04-25T09:29:26+00:00,2026-04-25T09:29:26+00:00,discovery
https://www.abc.net.au/triplejunearthed/artist/sam-berdt,sam-berdt,2026-04-25T09:29:26+00:00,2026-04-25T09:29:26+00:00,discovery
https://www.abc.net.au/triplejunearthed/artist/stratstrat,stratstrat,2026-04-25T09:29:26+00:00,2026-04-25T09:29:26+00:00,discovery
https://www.abc.net.au/triplejunearthed/artist/boyes-court,boyes-court,2026-04-25T09:29:26+00:00,2026-04-25T09:29:26+00:00,discovery
https://www.abc.net.au/triplejunearthed/artist/opaline-iv,opaline-iv,2026-04-25T09:29:26+00:00,2026-04-25T09:29:26+00:00,discovery
https://www.abc.net.au/triplejunearthed/artist/social-afterparty,social-afterparty,2026-04-25T09:29:26+00:00,2026-04-25T09:29:26+00:00,discovery
https://www.abc.net.au/triplejunearthed/artist/spacerhead,spacerhead,2026-04-25T09:29:26+00:00,2026-04-25T09:29:26+00:00,discovery
https://www.abc.net.au/triplejunearthed/artist/milla-joder,milla-joder,2026-04-25T09:29:26+00:00,2026-04-25T09:29:26+00:00,discovery
https://www.abc.net.au/triplejunearthed/artist/julienne-harvey,julienne-harvey,2026-04-25T09:29:26+00:00,2026-04-25T09:29:26+00:00,discovery
https://www.abc.net.au/triplejunearthed/artist/jacob-scruton,jacob-scruton,2026-04-25T09:29:26+00:00,2026-04-25T09:29:26+00:00,discovery
https://www.abc.net.au/triplejunearthed/artist/zerozerozero,zerozerozero,2026-04-25T09:29:26+00:00,2026-04-25T09:29:26+00:00,discovery
https://www.abc.net.au/triplejunearthed/artist/xenia-apostolov,xenia-apostolov,2026-04-25T09:29:26+00:00,2026-04-25T09:29:26+00:00,discovery
https://www.abc.net.au/triplejunearthed/artist/dice-3,dice-3,2026-04-25T09:29:26+00:00,2026-04-25T09:29:26+00:00,discovery
https://www.abc.net.au/triplejunearthed/artist/shylead,shylead,2026-04-25T09:29:26+00:00,2026-04-25T09:29:26+00:00,discovery
https://www.abc.net.au/triplejunearthed/artist/madi-creecy,madi-creecy,2026-04-25T09:29:32+00:00,2026-04-25T09:29:32+00:00,discovery
https://www.abc.net.au/triplejunearthed/artist/dropics,dropics,2026-04-25T09:29:32+00:00,2026-04-25T09:29:32+00:00,discovery
https://www.abc.net.au/triplejunearthed/artist/wack-mammoth,wack-mammoth,2026-04-25T09:29:32+00:00,2026-04-25T09:29:32+00:00,discovery
https://www.abc.net.au/triplejunearthed/artist/addz,addz,2026-04-25T09:29:32+00:00,2026-04-25T09:29:32+00:00,discovery
https://www.abc.net.au/triplejunearthed/artist/hakido,hakido,2026-04-25T09:29:32+00:00,2026-04-25T09:29:32+00:00,discovery
https://www.abc.net.au/triplejunearthed/artist/the-loggerheads,the-loggerheads,2026-04-25T09:29:32+00:00,2026-04-25T09:29:32+00:00,discovery
https://www.abc.net.au/triplejunearthed/artist/sunken-sea,sunken-sea,2026-04-25T09:29:32+00:00,2026-04-25T09:29:32+00:00,discovery
https://www.abc.net.au/triplejunearthed/artist/daydrunk,daydrunk,2026-04-25T09:29:32+00:00,2026-04-25T09:29:32+00:00,discovery
https://www.abc.net.au/triplejunearthed/artist/pickle-juice,pickle-juice,2026-04-25T09:29:32+00:00,2026-04-25T09:29:32+00:00,discovery
https://www.abc.net.au/triplejunearthed/artist/ameya-prince,ameya-prince,2026-04-25T09:29:32+00:00,2026-04-25T09:29:32+00:00,discovery
https://www.abc.net.au/triplejunearthed/artist/crocodylus,crocodylus,2026-04-25T09:29:32+00:00,2026-04-25T09:29:32+00:00,discovery
https://www.abc.net.au/triplejunearthed/artist/paradise-valley,paradise-valley,2026-04-25T09:29:32+00:00,2026-04-25T09:29:32+00:00,discovery
https://www.abc.net.au/triplejunearthed/artist/bang-lasso,bang-lasso,2026-04-25T09:29:32+00:00,2026-04-25T09:29:32+00:00,discovery
https://www.abc.net.au/triplejunearthed/artist/blake-rose,blake-rose,2026-04-25T09:29:32+00:00,2026-04-25T09:29:32+00:00,discovery
https://www.abc.net.au/triplejunearthed/artist/loui-blanc,loui-blanc,2026-04-25T09:29:32+00:00,2026-04-25T09:29:32+00:00,discovery
https://www.abc.net.au/triplejunearthed/artist/don-fuzz-666,don-fuzz-666,2026-04-25T09:29:32+00:00,2026-04-25T09:29:32+00:00,discovery
https://www.abc.net.au/triplejunearthed/artist/ella-jones,ella-jones,2026-04-25T09:29:38+00:00,2026-04-25T09:29:38+00:00,discovery
https://www.abc.net.au/triplejunearthed/artist/slow-chase,slow-chase,2026-04-25T09:29:38+00:00,2026-04-25T09:29:38+00:00,discovery
https://www.abc.net.au/triplejunearthed/artist/elise-nolte,elise-nolte,2026-04-25T09:29:38+00:00,2026-04-25T09:29:38+00:00,discovery
https://www.abc.net.au/triplejunearthed/artist/uglieboy,uglieboy,2026-04-25T09:29:38+00:00,2026-04-25T09:29:38+00:00,discovery
https://www.abc.net.au/triplejunearthed/artist/and-beyond,and-beyond,2026-04-25T09:29:38+00:00,2026-04-25T09:29:38+00:00,discovery
https://www.abc.net.au/triplejunearthed/artist/young-shaq,young-shaq,2026-04-25T09:29:38+00:00,2026-04-25T09:29:38+00:00,discovery
https://www.abc.net.au/triplejunearthed/artist/crestfall,crestfall,2026-04-25T09:29:38+00:00,2026-04-25T09:29:38+00:00,discovery
https://www.abc.net.au/triplejunearthed/artist/carrez,carrez,2026-04-25T09:29:38+00:00,2026-04-25T09:29:38+00:00,discovery
https://www.abc.net.au/triplejunearthed/artist/ownlife,ownlife,2026-04-25T09:29:38+00:00,2026-04-25T09:29:38+00:00,discovery
https://www.abc.net.au/triplejunearthed/artist/serena-blue,serena-blue,2026-04-25T09:29:38+00:00,2026-04-25T09:29:38+00:00,discovery
https://www.abc.net.au/triplejunearthed/artist/mig-loren,mig-loren,2026-04-25T09:29:38+00:00,2026-04-25T09:29:38+00:00,discovery
https://www.abc.net.au/triplejunearthed/artist/the-strangers,the-strangers,2026-04-25T09:29:38+00:00,2026-04-25T09:29:38+00:00,discovery
https://www.abc.net.au/triplejunearthed/artist/luke-biscan,luke-biscan,2026-04-25T09:29:38+00:00,2026-04-25T09:29:38+00:00,discovery
https://www.abc.net.au/triplejunearthed/artist/matilda-pearl,matilda-pearl,2026-04-25T09:29:38+00:00,2026-04-25T09:29:38+00:00,discovery
https://www.abc.net.au/triplejunearthed/artist/simon-lee75,simon-lee75,2026-04-25T09:29:38+00:00,2026-04-25T09:29:38+00:00,discovery
https://www.abc.net.au/triplejunearthed/artist/marko-udovcic,marko-udovcic,2026-04-25T09:29:38+00:00,2026-04-25T09:29:38+00:00,discovery
https://www.abc.net.au/triplejunearthed/artist/pipebomb,pipebomb,2026-04-25T09:29:44+00:00,2026-04-25T09:29:44+00:00,discovery
https://www.abc.net.au/triplejunearthed/artist/jed-bentley,jed-bentley,2026-04-25T09:29:44+00:00,2026-04-25T09:29:44+00:00,discovery
https://www.abc.net.au/triplejunearthed/artist/empty-heaven,empty-heaven,2026-04-25T09:29:44+00:00,2026-04-25T09:29:44+00:00,discovery
https://www.abc.net.au/triplejunearthed/artist/toby-hobart,toby-hobart,2026-04-25T09:29:44+00:00,2026-04-25T09:29:44+00:00,discovery
https://www.abc.net.au/triplejunearthed/artist/justin-j-kelly,justin-j-kelly,2026-04-25T09:29:44+00:00,2026-04-25T09:29:44+00:00,discovery
https://www.abc.net.au/triplejunearthed/artist/becky-harris,becky-harris,2026-04-25T09:29:44+00:00,2026-04-25T09:29:44+00:00,discovery
https://www.abc.net.au/triplejunearthed/artist/solty,solty,2026-04-25T09:29:44+00:00,2026-04-25T09:29:44+00:00,discovery
https://www.abc.net.au/triplejunearthed/artist/glencoe,glencoe,2026-04-25T09:29:44+00:00,2026-04-25T09:29:44+00:00,discovery
https://www.abc.net.au/triplejunearthed/artist/oakabellamae,oakabellamae,2026-04-25T09:29:44+00:00,2026-04-25T09:29:44+00:00,discovery
https://www.abc.net.au/triplejunearthed/artist/lucy-clapperton,lucy-clapperton,2026-04-25T09:29:44+00:00,2026-04-25T09:29:44+00:00,discovery
https://www.abc.net.au/triplejunearthed/artist/evie-williams,evie-williams,2026-04-25T09:29:44+00:00,2026-04-25T09:29:44+00:00,discovery
https://www.abc.net.au/triplejunearthed/artist/people-taking-pictures,people-taking-pictures,2026-04-25T09:29:44+00:00,2026-04-25T09:29:44+00:00,discovery
https://www.abc.net.au/triplejunearthed/artist/afi-james,afi-james,2026-04-25T09:29:44+00:00,2026-04-25T09:29:44+00:00,discovery
https://www.abc.net.au/triplejunearthed/artist/vyvyan,vyvyan,2026-04-25T09:29:49+00:00,2026-04-25T09:29:49+00:00,discovery
https://www.abc.net.au/triplejunearthed/artist/missang,missang,2026-04-25T09:29:49+00:00,2026-04-25T09:29:49+00:00,discovery
https://www.abc.net.au/triplejunearthed/artist/2miller9,2miller9,2026-04-25T09:29:49+00:00,2026-04-25T09:29:49+00:00,discovery
https://www.abc.net.au/triplejunearthed/artist/thedreggs,thedreggs,2026-04-25T09:29:49+00:00,2026-04-25T09:29:49+00:00,discovery
https://www.abc.net.au/triplejunearthed/artist/tebir,tebir,2026-04-25T09:29:49+00:00,2026-04-25T09:29:49+00:00,discovery
https://www.abc.net.au/triplejunearthed/artist/dc-maxwell,dc-maxwell,2026-04-25T09:29:49+00:00,2026-04-25T09:29:49+00:00,discovery
https://www.abc.net.au/triplejunearthed/artist/ldubs0208,ldubs0208,2026-04-25T09:29:49+00:00,2026-04-25T09:29:49+00:00,discovery
https://www.abc.net.au/triplejunearthed/artist/ultravioletband,ultravioletband,2026-04-25T09:29:49+00:00,2026-04-25T09:29:49+00:00,discovery
https://www.abc.net.au/triplejunearthed/artist/dicko,dicko,2026-04-25T09:29:49+00:00,2026-04-25T09:29:49+00:00,discovery
https://www.abc.net.au/triplejunearthed/artist/flowidus,flowidus,2026-04-25T09:29:49+00:00,2026-04-25T09:29:49+00:00,discovery
https://www.abc.net.au/triplejunearthed/artist/umbra-moon,umbra-moon,2026-04-25T09:29:49+00:00,2026-04-25T09:29:49+00:00,discovery
https://www.abc.net.au/triplejunearthed/artist/auglie,auglie,2026-04-25T09:29:49+00:00,2026-04-25T09:29:49+00:00,discovery
https://www.abc.net.au/triplejunearthed/artist/lotus-twin,lotus-twin,2026-04-25T09:29:49+00:00,2026-04-25T09:29:49+00:00,discovery
https://www.abc.net.au/triplejunearthed/artist/danny-taylor,danny-taylor,2026-04-25T09:29:49+00:00,2026-04-25T09:29:49+00:00,discovery
https://www.abc.net.au/triplejunearthed/artist/neverlow,neverlow,2026-04-25T09:29:53+00:00,2026-04-25T09:29:53+00:00,discovery
https://www.abc.net.au/triplejunearthed/artist/honey-isla,honey-isla,2026-04-25T09:29:53+00:00,2026-04-25T09:29:53+00:00,discovery
https://www.abc.net.au/triplejunearthed/artist/olam,olam,2026-04-25T09:29:53+00:00,2026-04-25T09:29:53+00:00,discovery
https://www.abc.net.au/triplejunearthed/artist/duncan-morris,duncan-morris,2026-04-25T09:29:53+00:00,2026-04-25T09:29:53+00:00,discovery
https://www.abc.net.au/triplejunearthed/artist/koei,koei,2026-04-25T09:29:53+00:00,2026-04-25T09:29:53+00:00,discovery
https://www.abc.net.au/triplejunearthed/artist/zylliah,zylliah,2026-04-25T09:29:53+00:00,2026-04-25T09:29:53+00:00,discovery
https://www.abc.net.au/triplejunearthed/artist/blake-blister,blake-blister,2026-04-25T09:29:53+00:00,2026-04-25T09:29:53+00:00,discovery
https://www.abc.net.au/triplejunearthed/artist/darcybakermusic,darcybakermusic,2026-04-25T09:29:53+00:00,2026-04-25T09:29:53+00:00,discovery
https://www.abc.net.au/triplejunearthed/artist/reckless-coast,reckless-coast,2026-04-25T09:29:53+00:00,2026-04-25T09:29:53+00:00,discovery
https://www.abc.net.au/triplejunearthed/artist/franki-kaneur,franki-kaneur,2026-04-25T09:29:53+00:00,2026-04-25T09:29:53+00:00,discovery
https://www.abc.net.au/triplejunearthed/artist/figurehead,figurehead,2026-04-25T09:29:53+00:00,2026-04-25T09:29:53+00:00,discovery
https://www.abc.net.au/triplejunearthed/artist/nxtgen,nxtgen,2026-04-25T09:29:53+00:00,2026-04-25T09:29:53+00:00,discovery
https://www.abc.net.au/triplejunearthed/artist/western-freeway,western-freeway,2026-04-25T09:29:53+00:00,2026-04-25T09:29:53+00:00,discovery
https://www.abc.net.au/triplejunearthed/artist/deadsetmaybe,deadsetmaybe,2026-04-25T09:29:57+00:00,2026-04-25T09:29:57+00:00,discovery
https://www.abc.net.au/triplejunearthed/artist/spectroscope,spectroscope,2026-04-25T09:29:58+00:00,2026-04-25T09:29:58+00:00,discovery
https://www.abc.net.au/triplejunearthed/artist/jae-magsipoc,jae-magsipoc,2026-04-25T09:29:58+00:00,2026-04-25T09:29:58+00:00,discovery
https://www.abc.net.au/triplejunearthed/artist/ryan-august,ryan-august,2026-04-25T09:29:58+00:00,2026-04-25T09:29:58+00:00,discovery
https://www.abc.net.au/triplejunearthed/artist/hey-doll,hey-doll,2026-04-25T09:29:58+00:00,2026-04-25T09:29:58+00:00,discovery
https://www.abc.net.au/triplejunearthed/artist/kerrie-clarke,kerrie-clarke,2026-04-25T09:29:58+00:00,2026-04-25T09:29:58+00:00,discovery
https://www.abc.net.au/triplejunearthed/artist/elefus,elefus,2026-04-25T09:29:58+00:00,2026-04-25T09:29:58+00:00,discovery
https://www.abc.net.au/triplejunearthed/artist/founder,founder,2026-04-25T09:29:58+00:00,2026-04-25T09:29:58+00:00,discovery
https://www.abc.net.au/triplejunearthed/artist/korboy,korboy,2026-04-25T09:29:58+00:00,2026-04-25T09:29:58+00:00,discovery
https://www.abc.net.au/triplejunearthed/artist/rosa-bella,rosa-bella,2026-04-25T09:29:58+00:00,2026-04-25T09:29:58+00:00,discovery
https://www.abc.net.au/triplejunearthed/artist/zazyau,zazyau,2026-04-25T09:29:58+00:00,2026-04-25T09:29:58+00:00,discovery
https://www.abc.net.au/triplejunearthed/artist/strangejuice,strangejuice,2026-04-25T09:29:58+00:00,2026-04-25T09:29:58+00:00,discovery
https://www.abc.net.au/triplejunearthed/artist/violent-conflict,violent-conflict,2026-04-25T09:29:58+00:00,2026-04-25T09:29:58+00:00,discovery
https://www.abc.net.au/triplejunearthed/artist/stirr,stirr,2026-04-25T09:29:58+00:00,2026-04-25T09:29:58+00:00,discovery
https://www.abc.net.au/triplejunearthed/artist/wishlist,wishlist,2026-04-25T09:30:03+00:00,2026-04-25T09:30:03+00:00,discovery
https://www.abc.net.au/triplejunearthed/artist/willow-park,willow-park,2026-04-25T09:30:03+00:00,2026-04-25T09:30:03+00:00,discovery
https://www.abc.net.au/triplejunearthed/artist/megcarlin,megcarlin,2026-04-25T09:30:03+00:00,2026-04-25T09:30:03+00:00,discovery
https://www.abc.net.au/triplejunearthed/artist/louis-passot,louis-passot,2026-04-25T09:30:03+00:00,2026-04-25T09:30:03+00:00,discovery
https://www.abc.net.au/triplejunearthed/artist/ultrasonic-xylophone3,ultrasonic-xylophone3,2026-04-25T09:30:03+00:00,2026-04-25T09:30:03+00:00,discovery
https://www.abc.net.au/triplejunearthed/artist/roach,roach,2026-04-25T09:30:03+00:00,2026-04-25T09:30:03+00:00,discovery
https://www.abc.net.au/triplejunearthed/artist/scott-candlish,scott-candlish,2026-04-25T09:30:03+00:00,2026-04-25T09:30:03+00:00,discovery
https://www.abc.net.au/triplejunearthed/artist/zedena,zedena,2026-04-25T09:30:03+00:00,2026-04-25T09:30:03+00:00,discovery
https://www.abc.net.au/triplejunearthed/artist/re-spin,re-spin,2026-04-25T09:30:03+00:00,2026-04-25T09:30:03+00:00,discovery
https://www.abc.net.au/triplejunearthed/artist/sienna-nicolas,sienna-nicolas,2026-04-25T09:30:03+00:00,2026-04-25T09:30:03+00:00,discovery
https://www.abc.net.au/triplejunearthed/artist/laeterau,laeterau,2026-04-25T09:30:03+00:00,2026-04-25T09:30:03+00:00,discovery
https://www.abc.net.au/triplejunearthed/artist/smiiley,smiiley,2026-04-25T09:30:03+00:00,2026-04-25T09:30:03+00:00,discovery
https://www.abc.net.au/triplejunearthed/artist/deficit,deficit,2026-04-25T09:30:03+00:00,2026-04-25T09:30:03+00:00,discovery
https://www.abc.net.au/triplejunearthed/artist/ell-ott,ell-ott,2026-04-25T09:30:03+00:00,2026-04-25T09:30:03+00:00,discovery
https://www.abc.net.au/triplejunearthed/artist/ginger-lane,ginger-lane,2026-04-25T09:30:03+00:00,2026-04-25T09:30:03+00:00,discovery
https://www.abc.net.au/triplejunearthed/artist/myaswrld,myaswrld,2026-04-25T09:30:03+00:00,2026-04-25T09:30:03+00:00,discovery
https://www.abc.net.au/triplejunearthed/artist/goblinviolence,goblinviolence,2026-04-25T09:30:08+00:00,2026-04-25T09:30:08+00:00,discovery
https://www.abc.net.au/triplejunearthed/artist/her-shadow-crown,her-shadow-crown,2026-04-25T09:30:08+00:00,2026-04-25T09:30:08+00:00,discovery
https://www.abc.net.au/triplejunearthed/artist/isabel-rumble,isabel-rumble,2026-04-25T09:30:08+00:00,2026-04-25T09:30:08+00:00,discovery
https://www.abc.net.au/triplejunearthed/artist/amargarbo,amargarbo,2026-04-25T09:30:08+00:00,2026-04-25T09:30:08+00:00,discovery
https://www.abc.net.au/triplejunearthed/artist/humming-0,humming-0,2026-04-25T09:30:08+00:00,2026-04-25T09:30:08+00:00,discovery
https://www.abc.net.au/triplejunearthed/artist/thuggee-tennessee,thuggee-tennessee,2026-04-25T09:30:08+00:00,2026-04-25T09:30:08+00:00,discovery
https://www.abc.net.au/triplejunearthed/artist/gold-coin-donation,gold-coin-donation,2026-04-25T09:30:08+00:00,2026-04-25T09:30:08+00:00,discovery
https://www.abc.net.au/triplejunearthed/artist/stormy-lou,stormy-lou,2026-04-25T09:30:08+00:00,2026-04-25T09:30:08+00:00,discovery
https://www.abc.net.au/triplejunearthed/artist/pre-ten-se,pre-ten-se,2026-04-25T09:30:08+00:00,2026-04-25T09:30:08+00:00,discovery
https://www.abc.net.au/triplejunearthed/artist/adam-gardiner,adam-gardiner,2026-04-25T09:30:08+00:00,2026-04-25T09:30:08+00:00,discovery
https://www.abc.net.au/triplejunearthed/artist/george-ray,george-ray,2026-04-25T09:30:08+00:00,2026-04-25T09:30:08+00:00,discovery
https://www.abc.net.au/triplejunearthed/artist/kaz-davies,kaz-davies,2026-04-25T09:30:08+00:00,2026-04-25T09:30:08+00:00,discovery
https://www.abc.net.au/triplejunearthed/artist/boox-kid,boox-kid,2026-04-25T09:30:08+00:00,2026-04-25T09:30:08+00:00,discovery
https://www.abc.net.au/triplejunearthed/artist/jacob-smith,jacob-smith,2026-04-25T09:30:08+00:00,2026-04-25T09:30:08+00:00,discovery
https://www.abc.net.au/triplejunearthed/artist/crossroads-band,crossroads-band,2026-04-25T09:30:12+00:00,2026-04-25T09:30:12+00:00,discovery
https://www.abc.net.au/triplejunearthed/artist/hijackk,hijackk,2026-04-25T09:30:12+00:00,2026-04-25T09:30:12+00:00,discovery
https://www.abc.net.au/triplejunearthed/artist/strick9,strick9,2026-04-25T09:30:12+00:00,2026-04-25T09:30:12+00:00,discovery
https://www.abc.net.au/triplejunearthed/artist/cheeky-velvet,cheeky-velvet,2026-04-25T09:30:12+00:00,2026-04-25T09:30:12+00:00,discovery
https://www.abc.net.au/triplejunearthed/artist/harmony-romsloe-,harmony-romsloe-,2026-04-25T09:30:12+00:00,2026-04-25T09:30:12+00:00,discovery
https://www.abc.net.au/triplejunearthed/artist/slowshell,slowshell,2026-04-25T09:30:12+00:00,2026-04-25T09:30:12+00:00,discovery
https://www.abc.net.au/triplejunearthed/artist/antounofficial,antounofficial,2026-04-25T09:30:12+00:00,2026-04-25T09:30:12+00:00,discovery
https://www.abc.net.au/triplejunearthed/artist/chloe-neilsen,chloe-neilsen,2026-04-25T09:30:12+00:00,2026-04-25T09:30:12+00:00,discovery
https://www.abc.net.au/triplejunearthed/artist/deo,deo,2026-04-25T09:30:12+00:00,2026-04-25T09:30:12+00:00,discovery
https://www.abc.net.au/triplejunearthed/artist/chey-jordan,chey-jordan,2026-04-25T09:30:12+00:00,2026-04-25T09:30:12+00:00,discovery
https://www.abc.net.au/triplejunearthed/artist/will-gibb,will-gibb,2026-04-25T09:30:17+00:00,2026-04-25T09:30:17+00:00,discovery
https://www.abc.net.au/triplejunearthed/artist/dayshawn,dayshawn,2026-04-25T09:30:17+00:00,2026-04-25T09:30:17+00:00,discovery
https://www.abc.net.au/triplejunearthed/artist/clovr,clovr,2026-04-25T09:30:17+00:00,2026-04-25T09:30:17+00:00,discovery
https://www.abc.net.au/triplejunearthed/artist/nazarena-peralta,nazarena-peralta,2026-04-25T09:30:17+00:00,2026-04-25T09:30:17+00:00,discovery
https://www.abc.net.au/triplejunearthed/artist/shahrae,shahrae,2026-04-25T09:30:17+00:00,2026-04-25T09:30:17+00:00,discovery
https://www.abc.net.au/triplejunearthed/artist/officiallytig,officiallytig,2026-04-25T09:30:17+00:00,2026-04-25T09:30:17+00:00,discovery
https://www.abc.net.au/triplejunearthed/artist/scott-green-band,scott-green-band,2026-04-25T09:30:17+00:00,2026-04-25T09:30:17+00:00,discovery
https://www.abc.net.au/triplejunearthed/artist/friend-of-a-friend,friend-of-a-friend,2026-04-25T09:30:17+00:00,2026-04-25T09:30:17+00:00,discovery
https://www.abc.net.au/triplejunearthed/artist/harminia,harminia,2026-04-25T09:30:17+00:00,2026-04-25T09:30:17+00:00,discovery
https://www.abc.net.au/triplejunearthed/artist/anika-louise,anika-louise,2026-04-25T09:30:17+00:00,2026-04-25T09:30:17+00:00,discovery
https://www.abc.net.au/triplejunearthed/artist/julian-schweitzer,julian-schweitzer,2026-04-25T09:30:17+00:00,2026-04-25T09:30:17+00:00,discovery
https://www.abc.net.au/triplejunearthed/artist/dylan-daulay,dylan-daulay,2026-04-25T09:30:17+00:00,2026-04-25T09:30:17+00:00,discovery
https://www.abc.net.au/triplejunearthed/artist/tullara,tullara,2026-04-25T09:30:17+00:00,2026-04-25T09:30:17+00:00,discovery
https://www.abc.net.au/triplejunearthed/artist/squidthekid,squidthekid,2026-04-25T09:30:17+00:00,2026-04-25T09:30:17+00:00,discovery
https://www.abc.net.au/triplejunearthed/artist/karrak-dnb,karrak-dnb,2026-04-25T09:30:23+00:00,2026-04-25T09:30:23+00:00,discovery
https://www.abc.net.au/triplejunearthed/artist/amirathings,amirathings,2026-04-25T09:30:23+00:00,2026-04-25T09:30:23+00:00,discovery
https://www.abc.net.au/triplejunearthed/artist/dogma-dnb,dogma-dnb,2026-04-25T09:30:23+00:00,2026-04-25T09:30:23+00:00,discovery
https://www.abc.net.au/triplejunearthed/artist/rohansk,rohansk,2026-04-25T09:30:23+00:00,2026-04-25T09:30:23+00:00,discovery
https://www.abc.net.au/triplejunearthed/artist/ennaria,ennaria,2026-04-25T09:30:23+00:00,2026-04-25T09:30:23+00:00,discovery
https://www.abc.net.au/triplejunearthed/artist/prannay-sastry,prannay-sastry,2026-04-25T09:30:23+00:00,2026-04-25T09:30:23+00:00,discovery
https://www.abc.net.au/triplejunearthed/artist/christian-barisic,christian-barisic,2026-04-25T09:30:23+00:00,2026-04-25T09:30:23+00:00,discovery
https://www.abc.net.au/triplejunearthed/artist/jet-mac,jet-mac,2026-04-25T09:30:23+00:00,2026-04-25T09:30:23+00:00,discovery
https://www.abc.net.au/triplejunearthed/artist/narakel,narakel,2026-04-25T09:30:23+00:00,2026-04-25T09:30:23+00:00,discovery
https://www.abc.net.au/triplejunearthed/artist/kymie,kymie,2026-04-25T09:30:23+00:00,2026-04-25T09:30:23+00:00,discovery
https://www.abc.net.au/triplejunearthed/artist/sir-anton,sir-anton,2026-04-25T09:30:23+00:00,2026-04-25T09:30:23+00:00,discovery
https://www.abc.net.au/triplejunearthed/artist/dirty-merchants,dirty-merchants,2026-04-25T09:30:23+00:00,2026-04-25T09:30:23+00:00,discovery
https://www.abc.net.au/triplejunearthed/artist/aumber,aumber,2026-04-25T09:30:29+00:00,2026-04-25T09:30:29+00:00,discovery
https://www.abc.net.au/triplejunearthed/artist/yagki,yagki,2026-04-25T09:30:29+00:00,2026-04-25T09:30:29+00:00,discovery
https://www.abc.net.au/triplejunearthed/artist/oniq,oniq,2026-04-25T09:30:29+00:00,2026-04-25T09:30:29+00:00,discovery
https://www.abc.net.au/triplejunearthed/artist/bradmullins,bradmullins,2026-04-25T09:30:29+00:00,2026-04-25T09:30:29+00:00,discovery
https://www.abc.net.au/triplejunearthed/artist/jett-willey,jett-willey,2026-04-25T09:30:29+00:00,2026-04-25T09:30:29+00:00,discovery
https://www.abc.net.au/triplejunearthed/artist/steve-scarlioli,steve-scarlioli,2026-04-25T09:30:29+00:00,2026-04-25T09:30:29+00:00,discovery
https://www.abc.net.au/triplejunearthed/artist/fracturestunes,fracturestunes,2026-04-25T09:30:29+00:00,2026-04-25T09:30:29+00:00,discovery
https://www.abc.net.au/triplejunearthed/artist/tticus,tticus,2026-04-25T09:30:29+00:00,2026-04-25T09:30:29+00:00,discovery
https://www.abc.net.au/triplejunearthed/artist/isobel-knight,isobel-knight,2026-04-25T09:30:29+00:00,2026-04-25T09:30:29+00:00,discovery
https://www.abc.net.au/triplejunearthed/artist/sam-joole,sam-joole,2026-04-25T09:30:29+00:00,2026-04-25T09:30:29+00:00,discovery
https://www.abc.net.au/triplejunearthed/artist/tilly-vickers-willis,tilly-vickers-willis,2026-04-25T09:30:29+00:00,2026-04-25T09:30:29+00:00,discovery
https://www.abc.net.au/triplejunearthed/artist/kenny-drives,kenny-drives,2026-04-25T09:30:29+00:00,2026-04-25T09:30:29+00:00,discovery
https://www.abc.net.au/triplejunearthed/artist/sarahmckenna05,sarahmckenna05,2026-04-25T09:30:29+00:00,2026-04-25T09:30:29+00:00,discovery
https://www.abc.net.au/triplejunearthed/artist/patrick-thurtell-and-mallee-damm,patrick-thurtell-and-mallee-damm,2026-04-25T09:30:34+00:00,2026-04-25T09:30:34+00:00,discovery
https://www.abc.net.au/triplejunearthed/artist/zero-alias-dot,zero-alias-dot,2026-04-25T09:30:34+00:00,2026-04-25T09:30:34+00:00,discovery
https://www.abc.net.au/triplejunearthed/artist/chris-lanzon,chris-lanzon,2026-04-25T09:30:34+00:00,2026-04-25T09:30:34+00:00,discovery
https://www.abc.net.au/triplejunearthed/artist/fasehorsew,fasehorsew,2026-04-25T09:30:34+00:00,2026-04-25T09:30:34+00:00,discovery
https://www.abc.net.au/triplejunearthed/artist/beautifully-mad-band,beautifully-mad-band,2026-04-25T09:30:34+00:00,2026-04-25T09:30:34+00:00,discovery
https://www.abc.net.au/triplejunearthed/artist/shan-kae,shan-kae,2026-04-25T09:30:34+00:00,2026-04-25T09:30:34+00:00,discovery
https://www.abc.net.au/triplejunearthed/artist/wavs,wavs,2026-04-25T09:30:34+00:00,2026-04-25T09:30:34+00:00,discovery
https://www.abc.net.au/triplejunearthed/artist/ben-antoniadis,ben-antoniadis,2026-04-25T09:30:34+00:00,2026-04-25T09:30:34+00:00,discovery
https://www.abc.net.au/triplejunearthed/artist/fromthesun,fromthesun,2026-04-25T09:30:34+00:00,2026-04-25T09:30:34+00:00,discovery
https://www.abc.net.au/triplejunearthed/artist/hollie-isabella,hollie-isabella,2026-04-25T09:30:34+00:00,2026-04-25T09:30:34+00:00,discovery
https://www.abc.net.au/triplejunearthed/artist/flamingo-blonde,flamingo-blonde,2026-04-25T09:30:34+00:00,2026-04-25T09:30:34+00:00,discovery
https://www.abc.net.au/triplejunearthed/artist/james-pots,james-pots,2026-04-25T09:30:34+00:00,2026-04-25T09:30:34+00:00,discovery
https://www.abc.net.au/triplejunearthed/artist/thornback,thornback,2026-04-25T09:30:34+00:00,2026-04-25T09:30:34+00:00,discovery
https://www.abc.net.au/triplejunearthed/artist/poqo,poqo,2026-04-25T09:30:34+00:00,2026-04-25T09:30:34+00:00,discovery
https://www.abc.net.au/triplejunearthed/artist/wtgxplb,wtgxplb,2026-04-25T09:30:34+00:00,2026-04-25T09:30:34+00:00,discovery
https://www.abc.net.au/triplejunearthed/artist/andersonmusic,andersonmusic,2026-04-25T09:30:34+00:00,2026-04-25T09:30:34+00:00,discovery
https://www.abc.net.au/triplejunearthed/artist/anna-jeavons,anna-jeavons,2026-04-25T09:30:34+00:00,2026-04-25T09:30:34+00:00,discovery
https://www.abc.net.au/triplejunearthed/artist/bellina,bellina,2026-04-25T09:30:39+00:00,2026-04-25T09:30:39+00:00,discovery
https://www.abc.net.au/triplejunearthed/artist/blue-diner,blue-diner,2026-04-25T09:30:39+00:00,2026-04-25T09:30:39+00:00,discovery
https://www.abc.net.au/triplejunearthed/artist/kudosband,kudosband,2026-04-25T09:30:39+00:00,2026-04-25T09:30:39+00:00,discovery
https://www.abc.net.au/triplejunearthed/artist/ledaaa,ledaaa,2026-04-25T09:30:39+00:00,2026-04-25T09:30:39+00:00,discovery
https://www.abc.net.au/triplejunearthed/artist/sachaa-squatch,sachaa-squatch,2026-04-25T09:30:39+00:00,2026-04-25T09:30:39+00:00,discovery
https://www.abc.net.au/triplejunearthed/artist/perry-engineering,perry-engineering,2026-04-25T09:30:39+00:00,2026-04-25T09:30:39+00:00,discovery
https://www.abc.net.au/triplejunearthed/artist/vandastruts,vandastruts,2026-04-25T09:30:39+00:00,2026-04-25T09:30:39+00:00,discovery
https://www.abc.net.au/triplejunearthed/artist/12-past-par,12-past-par,2026-04-25T09:30:39+00:00,2026-04-25T09:30:39+00:00,discovery
https://www.abc.net.au/triplejunearthed/artist/halo-effect,halo-effect,2026-04-25T09:30:39+00:00,2026-04-25T09:30:39+00:00,discovery
https://www.abc.net.au/triplejunearthed/artist/matthew-kenneally,matthew-kenneally,2026-04-25T09:30:39+00:00,2026-04-25T09:30:39+00:00,discovery
https://www.abc.net.au/triplejunearthed/artist/astarii,astarii,2026-04-25T09:30:39+00:00,2026-04-25T09:30:39+00:00,discovery
https://www.abc.net.au/triplejunearthed/artist/carter-mullins,carter-mullins,2026-04-25T09:30:39+00:00,2026-04-25T09:30:39+00:00,discovery
https://www.abc.net.au/triplejunearthed/artist/badmedicine,badmedicine,2026-04-25T09:30:39+00:00,2026-04-25T09:30:39+00:00,discovery
https://www.abc.net.au/triplejunearthed/artist/asher-kate,asher-kate,2026-04-25T09:30:39+00:00,2026-04-25T09:30:39+00:00,discovery
https://www.abc.net.au/triplejunearthed/artist/madeleine-jayne,madeleine-jayne,2026-04-25T09:30:45+00:00,2026-04-25T09:30:45+00:00,discovery
https://www.abc.net.au/triplejunearthed/artist/eric-flu,eric-flu,2026-04-25T09:30:45+00:00,2026-04-25T09:30:45+00:00,discovery
https://www.abc.net.au/triplejunearthed/artist/lx,lx,2026-04-25T09:30:45+00:00,2026-04-25T09:30:45+00:00,discovery
https://www.abc.net.au/triplejunearthed/artist/k4ydee,k4ydee,2026-04-25T09:30:45+00:00,2026-04-25T09:30:45+00:00,discovery
https://www.abc.net.au/triplejunearthed/artist/coopersmith,coopersmith,2026-04-25T09:30:45+00:00,2026-04-25T09:30:45+00:00,discovery
https://www.abc.net.au/triplejunearthed/artist/aminandlachlan,aminandlachlan,2026-04-25T09:30:45+00:00,2026-04-25T09:30:45+00:00,discovery
https://www.abc.net.au/triplejunearthed/artist/venturasyd,venturasyd,2026-04-25T09:30:45+00:00,2026-04-25T09:30:45+00:00,discovery
https://www.abc.net.au/triplejunearthed/artist/heath-ceccato,heath-ceccato,2026-04-25T09:30:45+00:00,2026-04-25T09:30:45+00:00,discovery
https://www.abc.net.au/triplejunearthed/artist/hamish-anderson,hamish-anderson,2026-04-25T09:30:45+00:00,2026-04-25T09:30:45+00:00,discovery
https://www.abc.net.au/triplejunearthed/artist/ekosa,ekosa,2026-04-25T09:30:45+00:00,2026-04-25T09:30:45+00:00,discovery
https://www.abc.net.au/triplejunearthed/artist/izzy-skinner,izzy-skinner,2026-04-25T09:30:45+00:00,2026-04-25T09:30:45+00:00,discovery
https://www.abc.net.au/triplejunearthed/artist/surf-trash,surf-trash,2026-04-25T09:30:45+00:00,2026-04-25T09:30:45+00:00,discovery
https://www.abc.net.au/triplejunearthed/artist/tulliah,tulliah,2026-04-25T09:30:45+00:00,2026-04-25T09:30:45+00:00,discovery
https://www.abc.net.au/triplejunearthed/artist/demon-and-the-angel-band,demon-and-the-angel-band,2026-04-25T09:30:45+00:00,2026-04-25T09:30:45+00:00,discovery
https://www.abc.net.au/triplejunearthed/artist/ash-and-the-love-handles,ash-and-the-love-handles,2026-04-25T09:30:45+00:00,2026-04-25T09:30:45+00:00,discovery
https://www.abc.net.au/triplejunearthed/artist/lemonise,lemonise,2026-04-25T09:30:50+00:00,2026-04-25T09:30:50+00:00,discovery
https://www.abc.net.au/triplejunearthed/artist/rubyhoo,rubyhoo,2026-04-25T09:30:50+00:00,2026-04-25T09:30:50+00:00,discovery
https://www.abc.net.au/triplejunearthed/artist/carter-walsh,carter-walsh,2026-04-25T09:30:50+00:00,2026-04-25T09:30:50+00:00,discovery
https://www.abc.net.au/triplejunearthed/artist/yuni,yuni,2026-04-25T09:30:50+00:00,2026-04-25T09:30:50+00:00,discovery
https://www.abc.net.au/triplejunearthed/artist/bad-neighbour,bad-neighbour,2026-04-25T09:30:50+00:00,2026-04-25T09:30:50+00:00,discovery
https://www.abc.net.au/triplejunearthed/artist/magnum-lum,magnum-lum,2026-04-25T09:30:50+00:00,2026-04-25T09:30:50+00:00,discovery
https://www.abc.net.au/triplejunearthed/artist/shylah-rose,shylah-rose,2026-04-25T09:30:50+00:00,2026-04-25T09:30:50+00:00,discovery
https://www.abc.net.au/triplejunearthed/artist/dansol,dansol,2026-04-25T09:30:50+00:00,2026-04-25T09:30:50+00:00,discovery
https://www.abc.net.au/triplejunearthed/artist/d-b-longing,d-b-longing,2026-04-25T09:30:50+00:00,2026-04-25T09:30:50+00:00,discovery
https://www.abc.net.au/triplejunearthed/artist/benjamin-taggart,benjamin-taggart,2026-04-25T09:30:50+00:00,2026-04-25T09:30:50+00:00,discovery
https://www.abc.net.au/triplejunearthed/artist/oskar-milo,oskar-milo,2026-04-25T09:30:50+00:00,2026-04-25T09:30:50+00:00,discovery
https://www.abc.net.au/triplejunearthed/artist/kurt-carrera,kurt-carrera,2026-04-25T09:30:50+00:00,2026-04-25T09:30:50+00:00,discovery
https://www.abc.net.au/triplejunearthed/artist/ryder-davis,ryder-davis,2026-04-25T09:30:50+00:00,2026-04-25T09:30:50+00:00,discovery
https://www.abc.net.au/triplejunearthed/artist/ssmooth-brains,ssmooth-brains,2026-04-25T09:30:50+00:00,2026-04-25T09:30:50+00:00,discovery
https://www.abc.net.au/triplejunearthed/artist/du-cane,du-cane,2026-04-25T09:30:50+00:00,2026-04-25T09:30:50+00:00,discovery
https://www.abc.net.au/triplejunearthed/artist/julia-lockhart,julia-lockhart,2026-04-25T09:30:56+00:00,2026-04-25T09:30:56+00:00,discovery
https://www.abc.net.au/triplejunearthed/artist/goldn,goldn,2026-04-25T09:30:56+00:00,2026-04-25T09:30:56+00:00,discovery
https://www.abc.net.au/triplejunearthed/artist/jemima-madder,jemima-madder,2026-04-25T09:30:56+00:00,2026-04-25T09:30:56+00:00,discovery
https://www.abc.net.au/triplejunearthed/artist/ashton-johnson,ashton-johnson,2026-04-25T09:30:56+00:00,2026-04-25T09:30:56+00:00,discovery
https://www.abc.net.au/triplejunearthed/artist/natalie-tanabe,natalie-tanabe,2026-04-25T09:30:56+00:00,2026-04-25T09:30:56+00:00,discovery
https://www.abc.net.au/triplejunearthed/artist/reflekta,reflekta,2026-04-25T09:30:56+00:00,2026-04-25T09:30:56+00:00,discovery
https://www.abc.net.au/triplejunearthed/artist/the-midnight-peace-club,the-midnight-peace-club,2026-04-25T09:30:56+00:00,2026-04-25T09:30:56+00:00,discovery
https://www.abc.net.au/triplejunearthed/artist/sight-veracity,sight-veracity,2026-04-25T09:30:56+00:00,2026-04-25T09:30:56+00:00,discovery
https://www.abc.net.au/triplejunearthed/artist/isaiah-ninness,isaiah-ninness,2026-04-25T09:30:56+00:00,2026-04-25T09:30:56+00:00,discovery
https://www.abc.net.au/triplejunearthed/artist/mollotone,mollotone,2026-04-25T09:30:56+00:00,2026-04-25T09:30:56+00:00,discovery
https://www.abc.net.au/triplejunearthed/artist/freeze-andy,freeze-andy,2026-04-25T09:30:57+00:00,2026-04-25T09:30:57+00:00,discovery
https://www.abc.net.au/triplejunearthed/artist/ding-ding-ding,ding-ding-ding,2026-04-25T09:30:57+00:00,2026-04-25T09:30:57+00:00,discovery
https://www.abc.net.au/triplejunearthed/artist/rainmail,rainmail,2026-04-25T09:30:57+00:00,2026-04-25T09:30:57+00:00,discovery
https://www.abc.net.au/triplejunearthed/artist/rusty-the-bucketheads,rusty-the-bucketheads,2026-04-25T09:31:03+00:00,2026-04-25T09:31:03+00:00,discovery
https://www.abc.net.au/triplejunearthed/artist/malya,malya,2026-04-25T09:31:03+00:00,2026-04-25T09:31:03+00:00,discovery
https://www.abc.net.au/triplejunearthed/artist/luv4her,luv4her,2026-04-25T09:31:03+00:00,2026-04-25T09:31:03+00:00,discovery
https://www.abc.net.au/triplejunearthed/artist/chaosister,chaosister,2026-04-25T09:31:03+00:00,2026-04-25T09:31:03+00:00,discovery
https://www.abc.net.au/triplejunearthed/artist/even-hannah,even-hannah,2026-04-25T09:31:03+00:00,2026-04-25T09:31:03+00:00,discovery
https://www.abc.net.au/triplejunearthed/artist/michelle-sutton,michelle-sutton,2026-04-25T09:31:03+00:00,2026-04-25T09:31:03+00:00,discovery
https://www.abc.net.au/triplejunearthed/artist/bluech-c,bluech-c,2026-04-25T09:31:03+00:00,2026-04-25T09:31:03+00:00,discovery
https://www.abc.net.au/triplejunearthed/artist/beatnixs,beatnixs,2026-04-25T09:31:03+00:00,2026-04-25T09:31:03+00:00,discovery
https://www.abc.net.au/triplejunearthed/artist/bella-rae,bella-rae,2026-04-25T09:31:03+00:00,2026-04-25T09:31:03+00:00,discovery
https://www.abc.net.au/triplejunearthed/artist/preloved-things,preloved-things,2026-04-25T09:31:03+00:00,2026-04-25T09:31:03+00:00,discovery
https://www.abc.net.au/triplejunearthed/artist/mass-wisteria,mass-wisteria,2026-04-25T09:31:03+00:00,2026-04-25T09:31:03+00:00,discovery
https://www.abc.net.au/triplejunearthed/artist/mo-sheryar,mo-sheryar,2026-04-25T09:31:03+00:00,2026-04-25T09:31:03+00:00,discovery
https://www.abc.net.au/triplejunearthed/artist/allison-labs,allison-labs,2026-04-25T09:31:03+00:00,2026-04-25T09:31:03+00:00,discovery
https://www.abc.net.au/triplejunearthed/artist/ben-e,ben-e,2026-04-25T09:31:09+00:00,2026-04-25T09:31:09+00:00,discovery
https://www.abc.net.au/triplejunearthed/artist/down-and-out,down-and-out,2026-04-25T09:31:09+00:00,2026-04-25T09:31:09+00:00,discovery
https://www.abc.net.au/triplejunearthed/artist/7mayureshmusic,7mayureshmusic,2026-04-25T09:31:09+00:00,2026-04-25T09:31:09+00:00,discovery
https://www.abc.net.au/triplejunearthed/artist/djzepic,djzepic,2026-04-25T09:31:09+00:00,2026-04-25T09:31:09+00:00,discovery
https://www.abc.net.au/triplejunearthed/artist/jaige,jaige,2026-04-25T09:31:09+00:00,2026-04-25T09:31:09+00:00,discovery
https://www.abc.net.au/triplejunearthed/artist/alys-north,alys-north,2026-04-25T09:31:09+00:00,2026-04-25T09:31:09+00:00,discovery
https://www.abc.net.au/triplejunearthed/artist/untilclarityau,untilclarityau,2026-04-25T09:31:09+00:00,2026-04-25T09:31:09+00:00,discovery
https://www.abc.net.au/triplejunearthed/artist/rhylo,rhylo,2026-04-25T09:31:09+00:00,2026-04-25T09:31:09+00:00,discovery
https://www.abc.net.au/triplejunearthed/artist/blessedtunes,blessedtunes,2026-04-25T09:31:09+00:00,2026-04-25T09:31:09+00:00,discovery
https://www.abc.net.au/triplejunearthed/artist/frqnc,frqnc,2026-04-25T09:31:09+00:00,2026-04-25T09:31:09+00:00,discovery
https://www.abc.net.au/triplejunearthed/artist/alt-bandau,alt-bandau,2026-04-25T09:31:09+00:00,2026-04-25T09:31:09+00:00,discovery
https://www.abc.net.au/triplejunearthed/artist/braythisaiah,braythisaiah,2026-04-25T09:31:09+00:00,2026-04-25T09:31:09+00:00,discovery
https://www.abc.net.au/triplejunearthed/artist/theyloveemerson,theyloveemerson,2026-04-25T09:31:09+00:00,2026-04-25T09:31:09+00:00,discovery
https://www.abc.net.au/triplejunearthed/artist/east-australian-currentz,east-australian-currentz,2026-04-25T09:31:09+00:00,2026-04-25T09:31:09+00:00,discovery
https://www.abc.net.au/triplejunearthed/artist/god-complexx,god-complexx,2026-04-25T09:31:16+00:00,2026-04-25T09:31:16+00:00,discovery
https://www.abc.net.au/triplejunearthed/artist/aiden-du,aiden-du,2026-04-25T09:31:16+00:00,2026-04-25T09:31:16+00:00,discovery
https://www.abc.net.au/triplejunearthed/artist/post-script-philosophy,post-script-philosophy,2026-04-25T09:31:16+00:00,2026-04-25T09:31:16+00:00,discovery
https://www.abc.net.au/triplejunearthed/artist/nofate,nofate,2026-04-25T09:31:16+00:00,2026-04-25T09:31:16+00:00,discovery
https://www.abc.net.au/triplejunearthed/artist/harrison-kelly,harrison-kelly,2026-04-25T09:31:16+00:00,2026-04-25T09:31:16+00:00,discovery
https://www.abc.net.au/triplejunearthed/artist/the-mis-shapes,the-mis-shapes,2026-04-25T09:31:16+00:00,2026-04-25T09:31:16+00:00,discovery
https://www.abc.net.au/triplejunearthed/artist/alyssadelpopolo,alyssadelpopolo,2026-04-25T09:31:16+00:00,2026-04-25T09:31:16+00:00,discovery
https://www.abc.net.au/triplejunearthed/artist/out-of-focus,out-of-focus,2026-04-25T09:31:16+00:00,2026-04-25T09:31:16+00:00,discovery
https://www.abc.net.au/triplejunearthed/artist/samara-bright,samara-bright,2026-04-25T09:31:16+00:00,2026-04-25T09:31:16+00:00,discovery
https://www.abc.net.au/triplejunearthed/artist/umbriel,umbriel,2026-04-25T09:31:16+00:00,2026-04-25T09:31:16+00:00,discovery
https://www.abc.net.au/triplejunearthed/artist/nick-pes,nick-pes,2026-04-25T09:31:16+00:00,2026-04-25T09:31:16+00:00,discovery
https://www.abc.net.au/triplejunearthed/artist/starlapse,starlapse,2026-04-25T09:31:16+00:00,2026-04-25T09:31:16+00:00,discovery
https://www.abc.net.au/triplejunearthed/artist/marigolden,marigolden,2026-04-25T09:31:16+00:00,2026-04-25T09:31:16+00:00,discovery
https://www.abc.net.au/triplejunearthed/artist/billy-phelan,billy-phelan,2026-04-25T09:31:16+00:00,2026-04-25T09:31:16+00:00,discovery
https://www.abc.net.au/triplejunearthed/artist/between-the-eyes,between-the-eyes,2026-04-25T09:31:23+00:00,2026-04-25T09:31:23+00:00,discovery
https://www.abc.net.au/triplejunearthed/artist/milenka,milenka,2026-04-25T09:31:23+00:00,2026-04-25T09:31:23+00:00,discovery
https://www.abc.net.au/triplejunearthed/artist/blisk,blisk,2026-04-25T09:31:23+00:00,2026-04-25T09:31:23+00:00,discovery
https://www.abc.net.au/triplejunearthed/artist/joetee,joetee,2026-04-25T09:31:23+00:00,2026-04-25T09:31:23+00:00,discovery
https://www.abc.net.au/triplejunearthed/artist/mila-safaia,mila-safaia,2026-04-25T09:31:23+00:00,2026-04-25T09:31:23+00:00,discovery
https://www.abc.net.au/triplejunearthed/artist/chrysa,chrysa,2026-04-25T09:31:23+00:00,2026-04-25T09:31:23+00:00,discovery
https://www.abc.net.au/triplejunearthed/artist/bebe-g,bebe-g,2026-04-25T09:31:23+00:00,2026-04-25T09:31:23+00:00,discovery
https://www.abc.net.au/triplejunearthed/artist/chrome-garden,chrome-garden,2026-04-25T09:31:23+00:00,2026-04-25T09:31:23+00:00,discovery
https://www.abc.net.au/triplejunearthed/artist/bradley-gale,bradley-gale,2026-04-25T09:31:23+00:00,2026-04-25T09:31:23+00:00,discovery
https://www.abc.net.au/triplejunearthed/artist/lizzyjane,lizzyjane,2026-04-25T09:31:23+00:00,2026-04-25T09:31:23+00:00,discovery
https://www.abc.net.au/triplejunearthed/artist/b-murph,b-murph,2026-04-25T09:31:23+00:00,2026-04-25T09:31:23+00:00,discovery
https://www.abc.net.au/triplejunearthed/artist/miro-wolf,miro-wolf,2026-04-25T09:31:23+00:00,2026-04-25T09:31:23+00:00,discovery
https://www.abc.net.au/triplejunearthed/artist/mcn,mcn,2026-04-25T09:31:23+00:00,2026-04-25T09:31:23+00:00,discovery
https://www.abc.net.au/triplejunearthed/artist/nancy-and-the-jam-fancys,nancy-and-the-jam-fancys,2026-04-25T09:31:23+00:00,2026-04-25T09:31:23+00:00,discovery
https://www.abc.net.au/triplejunearthed/artist/are-we-dreamingband,are-we-dreamingband,2026-04-25T09:31:23+00:00,2026-04-25T09:31:23+00:00,discovery
https://www.abc.net.au/triplejunearthed/artist/this-here,this-here,2026-04-25T09:31:23+00:00,2026-04-25T09:31:23+00:00,discovery
https://www.abc.net.au/triplejunearthed/artist/missmayaus,missmayaus,2026-04-25T09:31:29+00:00,2026-04-25T09:31:29+00:00,discovery
https://www.abc.net.au/triplejunearthed/artist/pyrefly,pyrefly,2026-04-25T09:31:29+00:00,2026-04-25T09:31:29+00:00,discovery
https://www.abc.net.au/triplejunearthed/artist/jackson-jermyn,jackson-jermyn,2026-04-25T09:31:29+00:00,2026-04-25T09:31:29+00:00,discovery
https://www.abc.net.au/triplejunearthed/artist/sam-sly-0,sam-sly-0,2026-04-25T09:31:29+00:00,2026-04-25T09:31:29+00:00,discovery
https://www.abc.net.au/triplejunearthed/artist/connorcallahan,connorcallahan,2026-04-25T09:31:29+00:00,2026-04-25T09:31:29+00:00,discovery
https://www.abc.net.au/triplejunearthed/artist/dil-n,dil-n,2026-04-25T09:31:29+00:00,2026-04-25T09:31:29+00:00,discovery
https://www.abc.net.au/triplejunearthed/artist/sharon-rose,sharon-rose,2026-04-25T09:31:29+00:00,2026-04-25T09:31:29+00:00,discovery
https://www.abc.net.au/triplejunearthed/artist/fatdent,fatdent,2026-04-25T09:31:29+00:00,2026-04-25T09:31:29+00:00,discovery
https://www.abc.net.au/triplejunearthed/artist/silvas,silvas,2026-04-25T09:31:29+00:00,2026-04-25T09:31:29+00:00,discovery
https://www.abc.net.au/triplejunearthed/artist/ms-thandi,ms-thandi,2026-04-25T09:31:29+00:00,2026-04-25T09:31:29+00:00,discovery
https://www.abc.net.au/triplejunearthed/artist/harvey-pink-s-flying-bathhouse,harvey-pink-s-flying-bathhouse,2026-04-25T09:31:29+00:00,2026-04-25T09:31:29+00:00,discovery
https://www.abc.net.au/triplejunearthed/artist/tonight-tonight,tonight-tonight,2026-04-25T09:31:30+00:00,2026-04-25T09:31:30+00:00,discovery
https://www.abc.net.au/triplejunearthed/artist/mer-lo,mer-lo,2026-04-25T09:31:30+00:00,2026-04-25T09:31:30+00:00,discovery
https://www.abc.net.au/triplejunearthed/artist/druid-0,druid-0,2026-04-25T09:31:37+00:00,2026-04-25T09:31:37+00:00,discovery
https://www.abc.net.au/triplejunearthed/artist/chuck-a-beat,chuck-a-beat,2026-04-25T09:31:37+00:00,2026-04-25T09:31:37+00:00,discovery
https://www.abc.net.au/triplejunearthed/artist/hercules-and-the-bricks,hercules-and-the-bricks,2026-04-25T09:31:37+00:00,2026-04-25T09:31:37+00:00,discovery
https://www.abc.net.au/triplejunearthed/artist/rageflower,rageflower,2026-04-25T09:31:37+00:00,2026-04-25T09:31:37+00:00,discovery
https://www.abc.net.au/triplejunearthed/artist/matty-j-ruys,matty-j-ruys,2026-04-25T09:31:37+00:00,2026-04-25T09:31:37+00:00,discovery
https://www.abc.net.au/triplejunearthed/artist/lazy-haze,lazy-haze,2026-04-25T09:31:37+00:00,2026-04-25T09:31:37+00:00,discovery
https://www.abc.net.au/triplejunearthed/artist/catie-alison,catie-alison,2026-04-25T09:31:37+00:00,2026-04-25T09:31:37+00:00,discovery
https://www.abc.net.au/triplejunearthed/artist/earlgray,earlgray,2026-04-25T09:31:37+00:00,2026-04-25T09:31:37+00:00,discovery
https://www.abc.net.au/triplejunearthed/artist/urban-pipe-dream,urban-pipe-dream,2026-04-25T09:31:37+00:00,2026-04-25T09:31:37+00:00,discovery
https://www.abc.net.au/triplejunearthed/artist/dom-moore,dom-moore,2026-04-25T09:31:37+00:00,2026-04-25T09:31:37+00:00,discovery
https://www.abc.net.au/triplejunearthed/artist/falsefront-45,falsefront-45,2026-04-25T09:31:37+00:00,2026-04-25T09:31:37+00:00,discovery
https://www.abc.net.au/triplejunearthed/artist/jl2008,jl2008,2026-04-25T09:31:37+00:00,2026-04-25T09:31:37+00:00,discovery
https://www.abc.net.au/triplejunearthed/artist/kaitlin-keegan,kaitlin-keegan,2026-04-25T09:31:37+00:00,2026-04-25T09:31:37+00:00,discovery
https://www.abc.net.au/triplejunearthed/artist/tangled-in-wires,tangled-in-wires,2026-04-25T09:31:37+00:00,2026-04-25T09:31:37+00:00,discovery
https://www.abc.net.au/triplejunearthed/artist/tharusha-silva,tharusha-silva,2026-04-25T09:31:37+00:00,2026-04-25T09:31:37+00:00,discovery
https://www.abc.net.au/triplejunearthed/artist/kayeonwun,kayeonwun,2026-04-25T09:31:37+00:00,2026-04-25T09:31:37+00:00,discovery
https://www.abc.net.au/triplejunearthed/artist/local-ben,local-ben,2026-04-25T09:31:37+00:00,2026-04-25T09:31:37+00:00,discovery
https://www.abc.net.au/triplejunearthed/artist/ardie-carter,ardie-carter,2026-04-25T09:31:44+00:00,2026-04-25T09:31:44+00:00,discovery
https://www.abc.net.au/triplejunearthed/artist/chris-stan,chris-stan,2026-04-25T09:31:44+00:00,2026-04-25T09:31:44+00:00,discovery
https://www.abc.net.au/triplejunearthed/artist/lazy-eyes,lazy-eyes,2026-04-25T09:31:44+00:00,2026-04-25T09:31:44+00:00,discovery
https://www.abc.net.au/triplejunearthed/artist/the-moonshine-fridays,the-moonshine-fridays,2026-04-25T09:31:44+00:00,2026-04-25T09:31:44+00:00,discovery
https://www.abc.net.au/triplejunearthed/artist/holloh,holloh,2026-04-25T09:31:44+00:00,2026-04-25T09:31:44+00:00,discovery
https://www.abc.net.au/triplejunearthed/artist/binary-sunsets,binary-sunsets,2026-04-25T09:31:44+00:00,2026-04-25T09:31:44+00:00,discovery
https://www.abc.net.au/triplejunearthed/artist/oliver-johns,oliver-johns,2026-04-25T09:31:44+00:00,2026-04-25T09:31:44+00:00,discovery
https://www.abc.net.au/triplejunearthed/artist/sandy-dish,sandy-dish,2026-04-25T09:31:44+00:00,2026-04-25T09:31:44+00:00,discovery
https://www.abc.net.au/triplejunearthed/artist/the-idle-minds,the-idle-minds,2026-04-25T09:31:44+00:00,2026-04-25T09:31:44+00:00,discovery
https://www.abc.net.au/triplejunearthed/artist/nadya-kadisha,nadya-kadisha,2026-04-25T09:31:44+00:00,2026-04-25T09:31:44+00:00,discovery
https://www.abc.net.au/triplejunearthed/artist/ricky-wilson-music,ricky-wilson-music,2026-04-25T09:31:44+00:00,2026-04-25T09:31:44+00:00,discovery
https://www.abc.net.au/triplejunearthed/artist/sally-kay,sally-kay,2026-04-25T09:31:44+00:00,2026-04-25T09:31:44+00:00,discovery
https://www.abc.net.au/triplejunearthed/artist/mansa-legend,mansa-legend,2026-04-25T09:31:44+00:00,2026-04-25T09:31:44+00:00,discovery
https://www.abc.net.au/triplejunearthed/artist/sarah-golding,sarah-golding,2026-04-25T09:31:50+00:00,2026-04-25T09:31:50+00:00,discovery
https://www.abc.net.au/triplejunearthed/artist/beefheart-mcquinn,beefheart-mcquinn,2026-04-25T09:31:50+00:00,2026-04-25T09:31:50+00:00,discovery
https://www.abc.net.au/triplejunearthed/artist/juniper-care,juniper-care,2026-04-25T09:31:50+00:00,2026-04-25T09:31:50+00:00,discovery
https://www.abc.net.au/triplejunearthed/artist/whotfissolis,whotfissolis,2026-04-25T09:31:50+00:00,2026-04-25T09:31:50+00:00,discovery
https://www.abc.net.au/triplejunearthed/artist/ronan-maclean,ronan-maclean,2026-04-25T09:31:50+00:00,2026-04-25T09:31:50+00:00,discovery
https://www.abc.net.au/triplejunearthed/artist/club-camel,club-camel,2026-04-25T09:31:50+00:00,2026-04-25T09:31:50+00:00,discovery
https://www.abc.net.au/triplejunearthed/artist/athanasia,athanasia,2026-04-25T09:31:50+00:00,2026-04-25T09:31:50+00:00,discovery
https://www.abc.net.au/triplejunearthed/artist/second-guess,second-guess,2026-04-25T09:31:50+00:00,2026-04-25T09:31:50+00:00,discovery
https://www.abc.net.au/triplejunearthed/artist/marven-van-lim,marven-van-lim,2026-04-25T09:31:50+00:00,2026-04-25T09:31:50+00:00,discovery
https://www.abc.net.au/triplejunearthed/artist/theemptyheads,theemptyheads,2026-04-25T09:31:50+00:00,2026-04-25T09:31:50+00:00,discovery
https://www.abc.net.au/triplejunearthed/artist/jaal,jaal,2026-04-25T09:31:50+00:00,2026-04-25T09:31:50+00:00,discovery
https://www.abc.net.au/triplejunearthed/artist/dylzpeters,dylzpeters,2026-04-25T09:31:50+00:00,2026-04-25T09:31:50+00:00,discovery
https://www.abc.net.au/triplejunearthed/artist/charlie-shell,charlie-shell,2026-04-25T09:31:50+00:00,2026-04-25T09:31:50+00:00,discovery
https://www.abc.net.au/triplejunearthed/artist/celltowers,celltowers,2026-04-25T09:31:50+00:00,2026-04-25T09:31:50+00:00,discovery
https://www.abc.net.au/triplejunearthed/artist/stow,stow,2026-04-25T09:31:50+00:00,2026-04-25T09:31:50+00:00,discovery
https://www.abc.net.au/triplejunearthed/artist/mr-stick,mr-stick,2026-04-25T09:31:50+00:00,2026-04-25T09:31:50+00:00,discovery
https://www.abc.net.au/triplejunearthed/artist/grace-chia,grace-chia,2026-04-25T09:31:50+00:00,2026-04-25T09:31:50+00:00,discovery
https://www.abc.net.au/triplejunearthed/artist/haydenblaby,haydenblaby,2026-04-25T09:31:57+00:00,2026-04-25T09:31:57+00:00,discovery
https://www.abc.net.au/triplejunearthed/artist/scorpiioh,scorpiioh,2026-04-25T09:31:57+00:00,2026-04-25T09:31:57+00:00,discovery
https://www.abc.net.au/triplejunearthed/artist/frances-cameron,frances-cameron,2026-04-25T09:31:57+00:00,2026-04-25T09:31:57+00:00,discovery
https://www.abc.net.au/triplejunearthed/artist/lily-of-the-valley,lily-of-the-valley,2026-04-25T09:31:57+00:00,2026-04-25T09:31:57+00:00,discovery
https://www.abc.net.au/triplejunearthed/artist/gost,gost,2026-04-25T09:31:57+00:00,2026-04-25T09:31:57+00:00,discovery
https://www.abc.net.au/triplejunearthed/artist/reece-clarke,reece-clarke,2026-04-25T09:31:57+00:00,2026-04-25T09:31:57+00:00,discovery
https://www.abc.net.au/triplejunearthed/artist/sujokalo,sujokalo,2026-04-25T09:31:57+00:00,2026-04-25T09:31:57+00:00,discovery
https://www.abc.net.au/triplejunearthed/artist/peachy-bne,peachy-bne,2026-04-25T09:31:57+00:00,2026-04-25T09:31:57+00:00,discovery
https://www.abc.net.au/triplejunearthed/artist/skylar-atlas,skylar-atlas,2026-04-25T09:31:57+00:00,2026-04-25T09:31:57+00:00,discovery
https://www.abc.net.au/triplejunearthed/artist/jess-ball,jess-ball,2026-04-25T09:31:57+00:00,2026-04-25T09:31:57+00:00,discovery
https://www.abc.net.au/triplejunearthed/artist/teenage-bees,teenage-bees,2026-04-25T09:31:57+00:00,2026-04-25T09:31:57+00:00,discovery
https://www.abc.net.au/triplejunearthed/artist/rhys-johnson,rhys-johnson,2026-04-25T09:31:57+00:00,2026-04-25T09:31:57+00:00,discovery
https://www.abc.net.au/triplejunearthed/artist/arky-waters,arky-waters,2026-04-25T09:31:57+00:00,2026-04-25T09:31:57+00:00,discovery
https://www.abc.net.au/triplejunearthed/artist/monsieur-mellow,monsieur-mellow,2026-04-25T09:31:57+00:00,2026-04-25T09:31:57+00:00,discovery
https://www.abc.net.au/triplejunearthed/artist/haleyholgate,haleyholgate,2026-04-25T09:31:57+00:00,2026-04-25T09:31:57+00:00,discovery
https://www.abc.net.au/triplejunearthed/artist/cygnette,cygnette,2026-04-25T09:31:57+00:00,2026-04-25T09:31:57+00:00,discovery
https://www.abc.net.au/triplejunearthed/artist/teether,teether,2026-04-25T09:31:57+00:00,2026-04-25T09:31:57+00:00,discovery
https://www.abc.net.au/triplejunearthed/artist/pilot-crisis,pilot-crisis,2026-04-25T09:31:57+00:00,2026-04-25T09:31:57+00:00,discovery
https://www.abc.net.au/triplejunearthed/artist/nomorenvy,nomorenvy,2026-04-25T09:32:02+00:00,2026-04-25T09:32:02+00:00,discovery
https://www.abc.net.au/triplejunearthed/artist/maggie-tra,maggie-tra,2026-04-25T09:32:02+00:00,2026-04-25T09:32:02+00:00,discovery
https://www.abc.net.au/triplejunearthed/artist/trzo,trzo,2026-04-25T09:32:02+00:00,2026-04-25T09:32:02+00:00,discovery
https://www.abc.net.au/triplejunearthed/artist/astral-lanes,astral-lanes,2026-04-25T09:32:02+00:00,2026-04-25T09:32:02+00:00,discovery
https://www.abc.net.au/triplejunearthed/artist/rosewood-boulevard,rosewood-boulevard,2026-04-25T09:32:02+00:00,2026-04-25T09:32:02+00:00,discovery
https://www.abc.net.au/triplejunearthed/artist/albert-the-second,albert-the-second,2026-04-25T09:32:02+00:00,2026-04-25T09:32:02+00:00,discovery
https://www.abc.net.au/triplejunearthed/artist/dayani,dayani,2026-04-25T09:32:02+00:00,2026-04-25T09:32:02+00:00,discovery
https://www.abc.net.au/triplejunearthed/artist/amancalledson,amancalledson,2026-04-25T09:32:02+00:00,2026-04-25T09:32:02+00:00,discovery
https://www.abc.net.au/triplejunearthed/artist/the-shore,the-shore,2026-04-25T09:32:02+00:00,2026-04-25T09:32:02+00:00,discovery
https://www.abc.net.au/triplejunearthed/artist/charlottebridie,charlottebridie,2026-04-25T09:32:02+00:00,2026-04-25T09:32:02+00:00,discovery
https://www.abc.net.au/triplejunearthed/artist/soviet-dust,soviet-dust,2026-04-25T09:32:02+00:00,2026-04-25T09:32:02+00:00,discovery
https://www.abc.net.au/triplejunearthed/artist/toadstone,toadstone,2026-04-25T09:32:02+00:00,2026-04-25T09:32:02+00:00,discovery
https://www.abc.net.au/triplejunearthed/artist/sonny-grin,sonny-grin,2026-04-25T09:32:02+00:00,2026-04-25T09:32:02+00:00,discovery
https://www.abc.net.au/triplejunearthed/artist/jackoranda,jackoranda,2026-04-25T09:32:09+00:00,2026-04-25T09:32:09+00:00,discovery
https://www.abc.net.au/triplejunearthed/artist/yvonne-r-vp,yvonne-r-vp,2026-04-25T09:32:09+00:00,2026-04-25T09:32:09+00:00,discovery
https://www.abc.net.au/triplejunearthed/artist/adnam,adnam,2026-04-25T09:32:09+00:00,2026-04-25T09:32:09+00:00,discovery
https://www.abc.net.au/triplejunearthed/artist/kidjakey,kidjakey,2026-04-25T09:32:09+00:00,2026-04-25T09:32:09+00:00,discovery
https://www.abc.net.au/triplejunearthed/artist/foggy-mitchell,foggy-mitchell,2026-04-25T09:32:09+00:00,2026-04-25T09:32:09+00:00,discovery
https://www.abc.net.au/triplejunearthed/artist/makkapakka,makkapakka,2026-04-25T09:32:09+00:00,2026-04-25T09:32:09+00:00,discovery
https://www.abc.net.au/triplejunearthed/artist/the-foxy-junes,the-foxy-junes,2026-04-25T09:32:09+00:00,2026-04-25T09:32:09+00:00,discovery
https://www.abc.net.au/triplejunearthed/artist/david-wildey,david-wildey,2026-04-25T09:32:09+00:00,2026-04-25T09:32:09+00:00,discovery
https://www.abc.net.au/triplejunearthed/artist/udaya-shree,udaya-shree,2026-04-25T09:32:09+00:00,2026-04-25T09:32:09+00:00,discovery
https://www.abc.net.au/triplejunearthed/artist/ranks,ranks,2026-04-25T09:32:09+00:00,2026-04-25T09:32:09+00:00,discovery
https://www.abc.net.au/triplejunearthed/artist/jalmar,jalmar,2026-04-25T09:32:09+00:00,2026-04-25T09:32:09+00:00,discovery
https://www.abc.net.au/triplejunearthed/artist/ishan,ishan,2026-04-25T09:32:09+00:00,2026-04-25T09:32:09+00:00,discovery
https://www.abc.net.au/triplejunearthed/artist/hilliker,hilliker,2026-04-25T09:32:09+00:00,2026-04-25T09:32:09+00:00,discovery
https://www.abc.net.au/triplejunearthed/artist/swamye,swamye,2026-04-25T09:32:09+00:00,2026-04-25T09:32:09+00:00,discovery
https://www.abc.net.au/triplejunearthed/artist/jlotu,jlotu,2026-04-25T09:32:16+00:00,2026-04-25T09:32:16+00:00,discovery
https://www.abc.net.au/triplejunearthed/artist/dmc-boys,dmc-boys,2026-04-25T09:32:16+00:00,2026-04-25T09:32:16+00:00,discovery
https://www.abc.net.au/triplejunearthed/artist/norfolk-island-pines,norfolk-island-pines,2026-04-25T09:32:16+00:00,2026-04-25T09:32:16+00:00,discovery
https://www.abc.net.au/triplejunearthed/artist/denim-rogers,denim-rogers,2026-04-25T09:32:16+00:00,2026-04-25T09:32:16+00:00,discovery
https://www.abc.net.au/triplejunearthed/artist/sunday-lemonade,sunday-lemonade,2026-04-25T09:32:16+00:00,2026-04-25T09:32:16+00:00,discovery
https://www.abc.net.au/triplejunearthed/artist/ra-ra-viper,ra-ra-viper,2026-04-25T09:32:16+00:00,2026-04-25T09:32:16+00:00,discovery
https://www.abc.net.au/triplejunearthed/artist/piper-butcher-0,piper-butcher-0,2026-04-25T09:32:16+00:00,2026-04-25T09:32:16+00:00,discovery
https://www.abc.net.au/triplejunearthed/artist/nelly-bardelle,nelly-bardelle,2026-04-25T09:32:16+00:00,2026-04-25T09:32:16+00:00,discovery
https://www.abc.net.au/triplejunearthed/artist/narayan,narayan,2026-04-25T09:32:16+00:00,2026-04-25T09:32:16+00:00,discovery
https://www.abc.net.au/triplejunearthed/artist/kch,kch,2026-04-25T09:32:16+00:00,2026-04-25T09:32:16+00:00,discovery
https://www.abc.net.au/triplejunearthed/artist/overnight,overnight,2026-04-25T09:32:16+00:00,2026-04-25T09:32:16+00:00,discovery
https://www.abc.net.au/triplejunearthed/artist/madebyjoel,madebyjoel,2026-04-25T09:32:16+00:00,2026-04-25T09:32:16+00:00,discovery
https://www.abc.net.au/triplejunearthed/artist/balconycult,balconycult,2026-04-25T09:32:16+00:00,2026-04-25T09:32:16+00:00,discovery
https://www.abc.net.au/triplejunearthed/artist/eeliad,eeliad,2026-04-25T09:32:22+00:00,2026-04-25T09:32:22+00:00,discovery
https://www.abc.net.au/triplejunearthed/artist/medusa-s-wake,medusa-s-wake,2026-04-25T09:32:22+00:00,2026-04-25T09:32:22+00:00,discovery
https://www.abc.net.au/triplejunearthed/artist/giveitall,giveitall,2026-04-25T09:32:22+00:00,2026-04-25T09:32:22+00:00,discovery
https://www.abc.net.au/triplejunearthed/artist/rxry,rxry,2026-04-25T09:32:22+00:00,2026-04-25T09:32:22+00:00,discovery
https://www.abc.net.au/triplejunearthed/artist/theviolettwilight,theviolettwilight,2026-04-25T09:32:23+00:00,2026-04-25T09:32:23+00:00,discovery
https://www.abc.net.au/triplejunearthed/artist/haydn-fraser,haydn-fraser,2026-04-25T09:32:23+00:00,2026-04-25T09:32:23+00:00,discovery
https://www.abc.net.au/triplejunearthed/artist/be-read,be-read,2026-04-25T09:32:23+00:00,2026-04-25T09:32:23+00:00,discovery
https://www.abc.net.au/triplejunearthed/artist/rising-bliss,rising-bliss,2026-04-25T09:32:23+00:00,2026-04-25T09:32:23+00:00,discovery
https://www.abc.net.au/triplejunearthed/artist/gloom,gloom,2026-04-25T09:32:23+00:00,2026-04-25T09:32:23+00:00,discovery
https://www.abc.net.au/triplejunearthed/artist/lucy-lamb,lucy-lamb,2026-04-25T09:32:23+00:00,2026-04-25T09:32:23+00:00,discovery
https://www.abc.net.au/triplejunearthed/artist/x-ivy,x-ivy,2026-04-25T09:32:23+00:00,2026-04-25T09:32:23+00:00,discovery
https://www.abc.net.au/triplejunearthed/artist/illferal,illferal,2026-04-25T09:32:29+00:00,2026-04-25T09:32:29+00:00,discovery
https://www.abc.net.au/triplejunearthed/artist/eduard-lulimusic,eduard-lulimusic,2026-04-25T09:32:29+00:00,2026-04-25T09:32:29+00:00,discovery
https://www.abc.net.au/triplejunearthed/artist/33grey,33grey,2026-04-25T09:32:29+00:00,2026-04-25T09:32:29+00:00,discovery
https://www.abc.net.au/triplejunearthed/artist/alisya-rae,alisya-rae,2026-04-25T09:32:29+00:00,2026-04-25T09:32:29+00:00,discovery
https://www.abc.net.au/triplejunearthed/artist/cruz-erick,cruz-erick,2026-04-25T09:32:29+00:00,2026-04-25T09:32:29+00:00,discovery
https://www.abc.net.au/triplejunearthed/artist/twelve-point-buck,twelve-point-buck,2026-04-25T09:32:29+00:00,2026-04-25T09:32:29+00:00,discovery
https://www.abc.net.au/triplejunearthed/artist/deepfaith,deepfaith,2026-04-25T09:32:29+00:00,2026-04-25T09:32:29+00:00,discovery
https://www.abc.net.au/triplejunearthed/artist/jake-hansen,jake-hansen,2026-04-25T09:32:29+00:00,2026-04-25T09:32:29+00:00,discovery
https://www.abc.net.au/triplejunearthed/artist/just-like-the-rain,just-like-the-rain,2026-04-25T09:32:29+00:00,2026-04-25T09:32:29+00:00,discovery
https://www.abc.net.au/triplejunearthed/artist/amoss-teal,amoss-teal,2026-04-25T09:32:29+00:00,2026-04-25T09:32:29+00:00,discovery
https://www.abc.net.au/triplejunearthed/artist/ed-wilson,ed-wilson,2026-04-25T09:32:35+00:00,2026-04-25T09:32:35+00:00,discovery
https://www.abc.net.au/triplejunearthed/artist/bubbles-quack,bubbles-quack,2026-04-25T09:32:35+00:00,2026-04-25T09:32:35+00:00,discovery
https://www.abc.net.au/triplejunearthed/artist/daniel-hoptman,daniel-hoptman,2026-04-25T09:32:35+00:00,2026-04-25T09:32:35+00:00,discovery
https://www.abc.net.au/triplejunearthed/artist/face-to-foot,face-to-foot,2026-04-25T09:32:35+00:00,2026-04-25T09:32:35+00:00,discovery
https://www.abc.net.au/triplejunearthed/artist/kember-gold,kember-gold,2026-04-25T09:32:35+00:00,2026-04-25T09:32:35+00:00,discovery
https://www.abc.net.au/triplejunearthed/artist/melting,melting,2026-04-25T09:32:35+00:00,2026-04-25T09:32:35+00:00,discovery
https://www.abc.net.au/triplejunearthed/artist/cam-crest,cam-crest,2026-04-25T09:32:35+00:00,2026-04-25T09:32:35+00:00,discovery
https://www.abc.net.au/triplejunearthed/artist/sunoe,sunoe,2026-04-25T09:32:35+00:00,2026-04-25T09:32:35+00:00,discovery
https://www.abc.net.au/triplejunearthed/artist/veritalis,veritalis,2026-04-25T09:32:35+00:00,2026-04-25T09:32:35+00:00,discovery
https://www.abc.net.au/triplejunearthed/artist/ajdyce,ajdyce,2026-04-25T09:32:35+00:00,2026-04-25T09:32:35+00:00,discovery
https://www.abc.net.au/triplejunearthed/artist/madalo,madalo,2026-04-25T09:32:41+00:00,2026-04-25T09:32:41+00:00,discovery
https://www.abc.net.au/triplejunearthed/artist/benny-mayhem,benny-mayhem,2026-04-25T09:32:41+00:00,2026-04-25T09:32:41+00:00,discovery
https://www.abc.net.au/triplejunearthed/artist/4l3x,4l3x,2026-04-25T09:32:41+00:00,2026-04-25T09:32:41+00:00,discovery
https://www.abc.net.au/triplejunearthed/artist/kelsie-paige-rimmer,kelsie-paige-rimmer,2026-04-25T09:32:41+00:00,2026-04-25T09:32:41+00:00,discovery
https://www.abc.net.au/triplejunearthed/artist/scarlettmitchell,scarlettmitchell,2026-04-25T09:32:41+00:00,2026-04-25T09:32:41+00:00,discovery
https://www.abc.net.au/triplejunearthed/artist/rum-jungle,rum-jungle,2026-04-25T09:32:41+00:00,2026-04-25T09:32:41+00:00,discovery
https://www.abc.net.au/triplejunearthed/artist/lauren-may-black,lauren-may-black,2026-04-25T09:32:41+00:00,2026-04-25T09:32:41+00:00,discovery
https://www.abc.net.au/triplejunearthed/artist/foreveronhigh,foreveronhigh,2026-04-25T09:32:41+00:00,2026-04-25T09:32:41+00:00,discovery
https://www.abc.net.au/triplejunearthed/artist/shippa-63,shippa-63,2026-04-25T09:32:41+00:00,2026-04-25T09:32:41+00:00,discovery
https://www.abc.net.au/triplejunearthed/artist/grip-down,grip-down,2026-04-25T09:32:41+00:00,2026-04-25T09:32:41+00:00,discovery
https://www.abc.net.au/triplejunearthed/artist/jacqui-beaa,jacqui-beaa,2026-04-25T09:32:41+00:00,2026-04-25T09:32:41+00:00,discovery
https://www.abc.net.au/triplejunearthed/artist/speira,speira,2026-04-25T09:32:41+00:00,2026-04-25T09:32:41+00:00,discovery
https://www.abc.net.au/triplejunearthed/artist/silver-wing,silver-wing,2026-04-25T09:32:47+00:00,2026-04-25T09:32:47+00:00,discovery
https://www.abc.net.au/triplejunearthed/artist/alfie-starling-solo,alfie-starling-solo,2026-04-25T09:32:47+00:00,2026-04-25T09:32:47+00:00,discovery
https://www.abc.net.au/triplejunearthed/artist/sabari-sabari-artist-gartist,sabari-sabari-artist-gartist,2026-04-25T09:32:47+00:00,2026-04-25T09:32:47+00:00,discovery
https://www.abc.net.au/triplejunearthed/artist/verskiddly,verskiddly,2026-04-25T09:32:47+00:00,2026-04-25T09:32:47+00:00,discovery
https://www.abc.net.au/triplejunearthed/artist/kaikobad,kaikobad,2026-04-25T09:32:47+00:00,2026-04-25T09:32:47+00:00,discovery
https://www.abc.net.au/triplejunearthed/artist/ian-curry,ian-curry,2026-04-25T09:32:47+00:00,2026-04-25T09:32:47+00:00,discovery
https://www.abc.net.au/triplejunearthed/artist/monya,monya,2026-04-25T09:32:47+00:00,2026-04-25T09:32:47+00:00,discovery
https://www.abc.net.au/triplejunearthed/artist/milina-mihic,milina-mihic,2026-04-25T09:32:47+00:00,2026-04-25T09:32:47+00:00,discovery
https://www.abc.net.au/triplejunearthed/artist/jacobzs,jacobzs,2026-04-25T09:32:47+00:00,2026-04-25T09:32:47+00:00,discovery
https://www.abc.net.au/triplejunearthed/artist/the-runaway-strings,the-runaway-strings,2026-04-25T09:32:47+00:00,2026-04-25T09:32:47+00:00,discovery
https://www.abc.net.au/triplejunearthed/artist/hyphen,hyphen,2026-04-25T09:32:47+00:00,2026-04-25T09:32:47+00:00,discovery
https://www.abc.net.au/triplejunearthed/artist/alterdrive,alterdrive,2026-04-25T09:32:47+00:00,2026-04-25T09:32:47+00:00,discovery
https://www.abc.net.au/triplejunearthed/artist/chantz,chantz,2026-04-25T09:32:47+00:00,2026-04-25T09:32:47+00:00,discovery
https://www.abc.net.au/triplejunearthed/artist/synth-club,synth-club,2026-04-25T09:32:47+00:00,2026-04-25T09:32:47+00:00,discovery
https://www.abc.net.au/triplejunearthed/artist/jski,jski,2026-04-25T09:32:54+00:00,2026-04-25T09:32:54+00:00,discovery
https://www.abc.net.au/triplejunearthed/artist/russell-ralitogether,russell-ralitogether,2026-04-25T09:32:54+00:00,2026-04-25T09:32:54+00:00,discovery
https://www.abc.net.au/triplejunearthed/artist/baillie-mcwhirter,baillie-mcwhirter,2026-04-25T09:32:54+00:00,2026-04-25T09:32:54+00:00,discovery
https://www.abc.net.au/triplejunearthed/artist/tastethatang,tastethatang,2026-04-25T09:32:54+00:00,2026-04-25T09:32:54+00:00,discovery
https://www.abc.net.au/triplejunearthed/artist/lover-wav,lover-wav,2026-04-25T09:32:54+00:00,2026-04-25T09:32:54+00:00,discovery
https://www.abc.net.au/triplejunearthed/artist/talley-tunes,talley-tunes,2026-04-25T09:32:54+00:00,2026-04-25T09:32:54+00:00,discovery
https://www.abc.net.au/triplejunearthed/artist/zhuli,zhuli,2026-04-25T09:32:54+00:00,2026-04-25T09:32:54+00:00,discovery
https://www.abc.net.au/triplejunearthed/artist/wil-skinner,wil-skinner,2026-04-25T09:32:54+00:00,2026-04-25T09:32:54+00:00,discovery
https://www.abc.net.au/triplejunearthed/artist/samio,samio,2026-04-25T09:32:54+00:00,2026-04-25T09:32:54+00:00,discovery
https://www.abc.net.au/triplejunearthed/artist/fentlay,fentlay,2026-04-25T09:32:54+00:00,2026-04-25T09:32:54+00:00,discovery
https://www.abc.net.au/triplejunearthed/artist/simran-sultana,simran-sultana,2026-04-25T09:32:54+00:00,2026-04-25T09:32:54+00:00,discovery
https://www.abc.net.au/triplejunearthed/artist/elouera,elouera,2026-04-25T09:32:54+00:00,2026-04-25T09:32:54+00:00,discovery
https://www.abc.net.au/triplejunearthed/artist/evelyn-salter,evelyn-salter,2026-04-25T09:33:00+00:00,2026-04-25T09:33:00+00:00,discovery
https://www.abc.net.au/triplejunearthed/artist/lips,lips,2026-04-25T09:33:00+00:00,2026-04-25T09:33:00+00:00,discovery
https://www.abc.net.au/triplejunearthed/artist/miss-orange-juicy,miss-orange-juicy,2026-04-25T09:33:00+00:00,2026-04-25T09:33:00+00:00,discovery
https://www.abc.net.au/triplejunearthed/artist/comar313,comar313,2026-04-25T09:33:00+00:00,2026-04-25T09:33:00+00:00,discovery
https://www.abc.net.au/triplejunearthed/artist/mfv,mfv,2026-04-25T09:33:00+00:00,2026-04-25T09:33:00+00:00,discovery
https://www.abc.net.au/triplejunearthed/artist/houseofstrangers,houseofstrangers,2026-04-25T09:33:00+00:00,2026-04-25T09:33:00+00:00,discovery
https://www.abc.net.au/triplejunearthed/artist/cheleigh,cheleigh,2026-04-25T09:33:00+00:00,2026-04-25T09:33:00+00:00,discovery
https://www.abc.net.au/triplejunearthed/artist/closure-0,closure-0,2026-04-25T09:33:00+00:00,2026-04-25T09:33:00+00:00,discovery
https://www.abc.net.au/triplejunearthed/artist/match,match,2026-04-25T09:33:00+00:00,2026-04-25T09:33:00+00:00,discovery
https://www.abc.net.au/triplejunearthed/artist/roscomule,roscomule,2026-04-25T09:33:00+00:00,2026-04-25T09:33:00+00:00,discovery
https://www.abc.net.au/triplejunearthed/artist/yelcap,yelcap,2026-04-25T09:33:00+00:00,2026-04-25T09:33:00+00:00,discovery
https://www.abc.net.au/triplejunearthed/artist/will-mind,will-mind,2026-04-25T09:33:00+00:00,2026-04-25T09:33:00+00:00,discovery
https://www.abc.net.au/triplejunearthed/artist/maisy-woodhouse,maisy-woodhouse,2026-04-25T09:33:00+00:00,2026-04-25T09:33:00+00:00,discovery
https://www.abc.net.au/triplejunearthed/artist/pete-mccredie-0,pete-mccredie-0,2026-04-25T09:33:00+00:00,2026-04-25T09:33:00+00:00,discovery
https://www.abc.net.au/triplejunearthed/artist/chloe-maye,chloe-maye,2026-04-25T09:33:00+00:00,2026-04-25T09:33:00+00:00,discovery
https://www.abc.net.au/triplejunearthed/artist/zed-flanders,zed-flanders,2026-04-25T09:33:00+00:00,2026-04-25T09:33:00+00:00,discovery
https://www.abc.net.au/triplejunearthed/artist/jessica-leigh,jessica-leigh,2026-04-25T09:33:00+00:00,2026-04-25T09:33:00+00:00,discovery
https://www.abc.net.au/triplejunearthed/artist/indiago,indiago,2026-04-25T09:33:06+00:00,2026-04-25T09:33:06+00:00,discovery
https://www.abc.net.au/triplejunearthed/artist/such-a-daze,such-a-daze,2026-04-25T09:33:06+00:00,2026-04-25T09:33:06+00:00,discovery
https://www.abc.net.au/triplejunearthed/artist/tj-hollis,tj-hollis,2026-04-25T09:33:06+00:00,2026-04-25T09:33:06+00:00,discovery
https://www.abc.net.au/triplejunearthed/artist/odessa-band,odessa-band,2026-04-25T09:33:06+00:00,2026-04-25T09:33:06+00:00,discovery
https://www.abc.net.au/triplejunearthed/artist/xaz,xaz,2026-04-25T09:33:06+00:00,2026-04-25T09:33:06+00:00,discovery
https://www.abc.net.au/triplejunearthed/artist/peteryes,peteryes,2026-04-25T09:33:06+00:00,2026-04-25T09:33:06+00:00,discovery
https://www.abc.net.au/triplejunearthed/artist/kinomotel,kinomotel,2026-04-25T09:33:06+00:00,2026-04-25T09:33:06+00:00,discovery
https://www.abc.net.au/triplejunearthed/artist/jemma-adamson,jemma-adamson,2026-04-25T09:33:06+00:00,2026-04-25T09:33:06+00:00,discovery
https://www.abc.net.au/triplejunearthed/artist/mistergochi,mistergochi,2026-04-25T09:33:06+00:00,2026-04-25T09:33:06+00:00,discovery
https://www.abc.net.au/triplejunearthed/artist/aydan,aydan,2026-04-25T09:33:06+00:00,2026-04-25T09:33:06+00:00,discovery
https://www.abc.net.au/triplejunearthed/artist/sleepthink,sleepthink,2026-04-25T09:33:06+00:00,2026-04-25T09:33:06+00:00,discovery
https://www.abc.net.au/triplejunearthed/artist/buried-at-sea,buried-at-sea,2026-04-25T09:33:06+00:00,2026-04-25T09:33:06+00:00,discovery
https://www.abc.net.au/triplejunearthed/artist/junga,junga,2026-04-25T09:33:06+00:00,2026-04-25T09:33:06+00:00,discovery
https://www.abc.net.au/triplejunearthed/artist/krankwalk,krankwalk,2026-04-25T09:33:06+00:00,2026-04-25T09:33:06+00:00,discovery
https://www.abc.net.au/triplejunearthed/artist/frank-villapana,frank-villapana,2026-04-25T09:33:06+00:00,2026-04-25T09:33:06+00:00,discovery
https://www.abc.net.au/triplejunearthed/artist/less-unless,less-unless,2026-04-25T09:33:13+00:00,2026-04-25T09:33:13+00:00,discovery
https://www.abc.net.au/triplejunearthed/artist/kaytlyn-johnson,kaytlyn-johnson,2026-04-25T09:33:13+00:00,2026-04-25T09:33:13+00:00,discovery
https://www.abc.net.au/triplejunearthed/artist/royaldrue,royaldrue,2026-04-25T09:33:13+00:00,2026-04-25T09:33:13+00:00,discovery
https://www.abc.net.au/triplejunearthed/artist/joelymusic,joelymusic,2026-04-25T09:33:13+00:00,2026-04-25T09:33:13+00:00,discovery
https://www.abc.net.au/triplejunearthed/artist/awaken-the-hate,awaken-the-hate,2026-04-25T09:33:13+00:00,2026-04-25T09:33:13+00:00,discovery
https://www.abc.net.au/triplejunearthed/artist/wrong-way-up,wrong-way-up,2026-04-25T09:33:13+00:00,2026-04-25T09:33:13+00:00,discovery
https://www.abc.net.au/triplejunearthed/artist/gypsy-lee,gypsy-lee,2026-04-25T09:33:13+00:00,2026-04-25T09:33:13+00:00,discovery
https://www.abc.net.au/triplejunearthed/artist/ghoolz-band,ghoolz-band,2026-04-25T09:33:13+00:00,2026-04-25T09:33:13+00:00,discovery
https://www.abc.net.au/triplejunearthed/artist/ponzi-scheme,ponzi-scheme,2026-04-25T09:33:13+00:00,2026-04-25T09:33:13+00:00,discovery
https://www.abc.net.au/triplejunearthed/artist/jack-rayner,jack-rayner,2026-04-25T09:33:13+00:00,2026-04-25T09:33:13+00:00,discovery
https://www.abc.net.au/triplejunearthed/artist/thisisnxon,thisisnxon,2026-04-25T09:33:13+00:00,2026-04-25T09:33:13+00:00,discovery
https://www.abc.net.au/triplejunearthed/artist/adele-rae,adele-rae,2026-04-25T09:33:13+00:00,2026-04-25T09:33:13+00:00,discovery
https://www.abc.net.au/triplejunearthed/artist/kylabelle,kylabelle,2026-04-25T09:33:19+00:00,2026-04-25T09:33:19+00:00,discovery
https://www.abc.net.au/triplejunearthed/artist/dj-duzza,dj-duzza,2026-04-25T09:33:19+00:00,2026-04-25T09:33:19+00:00,discovery
https://www.abc.net.au/triplejunearthed/artist/nutrium,nutrium,2026-04-25T09:33:19+00:00,2026-04-25T09:33:19+00:00,discovery
https://www.abc.net.au/triplejunearthed/artist/nataliejune,nataliejune,2026-04-25T09:33:19+00:00,2026-04-25T09:33:19+00:00,discovery
https://www.abc.net.au/triplejunearthed/artist/jackson-clucas,jackson-clucas,2026-04-25T09:33:19+00:00,2026-04-25T09:33:19+00:00,discovery
https://www.abc.net.au/triplejunearthed/artist/angel-tuesday,angel-tuesday,2026-04-25T09:33:19+00:00,2026-04-25T09:33:19+00:00,discovery
https://www.abc.net.au/triplejunearthed/artist/arion-fickel,arion-fickel,2026-04-25T09:33:19+00:00,2026-04-25T09:33:19+00:00,discovery
https://www.abc.net.au/triplejunearthed/artist/jam-on-raw-dough,jam-on-raw-dough,2026-04-25T09:33:19+00:00,2026-04-25T09:33:19+00:00,discovery
https://www.abc.net.au/triplejunearthed/artist/nevangelic,nevangelic,2026-04-25T09:33:19+00:00,2026-04-25T09:33:19+00:00,discovery
https://www.abc.net.au/triplejunearthed/artist/kidsofyesterday,kidsofyesterday,2026-04-25T09:33:19+00:00,2026-04-25T09:33:19+00:00,discovery
https://www.abc.net.au/triplejunearthed/artist/itsmatfrank,itsmatfrank,2026-04-25T09:33:19+00:00,2026-04-25T09:33:19+00:00,discovery
https://www.abc.net.au/triplejunearthed/artist/rain-delusion,rain-delusion,2026-04-25T09:33:20+00:00,2026-04-25T09:33:20+00:00,discovery
https://www.abc.net.au/triplejunearthed/artist/mozztek,mozztek,2026-04-25T09:33:20+00:00,2026-04-25T09:33:20+00:00,discovery
https://www.abc.net.au/triplejunearthed/artist/serlmusic,serlmusic,2026-04-25T09:33:20+00:00,2026-04-25T09:33:20+00:00,discovery
https://www.abc.net.au/triplejunearthed/artist/aaron-joseph-russo,aaron-joseph-russo,2026-04-25T09:33:20+00:00,2026-04-25T09:33:20+00:00,discovery
https://www.abc.net.au/triplejunearthed/artist/melody-kin,melody-kin,2026-04-25T09:33:20+00:00,2026-04-25T09:33:20+00:00,discovery
https://www.abc.net.au/triplejunearthed/artist/gisele,gisele,2026-04-25T09:33:20+00:00,2026-04-25T09:33:20+00:00,discovery
https://www.abc.net.au/triplejunearthed/artist/juil,juil,2026-04-25T09:33:27+00:00,2026-04-25T09:33:27+00:00,discovery
https://www.abc.net.au/triplejunearthed/artist/haydzo,haydzo,2026-04-25T09:33:27+00:00,2026-04-25T09:33:27+00:00,discovery
https://www.abc.net.au/triplejunearthed/artist/markydontmiss,markydontmiss,2026-04-25T09:33:27+00:00,2026-04-25T09:33:27+00:00,discovery
https://www.abc.net.au/triplejunearthed/artist/krypsis,krypsis,2026-04-25T09:33:27+00:00,2026-04-25T09:33:27+00:00,discovery
https://www.abc.net.au/triplejunearthed/artist/mal-kilpatrick,mal-kilpatrick,2026-04-25T09:33:27+00:00,2026-04-25T09:33:27+00:00,discovery
https://www.abc.net.au/triplejunearthed/artist/cry-club,cry-club,2026-04-25T09:33:27+00:00,2026-04-25T09:33:27+00:00,discovery
https://www.abc.net.au/triplejunearthed/artist/catching-moonbeams,catching-moonbeams,2026-04-25T09:33:27+00:00,2026-04-25T09:33:27+00:00,discovery
https://www.abc.net.au/triplejunearthed/artist/irken-armada,irken-armada,2026-04-25T09:33:27+00:00,2026-04-25T09:33:27+00:00,discovery
https://www.abc.net.au/triplejunearthed/artist/larsen,larsen,2026-04-25T09:33:27+00:00,2026-04-25T09:33:27+00:00,discovery
https://www.abc.net.au/triplejunearthed/artist/natalie-lockhart,natalie-lockhart,2026-04-25T09:33:27+00:00,2026-04-25T09:33:27+00:00,discovery
https://www.abc.net.au/triplejunearthed/artist/donuts,donuts,2026-04-25T09:33:27+00:00,2026-04-25T09:33:27+00:00,discovery
https://www.abc.net.au/triplejunearthed/artist/sean-malaika,sean-malaika,2026-04-25T09:33:27+00:00,2026-04-25T09:33:27+00:00,discovery
https://www.abc.net.au/triplejunearthed/artist/ethesia,ethesia,2026-04-25T09:33:27+00:00,2026-04-25T09:33:27+00:00,discovery
https://www.abc.net.au/triplejunearthed/artist/gracie-esther,gracie-esther,2026-04-25T09:33:27+00:00,2026-04-25T09:33:27+00:00,discovery
https://www.abc.net.au/triplejunearthed/artist/astralya,astralya,2026-04-25T09:33:27+00:00,2026-04-25T09:33:27+00:00,discovery
https://www.abc.net.au/triplejunearthed/artist/franciis,franciis,2026-04-25T09:33:27+00:00,2026-04-25T09:33:27+00:00,discovery
https://www.abc.net.au/triplejunearthed/artist/lazy-sunsets,lazy-sunsets,2026-04-25T09:33:27+00:00,2026-04-25T09:33:27+00:00,discovery
https://www.abc.net.au/triplejunearthed/artist/guano-c,guano-c,2026-04-25T09:33:34+00:00,2026-04-25T09:33:34+00:00,discovery
https://www.abc.net.au/triplejunearthed/artist/alexxmcconnell,alexxmcconnell,2026-04-25T09:33:34+00:00,2026-04-25T09:33:34+00:00,discovery
https://www.abc.net.au/triplejunearthed/artist/adrian-hayes,adrian-hayes,2026-04-25T09:33:34+00:00,2026-04-25T09:33:34+00:00,discovery
https://www.abc.net.au/triplejunearthed/artist/hayden-daniel-music,hayden-daniel-music,2026-04-25T09:33:34+00:00,2026-04-25T09:33:34+00:00,discovery
https://www.abc.net.au/triplejunearthed/artist/darmian,darmian,2026-04-25T09:33:34+00:00,2026-04-25T09:33:34+00:00,discovery
https://www.abc.net.au/triplejunearthed/artist/through-the-night,through-the-night,2026-04-25T09:33:34+00:00,2026-04-25T09:33:34+00:00,discovery
https://www.abc.net.au/triplejunearthed/artist/rikums,rikums,2026-04-25T09:33:34+00:00,2026-04-25T09:33:34+00:00,discovery
https://www.abc.net.au/triplejunearthed/artist/sexton,sexton,2026-04-25T09:33:34+00:00,2026-04-25T09:33:34+00:00,discovery
https://www.abc.net.au/triplejunearthed/artist/veryhandsomebilly,veryhandsomebilly,2026-04-25T09:33:34+00:00,2026-04-25T09:33:34+00:00,discovery
https://www.abc.net.au/triplejunearthed/artist/tapestry,tapestry,2026-04-25T09:33:34+00:00,2026-04-25T09:33:34+00:00,discovery
https://www.abc.net.au/triplejunearthed/artist/ben-smith-music,ben-smith-music,2026-04-25T09:33:34+00:00,2026-04-25T09:33:34+00:00,discovery
https://www.abc.net.au/triplejunearthed/artist/jadead,jadead,2026-04-25T09:33:34+00:00,2026-04-25T09:33:34+00:00,discovery
https://www.abc.net.au/triplejunearthed/artist/animaomada,animaomada,2026-04-25T09:33:34+00:00,2026-04-25T09:33:34+00:00,discovery
https://www.abc.net.au/triplejunearthed/artist/sweatbaby,sweatbaby,2026-04-25T09:33:34+00:00,2026-04-25T09:33:34+00:00,discovery
https://www.abc.net.au/triplejunearthed/artist/the-wild-onion,the-wild-onion,2026-04-25T09:33:40+00:00,2026-04-25T09:33:40+00:00,discovery
https://www.abc.net.au/triplejunearthed/artist/edison-doll,edison-doll,2026-04-25T09:33:40+00:00,2026-04-25T09:33:40+00:00,discovery
https://www.abc.net.au/triplejunearthed/artist/mia-ruby,mia-ruby,2026-04-25T09:33:40+00:00,2026-04-25T09:33:40+00:00,discovery
https://www.abc.net.au/triplejunearthed/artist/maisy,maisy,2026-04-25T09:33:40+00:00,2026-04-25T09:33:40+00:00,discovery
https://www.abc.net.au/triplejunearthed/artist/the-don-rosaveli,the-don-rosaveli,2026-04-25T09:33:40+00:00,2026-04-25T09:33:40+00:00,discovery
https://www.abc.net.au/triplejunearthed/artist/aleks-matic,aleks-matic,2026-04-25T09:33:40+00:00,2026-04-25T09:33:40+00:00,discovery
https://www.abc.net.au/triplejunearthed/artist/alecc,alecc,2026-04-25T09:33:40+00:00,2026-04-25T09:33:40+00:00,discovery
https://www.abc.net.au/triplejunearthed/artist/thecityau,thecityau,2026-04-25T09:33:40+00:00,2026-04-25T09:33:40+00:00,discovery
https://www.abc.net.au/triplejunearthed/artist/fernband,fernband,2026-04-25T09:33:40+00:00,2026-04-25T09:33:40+00:00,discovery
https://www.abc.net.au/triplejunearthed/artist/miah-bradley,miah-bradley,2026-04-25T09:33:40+00:00,2026-04-25T09:33:40+00:00,discovery
https://www.abc.net.au/triplejunearthed/artist/boundry,boundry,2026-04-25T09:33:40+00:00,2026-04-25T09:33:40+00:00,discovery
https://www.abc.net.au/triplejunearthed/artist/ma3sc3ol,ma3sc3ol,2026-04-25T09:33:40+00:00,2026-04-25T09:33:40+00:00,discovery
https://www.abc.net.au/triplejunearthed/artist/king-roman,king-roman,2026-04-25T09:33:40+00:00,2026-04-25T09:33:40+00:00,discovery
https://www.abc.net.au/triplejunearthed/artist/ghost-towns-midwest,ghost-towns-midwest,2026-04-25T09:33:41+00:00,2026-04-25T09:33:41+00:00,discovery
https://www.abc.net.au/triplejunearthed/artist/ancestor,ancestor,2026-04-25T09:33:41+00:00,2026-04-25T09:33:41+00:00,discovery
https://www.abc.net.au/triplejunearthed/artist/alex-waters-official,alex-waters-official,2026-04-25T09:33:48+00:00,2026-04-25T09:33:48+00:00,discovery
https://www.abc.net.au/triplejunearthed/artist/harry-hickok,harry-hickok,2026-04-25T09:33:48+00:00,2026-04-25T09:33:48+00:00,discovery
https://www.abc.net.au/triplejunearthed/artist/kit-genesis,kit-genesis,2026-04-25T09:33:48+00:00,2026-04-25T09:33:48+00:00,discovery
https://www.abc.net.au/triplejunearthed/artist/anfoneee,anfoneee,2026-04-25T09:33:48+00:00,2026-04-25T09:33:48+00:00,discovery
https://www.abc.net.au/triplejunearthed/artist/symbolsmusic,symbolsmusic,2026-04-25T09:33:48+00:00,2026-04-25T09:33:48+00:00,discovery
https://www.abc.net.au/triplejunearthed/artist/yours-to-keep,yours-to-keep,2026-04-25T09:33:48+00:00,2026-04-25T09:33:48+00:00,discovery
https://www.abc.net.au/triplejunearthed/artist/checkmate,checkmate,2026-04-25T09:33:48+00:00,2026-04-25T09:33:48+00:00,discovery
https://www.abc.net.au/triplejunearthed/artist/ej-wood,ej-wood,2026-04-25T09:33:48+00:00,2026-04-25T09:33:48+00:00,discovery
https://www.abc.net.au/triplejunearthed/artist/milly-and-the-maths-show,milly-and-the-maths-show,2026-04-25T09:33:48+00:00,2026-04-25T09:33:48+00:00,discovery
https://www.abc.net.au/triplejunearthed/artist/corrj,corrj,2026-04-25T09:33:48+00:00,2026-04-25T09:33:48+00:00,discovery
https://www.abc.net.au/triplejunearthed/artist/the-maps,the-maps,2026-04-25T09:33:48+00:00,2026-04-25T09:33:48+00:00,discovery
https://www.abc.net.au/triplejunearthed/artist/holy-forrest,holy-forrest,2026-04-25T09:33:48+00:00,2026-04-25T09:33:48+00:00,discovery
https://www.abc.net.au/triplejunearthed/artist/saskia-robin,saskia-robin,2026-04-25T09:33:48+00:00,2026-04-25T09:33:48+00:00,discovery
https://www.abc.net.au/triplejunearthed/artist/ria-grace,ria-grace,2026-04-25T09:33:48+00:00,2026-04-25T09:33:48+00:00,discovery
https://www.abc.net.au/triplejunearthed/artist/earth-cadet,earth-cadet,2026-04-25T09:33:54+00:00,2026-04-25T09:33:54+00:00,discovery
https://www.abc.net.au/triplejunearthed/artist/kasai,kasai,2026-04-25T09:33:55+00:00,2026-04-25T09:33:55+00:00,discovery
https://www.abc.net.au/triplejunearthed/artist/danger-den-0,danger-den-0,2026-04-25T09:33:55+00:00,2026-04-25T09:33:55+00:00,discovery
https://www.abc.net.au/triplejunearthed/artist/mani-zuko,mani-zuko,2026-04-25T09:33:55+00:00,2026-04-25T09:33:55+00:00,discovery
https://www.abc.net.au/triplejunearthed/artist/tbish,tbish,2026-04-25T09:33:55+00:00,2026-04-25T09:33:55+00:00,discovery
https://www.abc.net.au/triplejunearthed/artist/trip-dizzy,trip-dizzy,2026-04-25T09:33:55+00:00,2026-04-25T09:33:55+00:00,discovery
https://www.abc.net.au/triplejunearthed/artist/emily-rigz,emily-rigz,2026-04-25T09:33:55+00:00,2026-04-25T09:33:55+00:00,discovery
https://www.abc.net.au/triplejunearthed/artist/lekkar,lekkar,2026-04-25T09:33:55+00:00,2026-04-25T09:33:55+00:00,discovery
https://www.abc.net.au/triplejunearthed/artist/charlie-wilde,charlie-wilde,2026-04-25T09:33:55+00:00,2026-04-25T09:33:55+00:00,discovery
https://www.abc.net.au/triplejunearthed/artist/lalu,lalu,2026-04-25T09:33:55+00:00,2026-04-25T09:33:55+00:00,discovery
https://www.abc.net.au/triplejunearthed/artist/old-sport,old-sport,2026-04-25T09:33:55+00:00,2026-04-25T09:33:55+00:00,discovery
https://www.abc.net.au/triplejunearthed/artist/phil-and-the-blanks,phil-and-the-blanks,2026-04-25T09:33:55+00:00,2026-04-25T09:33:55+00:00,discovery
https://www.abc.net.au/triplejunearthed/artist/kassidy-lalor,kassidy-lalor,2026-04-25T09:33:55+00:00,2026-04-25T09:33:55+00:00,discovery
https://www.abc.net.au/triplejunearthed/artist/whoareyousumi,whoareyousumi,2026-04-25T09:33:55+00:00,2026-04-25T09:33:55+00:00,discovery
https://www.abc.net.au/triplejunearthed/artist/oliver-beard,oliver-beard,2026-04-25T09:34:01+00:00,2026-04-25T09:34:01+00:00,discovery
https://www.abc.net.au/triplejunearthed/artist/kathleen-halloran,kathleen-halloran,2026-04-25T09:34:01+00:00,2026-04-25T09:34:01+00:00,discovery
https://www.abc.net.au/triplejunearthed/artist/rhianna-lorae,rhianna-lorae,2026-04-25T09:34:01+00:00,2026-04-25T09:34:01+00:00,discovery
https://www.abc.net.au/triplejunearthed/artist/machine-on-a-break,machine-on-a-break,2026-04-25T09:34:01+00:00,2026-04-25T09:34:01+00:00,discovery
https://www.abc.net.au/triplejunearthed/artist/sirfindog,sirfindog,2026-04-25T09:34:02+00:00,2026-04-25T09:34:02+00:00,discovery
https://www.abc.net.au/triplejunearthed/artist/ofthewild,ofthewild,2026-04-25T09:34:02+00:00,2026-04-25T09:34:02+00:00,discovery
https://www.abc.net.au/triplejunearthed/artist/whysheranfromhome,whysheranfromhome,2026-04-25T09:34:02+00:00,2026-04-25T09:34:02+00:00,discovery
https://www.abc.net.au/triplejunearthed/artist/twisty-0,twisty-0,2026-04-25T09:34:02+00:00,2026-04-25T09:34:02+00:00,discovery
https://www.abc.net.au/triplejunearthed/artist/rain-indea-ann,rain-indea-ann,2026-04-25T09:34:02+00:00,2026-04-25T09:34:02+00:00,discovery
https://www.abc.net.au/triplejunearthed/artist/hayley-raven,hayley-raven,2026-04-25T09:34:02+00:00,2026-04-25T09:34:02+00:00,discovery
https://www.abc.net.au/triplejunearthed/artist/younique,younique,2026-04-25T09:34:02+00:00,2026-04-25T09:34:02+00:00,discovery
https://www.abc.net.au/triplejunearthed/artist/thesignalsau,thesignalsau,2026-04-25T09:34:02+00:00,2026-04-25T09:34:02+00:00,discovery
https://www.abc.net.au/triplejunearthed/artist/0dyssey,0dyssey,2026-04-25T09:34:02+00:00,2026-04-25T09:34:02+00:00,discovery
https://www.abc.net.au/triplejunearthed/artist/nancy-boy,nancy-boy,2026-04-25T09:34:09+00:00,2026-04-25T09:34:09+00:00,discovery
https://www.abc.net.au/triplejunearthed/artist/evie-mae-music,evie-mae-music,2026-04-25T09:34:09+00:00,2026-04-25T09:34:09+00:00,discovery
https://www.abc.net.au/triplejunearthed/artist/whiskeyjack,whiskeyjack,2026-04-25T09:34:09+00:00,2026-04-25T09:34:09+00:00,discovery
https://www.abc.net.au/triplejunearthed/artist/atlastxoxo,atlastxoxo,2026-04-25T09:34:09+00:00,2026-04-25T09:34:09+00:00,discovery
https://www.abc.net.au/triplejunearthed/artist/tanner-ratten,tanner-ratten,2026-04-25T09:34:09+00:00,2026-04-25T09:34:09+00:00,discovery
https://www.abc.net.au/triplejunearthed/artist/sleep-box-hotel,sleep-box-hotel,2026-04-25T09:34:09+00:00,2026-04-25T09:34:09+00:00,discovery
https://www.abc.net.au/triplejunearthed/artist/ballast,ballast,2026-04-25T09:34:09+00:00,2026-04-25T09:34:09+00:00,discovery
https://www.abc.net.au/triplejunearthed/artist/saintergo,saintergo,2026-04-25T09:34:09+00:00,2026-04-25T09:34:09+00:00,discovery
https://www.abc.net.au/triplejunearthed/artist/gaia-scarf,gaia-scarf,2026-04-25T09:34:09+00:00,2026-04-25T09:34:09+00:00,discovery
https://www.abc.net.au/triplejunearthed/artist/rhiannonrenea,rhiannonrenea,2026-04-25T09:34:09+00:00,2026-04-25T09:34:09+00:00,discovery
https://www.abc.net.au/triplejunearthed/artist/driller,driller,2026-04-25T09:34:09+00:00,2026-04-25T09:34:09+00:00,discovery
https://www.abc.net.au/triplejunearthed/artist/jordan-burns,jordan-burns,2026-04-25T09:34:09+00:00,2026-04-25T09:34:09+00:00,discovery
https://www.abc.net.au/triplejunearthed/artist/maili-clarke,maili-clarke,2026-04-25T09:34:09+00:00,2026-04-25T09:34:09+00:00,discovery
https://www.abc.net.au/triplejunearthed/artist/mila-faye,mila-faye,2026-04-25T09:34:09+00:00,2026-04-25T09:34:09+00:00,discovery
https://www.abc.net.au/triplejunearthed/artist/1tbsp,1tbsp,2026-04-25T09:34:09+00:00,2026-04-25T09:34:09+00:00,discovery
https://www.abc.net.au/triplejunearthed/artist/munanisaverage,munanisaverage,2026-04-25T09:34:16+00:00,2026-04-25T09:34:16+00:00,discovery
https://www.abc.net.au/triplejunearthed/artist/varuni-lila,varuni-lila,2026-04-25T09:34:16+00:00,2026-04-25T09:34:16+00:00,discovery
https://www.abc.net.au/triplejunearthed/artist/fool-me-twice,fool-me-twice,2026-04-25T09:34:16+00:00,2026-04-25T09:34:16+00:00,discovery
https://www.abc.net.au/triplejunearthed/artist/goon-rags,goon-rags,2026-04-25T09:34:16+00:00,2026-04-25T09:34:16+00:00,discovery
https://www.abc.net.au/triplejunearthed/artist/keely-music,keely-music,2026-04-25T09:34:16+00:00,2026-04-25T09:34:16+00:00,discovery
https://www.abc.net.au/triplejunearthed/artist/shaun-cechner,shaun-cechner,2026-04-25T09:34:16+00:00,2026-04-25T09:34:16+00:00,discovery
https://www.abc.net.au/triplejunearthed/artist/local-the-neighbour,local-the-neighbour,2026-04-25T09:34:16+00:00,2026-04-25T09:34:16+00:00,discovery
https://www.abc.net.au/triplejunearthed/artist/j6ke,j6ke,2026-04-25T09:34:16+00:00,2026-04-25T09:34:16+00:00,discovery
https://www.abc.net.au/triplejunearthed/artist/hyper-rare,hyper-rare,2026-04-25T09:34:16+00:00,2026-04-25T09:34:16+00:00,discovery
https://www.abc.net.au/triplejunearthed/artist/elmine-isa,elmine-isa,2026-04-25T09:34:16+00:00,2026-04-25T09:34:16+00:00,discovery
https://www.abc.net.au/triplejunearthed/artist/jaden,jaden,2026-04-25T09:34:16+00:00,2026-04-25T09:34:16+00:00,discovery
https://www.abc.net.au/triplejunearthed/artist/marasa,marasa,2026-04-25T09:34:16+00:00,2026-04-25T09:34:16+00:00,discovery
https://www.abc.net.au/triplejunearthed/artist/ukulele-death-squad,ukulele-death-squad,2026-04-25T09:34:16+00:00,2026-04-25T09:34:16+00:00,discovery
https://www.abc.net.au/triplejunearthed/artist/sahxl506,sahxl506,2026-04-25T09:34:16+00:00,2026-04-25T09:34:16+00:00,discovery
https://www.abc.net.au/triplejunearthed/artist/jujo,jujo,2026-04-25T09:34:16+00:00,2026-04-25T09:34:16+00:00,discovery
https://www.abc.net.au/triplejunearthed/artist/satorius,satorius,2026-04-25T09:34:16+00:00,2026-04-25T09:34:16+00:00,discovery
https://www.abc.net.au/triplejunearthed/artist/zoevi,zoevi,2026-04-25T09:34:21+00:00,2026-04-25T09:34:21+00:00,discovery
https://www.abc.net.au/triplejunearthed/artist/zhng,zhng,2026-04-25T09:34:21+00:00,2026-04-25T09:34:21+00:00,discovery
https://www.abc.net.au/triplejunearthed/artist/nicci-ru,nicci-ru,2026-04-25T09:34:21+00:00,2026-04-25T09:34:21+00:00,discovery
https://www.abc.net.au/triplejunearthed/artist/st-tragedy,st-tragedy,2026-04-25T09:34:22+00:00,2026-04-25T09:34:22+00:00,discovery
https://www.abc.net.au/triplejunearthed/artist/time-only,time-only,2026-04-25T09:34:22+00:00,2026-04-25T09:34:22+00:00,discovery
https://www.abc.net.au/triplejunearthed/artist/chloe-gill,chloe-gill,2026-04-25T09:34:22+00:00,2026-04-25T09:34:22+00:00,discovery
https://www.abc.net.au/triplejunearthed/artist/mister-co,mister-co,2026-04-25T09:34:22+00:00,2026-04-25T09:34:22+00:00,discovery
https://www.abc.net.au/triplejunearthed/artist/morelife,morelife,2026-04-25T09:34:22+00:00,2026-04-25T09:34:22+00:00,discovery
https://www.abc.net.au/triplejunearthed/artist/luke-saunders,luke-saunders,2026-04-25T09:34:22+00:00,2026-04-25T09:34:22+00:00,discovery
https://www.abc.net.au/triplejunearthed/artist/burn-the-kingdom,burn-the-kingdom,2026-04-25T09:34:22+00:00,2026-04-25T09:34:22+00:00,discovery
https://www.abc.net.au/triplejunearthed/artist/bechill,bechill,2026-04-25T09:34:22+00:00,2026-04-25T09:34:22+00:00,discovery
https://www.abc.net.au/triplejunearthed/artist/john-edge-jones,john-edge-jones,2026-04-25T09:34:22+00:00,2026-04-25T09:34:22+00:00,discovery
https://www.abc.net.au/triplejunearthed/artist/ourobonic-plague,ourobonic-plague,2026-04-25T09:34:22+00:00,2026-04-25T09:34:22+00:00,discovery
https://www.abc.net.au/triplejunearthed/artist/tiaryn,tiaryn,2026-04-25T09:34:29+00:00,2026-04-25T09:34:29+00:00,discovery
https://www.abc.net.au/triplejunearthed/artist/eli-wan,eli-wan,2026-04-25T09:34:29+00:00,2026-04-25T09:34:29+00:00,discovery
https://www.abc.net.au/triplejunearthed/artist/baut,baut,2026-04-25T09:34:29+00:00,2026-04-25T09:34:29+00:00,discovery
https://www.abc.net.au/triplejunearthed/artist/amity-j-gilmour,amity-j-gilmour,2026-04-25T09:34:29+00:00,2026-04-25T09:34:29+00:00,discovery
https://www.abc.net.au/triplejunearthed/artist/hommus-idol,hommus-idol,2026-04-25T09:34:29+00:00,2026-04-25T09:34:29+00:00,discovery
https://www.abc.net.au/triplejunearthed/artist/joe-mungovan,joe-mungovan,2026-04-25T09:34:29+00:00,2026-04-25T09:34:29+00:00,discovery
https://www.abc.net.au/triplejunearthed/artist/avalonrose,avalonrose,2026-04-25T09:34:29+00:00,2026-04-25T09:34:29+00:00,discovery
https://www.abc.net.au/triplejunearthed/artist/filthy-apes-0,filthy-apes-0,2026-04-25T09:34:29+00:00,2026-04-25T09:34:29+00:00,discovery
https://www.abc.net.au/triplejunearthed/artist/tait-poyser,tait-poyser,2026-04-25T09:34:29+00:00,2026-04-25T09:34:29+00:00,discovery
https://www.abc.net.au/triplejunearthed/artist/chasing-luena,chasing-luena,2026-04-25T09:34:29+00:00,2026-04-25T09:34:29+00:00,discovery
https://www.abc.net.au/triplejunearthed/artist/antenna,antenna,2026-04-25T09:34:29+00:00,2026-04-25T09:34:29+00:00,discovery
https://www.abc.net.au/triplejunearthed/artist/swanpond,swanpond,2026-04-25T09:34:29+00:00,2026-04-25T09:34:29+00:00,discovery
https://www.abc.net.au/triplejunearthed/artist/kite-vendor,kite-vendor,2026-04-25T09:34:29+00:00,2026-04-25T09:34:29+00:00,discovery
https://www.abc.net.au/triplejunearthed/artist/jannah-beth,jannah-beth,2026-04-25T09:34:29+00:00,2026-04-25T09:34:29+00:00,discovery
https://www.abc.net.au/triplejunearthed/artist/deadshowws,deadshowws,2026-04-25T09:34:29+00:00,2026-04-25T09:34:29+00:00,discovery
https://www.abc.net.au/triplejunearthed/artist/vv-ace,vv-ace,2026-04-25T09:34:29+00:00,2026-04-25T09:34:29+00:00,discovery
https://www.abc.net.au/triplejunearthed/artist/jade-rush,jade-rush,2026-04-25T09:34:36+00:00,2026-04-25T09:34:36+00:00,discovery
https://www.abc.net.au/triplejunearthed/artist/sadboiclub,sadboiclub,2026-04-25T09:34:37+00:00,2026-04-25T09:34:37+00:00,discovery
https://www.abc.net.au/triplejunearthed/artist/blade-hooper,blade-hooper,2026-04-25T09:34:37+00:00,2026-04-25T09:34:37+00:00,discovery
https://www.abc.net.au/triplejunearthed/artist/karma-tha-kid,karma-tha-kid,2026-04-25T09:34:37+00:00,2026-04-25T09:34:37+00:00,discovery
https://www.abc.net.au/triplejunearthed/artist/david-grey333,david-grey333,2026-04-25T09:34:37+00:00,2026-04-25T09:34:37+00:00,discovery
https://www.abc.net.au/triplejunearthed/artist/ma-colour,ma-colour,2026-04-25T09:34:37+00:00,2026-04-25T09:34:37+00:00,discovery
https://www.abc.net.au/triplejunearthed/artist/ever-hvrt,ever-hvrt,2026-04-25T09:34:37+00:00,2026-04-25T09:34:37+00:00,discovery
https://www.abc.net.au/triplejunearthed/artist/eleanor-chadwick-music,eleanor-chadwick-music,2026-04-25T09:34:37+00:00,2026-04-25T09:34:37+00:00,discovery
https://www.abc.net.au/triplejunearthed/artist/majelen,majelen,2026-04-25T09:34:37+00:00,2026-04-25T09:34:37+00:00,discovery
https://www.abc.net.au/triplejunearthed/artist/growing-alder,growing-alder,2026-04-25T09:34:37+00:00,2026-04-25T09:34:37+00:00,discovery
https://www.abc.net.au/triplejunearthed/artist/akosia-0,akosia-0,2026-04-25T09:34:37+00:00,2026-04-25T09:34:37+00:00,discovery
https://www.abc.net.au/triplejunearthed/artist/in-good-hands,in-good-hands,2026-04-25T09:34:37+00:00,2026-04-25T09:34:37+00:00,discovery
https://www.abc.net.au/triplejunearthed/artist/sekta,sekta,2026-04-25T09:34:37+00:00,2026-04-25T09:34:37+00:00,discovery
https://www.abc.net.au/triplejunearthed/artist/the-pillars,the-pillars,2026-04-25T09:34:37+00:00,2026-04-25T09:34:37+00:00,discovery
https://www.abc.net.au/triplejunearthed/artist/motorcyclejones,motorcyclejones,2026-04-25T09:34:43+00:00,2026-04-25T09:34:43+00:00,discovery
https://www.abc.net.au/triplejunearthed/artist/live-slug-reaction,live-slug-reaction,2026-04-25T09:34:43+00:00,2026-04-25T09:34:43+00:00,discovery
https://www.abc.net.au/triplejunearthed/artist/zac-rari,zac-rari,2026-04-25T09:34:43+00:00,2026-04-25T09:34:43+00:00,discovery
https://www.abc.net.au/triplejunearthed/artist/paddy-au,paddy-au,2026-04-25T09:34:43+00:00,2026-04-25T09:34:43+00:00,discovery
https://www.abc.net.au/triplejunearthed/artist/red-moon-cowboy,red-moon-cowboy,2026-04-25T09:34:43+00:00,2026-04-25T09:34:43+00:00,discovery
https://www.abc.net.au/triplejunearthed/artist/nateg,nateg,2026-04-25T09:34:43+00:00,2026-04-25T09:34:43+00:00,discovery
https://www.abc.net.au/triplejunearthed/artist/left-syndicate,left-syndicate,2026-04-25T09:34:43+00:00,2026-04-25T09:34:43+00:00,discovery
https://www.abc.net.au/triplejunearthed/artist/indi-the-giant,indi-the-giant,2026-04-25T09:34:43+00:00,2026-04-25T09:34:43+00:00,discovery
https://www.abc.net.au/triplejunearthed/artist/the-kind-hills,the-kind-hills,2026-04-25T09:34:43+00:00,2026-04-25T09:34:43+00:00,discovery
https://www.abc.net.au/triplejunearthed/artist/thirteen-days,thirteen-days,2026-04-25T09:34:43+00:00,2026-04-25T09:34:43+00:00,discovery
https://www.abc.net.au/triplejunearthed/artist/zam,zam,2026-04-25T09:34:43+00:00,2026-04-25T09:34:43+00:00,discovery
https://www.abc.net.au/triplejunearthed/artist/trinitynthesluts,trinitynthesluts,2026-04-25T09:34:43+00:00,2026-04-25T09:34:43+00:00,discovery
https://www.abc.net.au/triplejunearthed/artist/late-90s,late-90s,2026-04-25T09:34:43+00:00,2026-04-25T09:34:43+00:00,discovery
https://www.abc.net.au/triplejunearthed/artist/stahr,stahr,2026-04-25T09:34:43+00:00,2026-04-25T09:34:43+00:00,discovery
https://www.abc.net.au/triplejunearthed/artist/a-mate-of-mine,a-mate-of-mine,2026-04-25T09:34:43+00:00,2026-04-25T09:34:43+00:00,discovery
https://www.abc.net.au/triplejunearthed/artist/jamieson,jamieson,2026-04-25T09:34:43+00:00,2026-04-25T09:34:43+00:00,discovery
https://www.abc.net.au/triplejunearthed/artist/officailjuzdan,officailjuzdan,2026-04-25T09:34:43+00:00,2026-04-25T09:34:43+00:00,discovery
https://www.abc.net.au/triplejunearthed/artist/mood-board,mood-board,2026-04-25T09:34:50+00:00,2026-04-25T09:34:50+00:00,discovery
https://www.abc.net.au/triplejunearthed/artist/laces,laces,2026-04-25T09:34:50+00:00,2026-04-25T09:34:50+00:00,discovery
https://www.abc.net.au/triplejunearthed/artist/thursday-addams,thursday-addams,2026-04-25T09:34:50+00:00,2026-04-25T09:34:50+00:00,discovery
https://www.abc.net.au/triplejunearthed/artist/amati6,amati6,2026-04-25T09:34:50+00:00,2026-04-25T09:34:50+00:00,discovery
https://www.abc.net.au/triplejunearthed/artist/heterochromiaau,heterochromiaau,2026-04-25T09:34:50+00:00,2026-04-25T09:34:50+00:00,discovery
https://www.abc.net.au/triplejunearthed/artist/buggy,buggy,2026-04-25T09:34:50+00:00,2026-04-25T09:34:50+00:00,discovery
https://www.abc.net.au/triplejunearthed/artist/jaeq,jaeq,2026-04-25T09:34:50+00:00,2026-04-25T09:34:50+00:00,discovery
https://www.abc.net.au/triplejunearthed/artist/zorroviann,zorroviann,2026-04-25T09:34:50+00:00,2026-04-25T09:34:50+00:00,discovery
https://www.abc.net.au/triplejunearthed/artist/dylan-maxwell,dylan-maxwell,2026-04-25T09:34:50+00:00,2026-04-25T09:34:50+00:00,discovery
https://www.abc.net.au/triplejunearthed/artist/grousemusic,grousemusic,2026-04-25T09:34:50+00:00,2026-04-25T09:34:50+00:00,discovery
https://www.abc.net.au/triplejunearthed/artist/edie,edie,2026-04-25T09:34:50+00:00,2026-04-25T09:34:50+00:00,discovery
https://www.abc.net.au/triplejunearthed/artist/kdash4k,kdash4k,2026-04-25T09:34:51+00:00,2026-04-25T09:34:51+00:00,discovery
https://www.abc.net.au/triplejunearthed/artist/ith,ith,2026-04-25T09:34:51+00:00,2026-04-25T09:34:51+00:00,discovery
https://www.abc.net.au/triplejunearthed/artist/polybiusband,polybiusband,2026-04-25T09:34:51+00:00,2026-04-25T09:34:51+00:00,discovery
https://www.abc.net.au/triplejunearthed/artist/twinkle-digitz,twinkle-digitz,2026-04-25T09:34:51+00:00,2026-04-25T09:34:51+00:00,discovery
https://www.abc.net.au/triplejunearthed/artist/sianon,sianon,2026-04-25T09:34:51+00:00,2026-04-25T09:34:51+00:00,discovery
https://www.abc.net.au/triplejunearthed/artist/chandler-jewels,chandler-jewels,2026-04-25T09:34:57+00:00,2026-04-25T09:34:57+00:00,discovery
https://www.abc.net.au/triplejunearthed/artist/mars-club,mars-club,2026-04-25T09:34:57+00:00,2026-04-25T09:34:57+00:00,discovery
https://www.abc.net.au/triplejunearthed/artist/grandmastergucci,grandmastergucci,2026-04-25T09:34:57+00:00,2026-04-25T09:34:57+00:00,discovery
https://www.abc.net.au/triplejunearthed/artist/indigo-ellis,indigo-ellis,2026-04-25T09:34:57+00:00,2026-04-25T09:34:57+00:00,discovery
https://www.abc.net.au/triplejunearthed/artist/vanda-blue,vanda-blue,2026-04-25T09:34:57+00:00,2026-04-25T09:34:57+00:00,discovery
https://www.abc.net.au/triplejunearthed/artist/feelds-0,feelds-0,2026-04-25T09:34:57+00:00,2026-04-25T09:34:57+00:00,discovery
https://www.abc.net.au/triplejunearthed/artist/holdingholdingholding,holdingholdingholding,2026-04-25T09:34:57+00:00,2026-04-25T09:34:57+00:00,discovery
https://www.abc.net.au/triplejunearthed/artist/patrique,patrique,2026-04-25T09:34:57+00:00,2026-04-25T09:34:57+00:00,discovery
https://www.abc.net.au/triplejunearthed/artist/kaeda-daze,kaeda-daze,2026-04-25T09:34:57+00:00,2026-04-25T09:34:57+00:00,discovery
https://www.abc.net.au/triplejunearthed/artist/ben-lunt,ben-lunt,2026-04-25T09:34:57+00:00,2026-04-25T09:34:57+00:00,discovery
https://www.abc.net.au/triplejunearthed/artist/psy-eye,psy-eye,2026-04-25T09:34:57+00:00,2026-04-25T09:34:57+00:00,discovery
https://www.abc.net.au/triplejunearthed/artist/carmen-pepper,carmen-pepper,2026-04-25T09:34:57+00:00,2026-04-25T09:34:57+00:00,discovery
https://www.abc.net.au/triplejunearthed/artist/somewhere-in-siberia,somewhere-in-siberia,2026-04-25T09:34:58+00:00,2026-04-25T09:34:58+00:00,discovery
https://www.abc.net.au/triplejunearthed/artist/buex,buex,2026-04-25T09:34:58+00:00,2026-04-25T09:34:58+00:00,discovery
https://www.abc.net.au/triplejunearthed/artist/justxandri,justxandri,2026-04-25T09:34:58+00:00,2026-04-25T09:34:58+00:00,discovery
https://www.abc.net.au/triplejunearthed/artist/cassy-cai,cassy-cai,2026-04-25T09:34:58+00:00,2026-04-25T09:34:58+00:00,discovery
https://www.abc.net.au/triplejunearthed/artist/s-h-a-u-n,s-h-a-u-n,2026-04-25T09:34:58+00:00,2026-04-25T09:34:58+00:00,discovery
https://www.abc.net.au/triplejunearthed/artist/petrov-affair,petrov-affair,2026-04-25T09:35:04+00:00,2026-04-25T09:35:04+00:00,discovery
https://www.abc.net.au/triplejunearthed/artist/thommusic,thommusic,2026-04-25T09:35:04+00:00,2026-04-25T09:35:04+00:00,discovery
https://www.abc.net.au/triplejunearthed/artist/thechordroys,thechordroys,2026-04-25T09:35:04+00:00,2026-04-25T09:35:04+00:00,discovery
https://www.abc.net.au/triplejunearthed/artist/harrison-jay-dee,harrison-jay-dee,2026-04-25T09:35:04+00:00,2026-04-25T09:35:04+00:00,discovery
https://www.abc.net.au/triplejunearthed/artist/groovia,groovia,2026-04-25T09:35:04+00:00,2026-04-25T09:35:04+00:00,discovery
https://www.abc.net.au/triplejunearthed/artist/sophiaclark,sophiaclark,2026-04-25T09:35:04+00:00,2026-04-25T09:35:04+00:00,discovery
https://www.abc.net.au/triplejunearthed/artist/lonely-computer,lonely-computer,2026-04-25T09:35:04+00:00,2026-04-25T09:35:04+00:00,discovery
https://www.abc.net.au/triplejunearthed/artist/zither-jackson,zither-jackson,2026-04-25T09:35:04+00:00,2026-04-25T09:35:04+00:00,discovery
https://www.abc.net.au/triplejunearthed/artist/the-only-arena,the-only-arena,2026-04-25T09:35:04+00:00,2026-04-25T09:35:04+00:00,discovery
https://www.abc.net.au/triplejunearthed/artist/danienli,danienli,2026-04-25T09:35:04+00:00,2026-04-25T09:35:04+00:00,discovery
https://www.abc.net.au/triplejunearthed/artist/caisha-sprout,caisha-sprout,2026-04-25T09:35:04+00:00,2026-04-25T09:35:04+00:00,discovery
https://www.abc.net.au/triplejunearthed/artist/dan-paradise,dan-paradise,2026-04-25T09:35:04+00:00,2026-04-25T09:35:04+00:00,discovery
https://www.abc.net.au/triplejunearthed/artist/arabella-romi,arabella-romi,2026-04-25T09:35:04+00:00,2026-04-25T09:35:04+00:00,discovery
https://www.abc.net.au/triplejunearthed/artist/boredslide,boredslide,2026-04-25T09:35:04+00:00,2026-04-25T09:35:04+00:00,discovery
https://www.abc.net.au/triplejunearthed/artist/1111lui,1111lui,2026-04-25T09:35:12+00:00,2026-04-25T09:35:12+00:00,discovery
https://www.abc.net.au/triplejunearthed/artist/jackgeorges,jackgeorges,2026-04-25T09:35:12+00:00,2026-04-25T09:35:12+00:00,discovery
https://www.abc.net.au/triplejunearthed/artist/tara-falleti,tara-falleti,2026-04-25T09:35:12+00:00,2026-04-25T09:35:12+00:00,discovery
https://www.abc.net.au/triplejunearthed/artist/hyden-zeke,hyden-zeke,2026-04-25T09:35:12+00:00,2026-04-25T09:35:12+00:00,discovery
https://www.abc.net.au/triplejunearthed/artist/freer,freer,2026-04-25T09:35:12+00:00,2026-04-25T09:35:12+00:00,discovery
https://www.abc.net.au/triplejunearthed/artist/dylan-voller,dylan-voller,2026-04-25T09:35:12+00:00,2026-04-25T09:35:12+00:00,discovery
https://www.abc.net.au/triplejunearthed/artist/bronte-alva,bronte-alva,2026-04-25T09:35:12+00:00,2026-04-25T09:35:12+00:00,discovery
https://www.abc.net.au/triplejunearthed/artist/conflikt,conflikt,2026-04-25T09:35:12+00:00,2026-04-25T09:35:12+00:00,discovery
https://www.abc.net.au/triplejunearthed/artist/jazzy-dale,jazzy-dale,2026-04-25T09:35:12+00:00,2026-04-25T09:35:12+00:00,discovery
https://www.abc.net.au/triplejunearthed/artist/mr-libi,mr-libi,2026-04-25T09:35:12+00:00,2026-04-25T09:35:12+00:00,discovery
https://www.abc.net.au/triplejunearthed/artist/mr0libi,mr0libi,2026-04-25T09:35:12+00:00,2026-04-25T09:35:12+00:00,discovery
https://www.abc.net.au/triplejunearthed/artist/cosmos-vigh,cosmos-vigh,2026-04-25T09:35:12+00:00,2026-04-25T09:35:12+00:00,discovery
https://www.abc.net.au/triplejunearthed/artist/go-xo,go-xo,2026-04-25T09:35:12+00:00,2026-04-25T09:35:12+00:00,discovery
https://www.abc.net.au/triplejunearthed/artist/xziva,xziva,2026-04-25T09:35:20+00:00,2026-04-25T09:35:20+00:00,discovery
https://www.abc.net.au/triplejunearthed/artist/cheeky-leash,cheeky-leash,2026-04-25T09:35:20+00:00,2026-04-25T09:35:20+00:00,discovery
https://www.abc.net.au/triplejunearthed/artist/kia-zul,kia-zul,2026-04-25T09:35:20+00:00,2026-04-25T09:35:20+00:00,discovery
https://www.abc.net.au/triplejunearthed/artist/jesse-morris-shakedown,jesse-morris-shakedown,2026-04-25T09:35:20+00:00,2026-04-25T09:35:20+00:00,discovery
https://www.abc.net.au/triplejunearthed/artist/birdland,birdland,2026-04-25T09:35:20+00:00,2026-04-25T09:35:20+00:00,discovery
https://www.abc.net.au/triplejunearthed/artist/simmkimm,simmkimm,2026-04-25T09:35:20+00:00,2026-04-25T09:35:20+00:00,discovery
https://www.abc.net.au/triplejunearthed/artist/kani-kombanie,kani-kombanie,2026-04-25T09:35:20+00:00,2026-04-25T09:35:20+00:00,discovery
https://www.abc.net.au/triplejunearthed/artist/aelion,aelion,2026-04-25T09:35:20+00:00,2026-04-25T09:35:20+00:00,discovery
https://www.abc.net.au/triplejunearthed/artist/24seven,24seven,2026-04-25T09:35:20+00:00,2026-04-25T09:35:20+00:00,discovery
https://www.abc.net.au/triplejunearthed/artist/julia-camille,julia-camille,2026-04-25T09:35:20+00:00,2026-04-25T09:35:20+00:00,discovery
https://www.abc.net.au/triplejunearthed/artist/gia-darcy,gia-darcy,2026-04-25T09:35:20+00:00,2026-04-25T09:35:20+00:00,discovery
https://www.abc.net.au/triplejunearthed/artist/eleanor-wyling,eleanor-wyling,2026-04-25T09:35:26+00:00,2026-04-25T09:35:26+00:00,discovery
https://www.abc.net.au/triplejunearthed/artist/jonathanbufalinomusic,jonathanbufalinomusic,2026-04-25T09:35:26+00:00,2026-04-25T09:35:26+00:00,discovery
https://www.abc.net.au/triplejunearthed/artist/lawrah,lawrah,2026-04-25T09:35:26+00:00,2026-04-25T09:35:26+00:00,discovery
https://www.abc.net.au/triplejunearthed/artist/all-regards,all-regards,2026-04-25T09:35:26+00:00,2026-04-25T09:35:26+00:00,discovery
https://www.abc.net.au/triplejunearthed/artist/bogans-run,bogans-run,2026-04-25T09:35:26+00:00,2026-04-25T09:35:26+00:00,discovery
https://www.abc.net.au/triplejunearthed/artist/clifton,clifton,2026-04-25T09:35:26+00:00,2026-04-25T09:35:26+00:00,discovery
https://www.abc.net.au/triplejunearthed/artist/therevstars,therevstars,2026-04-25T09:35:26+00:00,2026-04-25T09:35:26+00:00,discovery
https://www.abc.net.au/triplejunearthed/artist/steffi-k,steffi-k,2026-04-25T09:35:26+00:00,2026-04-25T09:35:26+00:00,discovery
https://www.abc.net.au/triplejunearthed/artist/uccismood,uccismood,2026-04-25T09:35:27+00:00,2026-04-25T09:35:27+00:00,discovery
https://www.abc.net.au/triplejunearthed/artist/zoran-van-zindell,zoran-van-zindell,2026-04-25T09:35:27+00:00,2026-04-25T09:35:27+00:00,discovery
https://www.abc.net.au/triplejunearthed/artist/the-chop,the-chop,2026-04-25T09:35:27+00:00,2026-04-25T09:35:27+00:00,discovery
https://www.abc.net.au/triplejunearthed/artist/kingdiederik,kingdiederik,2026-04-25T09:35:27+00:00,2026-04-25T09:35:27+00:00,discovery
https://www.abc.net.au/triplejunearthed/artist/lilacmusic,lilacmusic,2026-04-25T09:35:27+00:00,2026-04-25T09:35:27+00:00,discovery
https://www.abc.net.au/triplejunearthed/artist/saith,saith,2026-04-25T09:35:33+00:00,2026-04-25T09:35:33+00:00,discovery
https://www.abc.net.au/triplejunearthed/artist/xander-monteath,xander-monteath,2026-04-25T09:35:33+00:00,2026-04-25T09:35:33+00:00,discovery
https://www.abc.net.au/triplejunearthed/artist/royalcommission,royalcommission,2026-04-25T09:35:33+00:00,2026-04-25T09:35:33+00:00,discovery
https://www.abc.net.au/triplejunearthed/artist/darcy-young,darcy-young,2026-04-25T09:35:33+00:00,2026-04-25T09:35:33+00:00,discovery
https://www.abc.net.au/triplejunearthed/artist/after-the-years,after-the-years,2026-04-25T09:35:33+00:00,2026-04-25T09:35:33+00:00,discovery
https://www.abc.net.au/triplejunearthed/artist/stampy,stampy,2026-04-25T09:35:33+00:00,2026-04-25T09:35:33+00:00,discovery
https://www.abc.net.au/triplejunearthed/artist/loteq,loteq,2026-04-25T09:35:33+00:00,2026-04-25T09:35:33+00:00,discovery
https://www.abc.net.au/triplejunearthed/artist/epworth,epworth,2026-04-25T09:35:33+00:00,2026-04-25T09:35:33+00:00,discovery
https://www.abc.net.au/triplejunearthed/artist/matbern,matbern,2026-04-25T09:35:33+00:00,2026-04-25T09:35:33+00:00,discovery
https://www.abc.net.au/triplejunearthed/artist/jmunz,jmunz,2026-04-25T09:35:33+00:00,2026-04-25T09:35:33+00:00,discovery
https://www.abc.net.au/triplejunearthed/artist/mildred,mildred,2026-04-25T09:35:33+00:00,2026-04-25T09:35:33+00:00,discovery
https://www.abc.net.au/triplejunearthed/artist/eddy-dillon,eddy-dillon,2026-04-25T09:35:41+00:00,2026-04-25T09:35:41+00:00,discovery
https://www.abc.net.au/triplejunearthed/artist/green-room-au,green-room-au,2026-04-25T09:35:41+00:00,2026-04-25T09:35:41+00:00,discovery
https://www.abc.net.au/triplejunearthed/artist/jete,jete,2026-04-25T09:35:41+00:00,2026-04-25T09:35:41+00:00,discovery
https://www.abc.net.au/triplejunearthed/artist/lime-king,lime-king,2026-04-25T09:35:41+00:00,2026-04-25T09:35:41+00:00,discovery
https://www.abc.net.au/triplejunearthed/artist/charless,charless,2026-04-25T09:35:42+00:00,2026-04-25T09:35:42+00:00,discovery
https://www.abc.net.au/triplejunearthed/artist/itsrosiequartz,itsrosiequartz,2026-04-25T09:35:42+00:00,2026-04-25T09:35:42+00:00,discovery
https://www.abc.net.au/triplejunearthed/artist/nyan-tun,nyan-tun,2026-04-25T09:35:42+00:00,2026-04-25T09:35:42+00:00,discovery
https://www.abc.net.au/triplejunearthed/artist/oliver-369,oliver-369,2026-04-25T09:35:42+00:00,2026-04-25T09:35:42+00:00,discovery
https://www.abc.net.au/triplejunearthed/artist/jake-dalby,jake-dalby,2026-04-25T09:35:42+00:00,2026-04-25T09:35:42+00:00,discovery
https://www.abc.net.au/triplejunearthed/artist/cosmic-vice,cosmic-vice,2026-04-25T09:35:42+00:00,2026-04-25T09:35:42+00:00,discovery
https://www.abc.net.au/triplejunearthed/artist/dedpan,dedpan,2026-04-25T09:35:49+00:00,2026-04-25T09:35:49+00:00,discovery
https://www.abc.net.au/triplejunearthed/artist/crash-the-crapenters,crash-the-crapenters,2026-04-25T09:35:49+00:00,2026-04-25T09:35:49+00:00,discovery
https://www.abc.net.au/triplejunearthed/artist/indianna,indianna,2026-04-25T09:35:49+00:00,2026-04-25T09:35:49+00:00,discovery
https://www.abc.net.au/triplejunearthed/artist/jazah,jazah,2026-04-25T09:35:49+00:00,2026-04-25T09:35:49+00:00,discovery
https://www.abc.net.au/triplejunearthed/artist/jay-london,jay-london,2026-04-25T09:35:49+00:00,2026-04-25T09:35:49+00:00,discovery
https://www.abc.net.au/triplejunearthed/artist/peter-atzemis,peter-atzemis,2026-04-25T09:35:49+00:00,2026-04-25T09:35:49+00:00,discovery
https://www.abc.net.au/triplejunearthed/artist/starmaps,starmaps,2026-04-25T09:35:49+00:00,2026-04-25T09:35:49+00:00,discovery
https://www.abc.net.au/triplejunearthed/artist/40urt,40urt,2026-04-25T09:35:49+00:00,2026-04-25T09:35:49+00:00,discovery
https://www.abc.net.au/triplejunearthed/artist/the-we-and-benny-mehl,the-we-and-benny-mehl,2026-04-25T09:35:49+00:00,2026-04-25T09:35:49+00:00,discovery
https://www.abc.net.au/triplejunearthed/artist/danny-lanke,danny-lanke,2026-04-25T09:35:49+00:00,2026-04-25T09:35:49+00:00,discovery
https://www.abc.net.au/triplejunearthed/artist/hanky-panky-social-club,hanky-panky-social-club,2026-04-25T09:35:49+00:00,2026-04-25T09:35:49+00:00,discovery
https://www.abc.net.au/triplejunearthed/artist/minceforvince,minceforvince,2026-04-25T09:35:55+00:00,2026-04-25T09:35:55+00:00,discovery
https://www.abc.net.au/triplejunearthed/artist/the-taciturn,the-taciturn,2026-04-25T09:35:55+00:00,2026-04-25T09:35:55+00:00,discovery
https://www.abc.net.au/triplejunearthed/artist/maineone,maineone,2026-04-25T09:35:55+00:00,2026-04-25T09:35:55+00:00,discovery
https://www.abc.net.au/triplejunearthed/artist/interiors,interiors,2026-04-25T09:35:55+00:00,2026-04-25T09:35:55+00:00,discovery
https://www.abc.net.au/triplejunearthed/artist/saone,saone,2026-04-25T09:35:55+00:00,2026-04-25T09:35:55+00:00,discovery
https://www.abc.net.au/triplejunearthed/artist/pale-scum,pale-scum,2026-04-25T09:35:55+00:00,2026-04-25T09:35:55+00:00,discovery
https://www.abc.net.au/triplejunearthed/artist/therealjonahjames,therealjonahjames,2026-04-25T09:35:55+00:00,2026-04-25T09:35:55+00:00,discovery
https://www.abc.net.au/triplejunearthed/artist/forlife,forlife,2026-04-25T09:35:56+00:00,2026-04-25T09:35:56+00:00,discovery
https://www.abc.net.au/triplejunearthed/artist/ashton-javier,ashton-javier,2026-04-25T09:35:56+00:00,2026-04-25T09:35:56+00:00,discovery
https://www.abc.net.au/triplejunearthed/artist/sallys-candy-shop,sallys-candy-shop,2026-04-25T09:35:56+00:00,2026-04-25T09:35:56+00:00,discovery
https://www.abc.net.au/triplejunearthed/artist/hollyhastings,hollyhastings,2026-04-25T09:35:56+00:00,2026-04-25T09:35:56+00:00,discovery
https://www.abc.net.au/triplejunearthed/artist/monte-hills,monte-hills,2026-04-25T09:35:56+00:00,2026-04-25T09:35:56+00:00,discovery
https://www.abc.net.au/triplejunearthed/artist/all-day-breakfast-band,all-day-breakfast-band,2026-04-25T09:35:56+00:00,2026-04-25T09:35:56+00:00,discovery
https://www.abc.net.au/triplejunearthed/artist/anna-smyrk,anna-smyrk,2026-04-25T09:35:56+00:00,2026-04-25T09:35:56+00:00,discovery
https://www.abc.net.au/triplejunearthed/artist/1petro,1petro,2026-04-25T09:36:02+00:00,2026-04-25T09:36:02+00:00,discovery
https://www.abc.net.au/triplejunearthed/artist/welljam,welljam,2026-04-25T09:36:02+00:00,2026-04-25T09:36:02+00:00,discovery
https://www.abc.net.au/triplejunearthed/artist/desperately-seeking-suki,desperately-seeking-suki,2026-04-25T09:36:02+00:00,2026-04-25T09:36:02+00:00,discovery
https://www.abc.net.au/triplejunearthed/artist/aether,aether,2026-04-25T09:36:02+00:00,2026-04-25T09:36:02+00:00,discovery
https://www.abc.net.au/triplejunearthed/artist/ferna,ferna,2026-04-25T09:36:02+00:00,2026-04-25T09:36:02+00:00,discovery
https://www.abc.net.au/triplejunearthed/artist/finn-wheatley,finn-wheatley,2026-04-25T09:36:02+00:00,2026-04-25T09:36:02+00:00,discovery
https://www.abc.net.au/triplejunearthed/artist/indigo-blaze,indigo-blaze,2026-04-25T09:36:02+00:00,2026-04-25T09:36:02+00:00,discovery
https://www.abc.net.au/triplejunearthed/artist/fairtradenarcotics,fairtradenarcotics,2026-04-25T09:36:02+00:00,2026-04-25T09:36:02+00:00,discovery
https://www.abc.net.au/triplejunearthed/artist/thenouveauband,thenouveauband,2026-04-25T09:36:02+00:00,2026-04-25T09:36:02+00:00,discovery
https://www.abc.net.au/triplejunearthed/artist/wet-denim,wet-denim,2026-04-25T09:36:02+00:00,2026-04-25T09:36:02+00:00,discovery
https://www.abc.net.au/triplejunearthed/artist/fin-key,fin-key,2026-04-25T09:36:02+00:00,2026-04-25T09:36:02+00:00,discovery
https://www.abc.net.au/triplejunearthed/artist/comfort-royale,comfort-royale,2026-04-25T09:36:02+00:00,2026-04-25T09:36:02+00:00,discovery
https://www.abc.net.au/triplejunearthed/artist/angusand167others,angusand167others,2026-04-25T09:36:02+00:00,2026-04-25T09:36:02+00:00,discovery
https://www.abc.net.au/triplejunearthed/artist/devon-street,devon-street,2026-04-25T09:36:03+00:00,2026-04-25T09:36:03+00:00,discovery
https://www.abc.net.au/triplejunearthed/artist/lo99,lo99,2026-04-25T09:36:03+00:00,2026-04-25T09:36:03+00:00,discovery
https://www.abc.net.au/triplejunearthed/artist/natasha-kate,natasha-kate,2026-04-25T09:36:09+00:00,2026-04-25T09:36:09+00:00,discovery
https://www.abc.net.au/triplejunearthed/artist/jade-hosking-hoare,jade-hosking-hoare,2026-04-25T09:36:09+00:00,2026-04-25T09:36:09+00:00,discovery
https://www.abc.net.au/triplejunearthed/artist/masters-of-mayhem,masters-of-mayhem,2026-04-25T09:36:09+00:00,2026-04-25T09:36:09+00:00,discovery
https://www.abc.net.au/triplejunearthed/artist/tomdahomie,tomdahomie,2026-04-25T09:36:09+00:00,2026-04-25T09:36:09+00:00,discovery
https://www.abc.net.au/triplejunearthed/artist/dallow,dallow,2026-04-25T09:36:09+00:00,2026-04-25T09:36:09+00:00,discovery
https://www.abc.net.au/triplejunearthed/artist/thatslife,thatslife,2026-04-25T09:36:09+00:00,2026-04-25T09:36:09+00:00,discovery
https://www.abc.net.au/triplejunearthed/artist/moonwood,moonwood,2026-04-25T09:36:10+00:00,2026-04-25T09:36:10+00:00,discovery
https://www.abc.net.au/triplejunearthed/artist/rosie-and-the-posies,rosie-and-the-posies,2026-04-25T09:36:10+00:00,2026-04-25T09:36:10+00:00,discovery
https://www.abc.net.au/triplejunearthed/artist/michael-parker,michael-parker,2026-04-25T09:36:10+00:00,2026-04-25T09:36:10+00:00,discovery
https://www.abc.net.au/triplejunearthed/artist/twisted-lullaby,twisted-lullaby,2026-04-25T09:36:10+00:00,2026-04-25T09:36:10+00:00,discovery
https://www.abc.net.au/triplejunearthed/artist/judy-seltmann,judy-seltmann,2026-04-25T09:36:10+00:00,2026-04-25T09:36:10+00:00,discovery
https://www.abc.net.au/triplejunearthed/artist/ja-mali,ja-mali,2026-04-25T09:36:10+00:00,2026-04-25T09:36:10+00:00,discovery
https://www.abc.net.au/triplejunearthed/artist/jordane-0,jordane-0,2026-04-25T09:36:10+00:00,2026-04-25T09:36:10+00:00,discovery
https://www.abc.net.au/triplejunearthed/artist/lukas-j-harpman,lukas-j-harpman,2026-04-25T09:36:10+00:00,2026-04-25T09:36:10+00:00,discovery
https://www.abc.net.au/triplejunearthed/artist/drainingband,drainingband,2026-04-25T09:36:10+00:00,2026-04-25T09:36:10+00:00,discovery
https://www.abc.net.au/triplejunearthed/artist/jemma-rose,jemma-rose,2026-04-25T09:36:18+00:00,2026-04-25T09:36:18+00:00,discovery
https://www.abc.net.au/triplejunearthed/artist/reetoxa,reetoxa,2026-04-25T09:36:18+00:00,2026-04-25T09:36:18+00:00,discovery
https://www.abc.net.au/triplejunearthed/artist/spinnabago,spinnabago,2026-04-25T09:36:18+00:00,2026-04-25T09:36:18+00:00,discovery
https://www.abc.net.au/triplejunearthed/artist/willking,willking,2026-04-25T09:36:18+00:00,2026-04-25T09:36:18+00:00,discovery
https://www.abc.net.au/triplejunearthed/artist/gracie-moore,gracie-moore,2026-04-25T09:36:18+00:00,2026-04-25T09:36:18+00:00,discovery
https://www.abc.net.au/triplejunearthed/artist/bayang-tha-bushranger,bayang-tha-bushranger,2026-04-25T09:36:18+00:00,2026-04-25T09:36:18+00:00,discovery
https://www.abc.net.au/triplejunearthed/artist/kitkat,kitkat,2026-04-25T09:36:18+00:00,2026-04-25T09:36:18+00:00,discovery
https://www.abc.net.au/triplejunearthed/artist/sunkicker,sunkicker,2026-04-25T09:36:18+00:00,2026-04-25T09:36:18+00:00,discovery
https://www.abc.net.au/triplejunearthed/artist/star-jock,star-jock,2026-04-25T09:36:18+00:00,2026-04-25T09:36:18+00:00,discovery
https://www.abc.net.au/triplejunearthed/artist/elly-mck-the-unbelievers,elly-mck-the-unbelievers,2026-04-25T09:36:18+00:00,2026-04-25T09:36:18+00:00,discovery
https://www.abc.net.au/triplejunearthed/artist/bruce-louis,bruce-louis,2026-04-25T09:36:18+00:00,2026-04-25T09:36:18+00:00,discovery
https://www.abc.net.au/triplejunearthed/artist/scio,scio,2026-04-25T09:36:25+00:00,2026-04-25T09:36:25+00:00,discovery
https://www.abc.net.au/triplejunearthed/artist/rocket-cobras,rocket-cobras,2026-04-25T09:36:25+00:00,2026-04-25T09:36:25+00:00,discovery
https://www.abc.net.au/triplejunearthed/artist/lani-faith,lani-faith,2026-04-25T09:36:25+00:00,2026-04-25T09:36:25+00:00,discovery
https://www.abc.net.au/triplejunearthed/artist/rach,rach,2026-04-25T09:36:25+00:00,2026-04-25T09:36:25+00:00,discovery
https://www.abc.net.au/triplejunearthed/artist/mehtyl-hated-spirits,mehtyl-hated-spirits,2026-04-25T09:36:25+00:00,2026-04-25T09:36:25+00:00,discovery
https://www.abc.net.au/triplejunearthed/artist/divers,divers,2026-04-25T09:36:25+00:00,2026-04-25T09:36:25+00:00,discovery
https://www.abc.net.au/triplejunearthed/artist/the-mushniks,the-mushniks,2026-04-25T09:36:25+00:00,2026-04-25T09:36:25+00:00,discovery
https://www.abc.net.au/triplejunearthed/artist/the-trev,the-trev,2026-04-25T09:36:25+00:00,2026-04-25T09:36:25+00:00,discovery
https://www.abc.net.au/triplejunearthed/artist/green-foot,green-foot,2026-04-25T09:36:25+00:00,2026-04-25T09:36:25+00:00,discovery
https://www.abc.net.au/triplejunearthed/artist/maleezy,maleezy,2026-04-25T09:36:25+00:00,2026-04-25T09:36:25+00:00,discovery
https://www.abc.net.au/triplejunearthed/artist/darcy-fox,darcy-fox,2026-04-25T09:36:25+00:00,2026-04-25T09:36:25+00:00,discovery
https://www.abc.net.au/triplejunearthed/artist/godlands,godlands,2026-04-25T09:36:25+00:00,2026-04-25T09:36:25+00:00,discovery
https://www.abc.net.au/triplejunearthed/artist/bad-juju,bad-juju,2026-04-25T09:36:25+00:00,2026-04-25T09:36:25+00:00,discovery
https://www.abc.net.au/triplejunearthed/artist/zafty,zafty,2026-04-25T09:36:32+00:00,2026-04-25T09:36:32+00:00,discovery
https://www.abc.net.au/triplejunearthed/artist/cris-gamble,cris-gamble,2026-04-25T09:36:32+00:00,2026-04-25T09:36:32+00:00,discovery
https://www.abc.net.au/triplejunearthed/artist/m-taphore,m-taphore,2026-04-25T09:36:32+00:00,2026-04-25T09:36:32+00:00,discovery
https://www.abc.net.au/triplejunearthed/artist/balathissecond,balathissecond,2026-04-25T09:36:32+00:00,2026-04-25T09:36:32+00:00,discovery
https://www.abc.net.au/triplejunearthed/artist/saltysw33t,saltysw33t,2026-04-25T09:36:32+00:00,2026-04-25T09:36:32+00:00,discovery
https://www.abc.net.au/triplejunearthed/artist/tricks-on-tape,tricks-on-tape,2026-04-25T09:36:32+00:00,2026-04-25T09:36:32+00:00,discovery
https://www.abc.net.au/triplejunearthed/artist/alora,alora,2026-04-25T09:36:33+00:00,2026-04-25T09:36:33+00:00,discovery
https://www.abc.net.au/triplejunearthed/artist/jake-jepson,jake-jepson,2026-04-25T09:36:33+00:00,2026-04-25T09:36:33+00:00,discovery
https://www.abc.net.au/triplejunearthed/artist/the-final-fall,the-final-fall,2026-04-25T09:36:33+00:00,2026-04-25T09:36:33+00:00,discovery
https://www.abc.net.au/triplejunearthed/artist/kaybee,kaybee,2026-04-25T09:36:33+00:00,2026-04-25T09:36:33+00:00,discovery
https://www.abc.net.au/triplejunearthed/artist/jess-humphries,jess-humphries,2026-04-25T09:36:33+00:00,2026-04-25T09:36:33+00:00,discovery
https://www.abc.net.au/triplejunearthed/artist/erika-fedele,erika-fedele,2026-04-25T09:36:33+00:00,2026-04-25T09:36:33+00:00,discovery
https://www.abc.net.au/triplejunearthed/artist/anita-tia,anita-tia,2026-04-25T09:36:33+00:00,2026-04-25T09:36:33+00:00,discovery
https://www.abc.net.au/triplejunearthed/artist/little-bored,little-bored,2026-04-25T09:36:33+00:00,2026-04-25T09:36:33+00:00,discovery
https://www.abc.net.au/triplejunearthed/artist/jackwest,jackwest,2026-04-25T09:36:40+00:00,2026-04-25T09:36:40+00:00,discovery
https://www.abc.net.au/triplejunearthed/artist/cnfxn,cnfxn,2026-04-25T09:36:40+00:00,2026-04-25T09:36:40+00:00,discovery
https://www.abc.net.au/triplejunearthed/artist/chasing-astrid,chasing-astrid,2026-04-25T09:36:40+00:00,2026-04-25T09:36:40+00:00,discovery
https://www.abc.net.au/triplejunearthed/artist/devaura,devaura,2026-04-25T09:36:40+00:00,2026-04-25T09:36:40+00:00,discovery
https://www.abc.net.au/triplejunearthed/artist/songgy,songgy,2026-04-25T09:36:40+00:00,2026-04-25T09:36:40+00:00,discovery
https://www.abc.net.au/triplejunearthed/artist/patch,patch,2026-04-25T09:36:41+00:00,2026-04-25T09:36:41+00:00,discovery
https://www.abc.net.au/triplejunearthed/artist/avenyou,avenyou,2026-04-25T09:36:41+00:00,2026-04-25T09:36:41+00:00,discovery
https://www.abc.net.au/triplejunearthed/artist/madog,madog,2026-04-25T09:36:41+00:00,2026-04-25T09:36:41+00:00,discovery
https://www.abc.net.au/triplejunearthed/artist/alzzy,alzzy,2026-04-25T09:36:41+00:00,2026-04-25T09:36:41+00:00,discovery
https://www.abc.net.au/triplejunearthed/artist/admella,admella,2026-04-25T09:36:41+00:00,2026-04-25T09:36:41+00:00,discovery
https://www.abc.net.au/triplejunearthed/artist/jublulee,jublulee,2026-04-25T09:36:41+00:00,2026-04-25T09:36:41+00:00,discovery
https://www.abc.net.au/triplejunearthed/artist/alexandriamusic,alexandriamusic,2026-04-25T09:36:41+00:00,2026-04-25T09:36:41+00:00,discovery
https://www.abc.net.au/triplejunearthed/artist/alana-fisicaro,alana-fisicaro,2026-04-25T09:36:41+00:00,2026-04-25T09:36:41+00:00,discovery
https://www.abc.net.au/triplejunearthed/artist/elina-roberts-turner,elina-roberts-turner,2026-04-25T09:36:41+00:00,2026-04-25T09:36:41+00:00,discovery
https://www.abc.net.au/triplejunearthed/artist/christevens,christevens,2026-04-25T09:36:41+00:00,2026-04-25T09:36:41+00:00,discovery
https://www.abc.net.au/triplejunearthed/artist/oceans-for-sirius,oceans-for-sirius,2026-04-25T09:36:49+00:00,2026-04-25T09:36:49+00:00,discovery
https://www.abc.net.au/triplejunearthed/artist/elisers,elisers,2026-04-25T09:36:49+00:00,2026-04-25T09:36:49+00:00,discovery
https://www.abc.net.au/triplejunearthed/artist/imy-palmer,imy-palmer,2026-04-25T09:36:49+00:00,2026-04-25T09:36:49+00:00,discovery
https://www.abc.net.au/triplejunearthed/artist/beauhaustorfer,beauhaustorfer,2026-04-25T09:36:49+00:00,2026-04-25T09:36:49+00:00,discovery
https://www.abc.net.au/triplejunearthed/artist/ava-pasch,ava-pasch,2026-04-25T09:36:49+00:00,2026-04-25T09:36:49+00:00,discovery
https://www.abc.net.au/triplejunearthed/artist/kane-calcite,kane-calcite,2026-04-25T09:36:49+00:00,2026-04-25T09:36:49+00:00,discovery
https://www.abc.net.au/triplejunearthed/artist/daggy-man,daggy-man,2026-04-25T09:36:49+00:00,2026-04-25T09:36:49+00:00,discovery
https://www.abc.net.au/triplejunearthed/artist/miaafrenchy,miaafrenchy,2026-04-25T09:36:49+00:00,2026-04-25T09:36:49+00:00,discovery
https://www.abc.net.au/triplejunearthed/artist/tori-pepper,tori-pepper,2026-04-25T09:36:49+00:00,2026-04-25T09:36:49+00:00,discovery
https://www.abc.net.au/triplejunearthed/artist/billy-lennon,billy-lennon,2026-04-25T09:36:49+00:00,2026-04-25T09:36:49+00:00,discovery
https://www.abc.net.au/triplejunearthed/artist/julian-hay,julian-hay,2026-04-25T09:36:49+00:00,2026-04-25T09:36:49+00:00,discovery
https://www.abc.net.au/triplejunearthed/artist/beamz,beamz,2026-04-25T09:36:49+00:00,2026-04-25T09:36:49+00:00,discovery
https://www.abc.net.au/triplejunearthed/artist/shitzulover07,shitzulover07,2026-04-25T09:36:57+00:00,2026-04-25T09:36:57+00:00,discovery
https://www.abc.net.au/triplejunearthed/artist/raria,raria,2026-04-25T09:36:57+00:00,2026-04-25T09:36:57+00:00,discovery
https://www.abc.net.au/triplejunearthed/artist/kaviita,kaviita,2026-04-25T09:36:57+00:00,2026-04-25T09:36:57+00:00,discovery
https://www.abc.net.au/triplejunearthed/artist/david-mccredie,david-mccredie,2026-04-25T09:36:57+00:00,2026-04-25T09:36:57+00:00,discovery
https://www.abc.net.au/triplejunearthed/artist/joanna-adams,joanna-adams,2026-04-25T09:36:57+00:00,2026-04-25T09:36:57+00:00,discovery
https://www.abc.net.au/triplejunearthed/artist/theoutrightworst,theoutrightworst,2026-04-25T09:36:57+00:00,2026-04-25T09:36:57+00:00,discovery
https://www.abc.net.au/triplejunearthed/artist/fatshaudi,fatshaudi,2026-04-25T09:36:57+00:00,2026-04-25T09:36:57+00:00,discovery
https://www.abc.net.au/triplejunearthed/artist/laughing-waters,laughing-waters,2026-04-25T09:36:57+00:00,2026-04-25T09:36:57+00:00,discovery
https://www.abc.net.au/triplejunearthed/artist/bennetts-grove,bennetts-grove,2026-04-25T09:36:57+00:00,2026-04-25T09:36:57+00:00,discovery
https://www.abc.net.au/triplejunearthed/artist/tue,tue,2026-04-25T09:36:57+00:00,2026-04-25T09:36:57+00:00,discovery
https://www.abc.net.au/triplejunearthed/artist/hennessy-rose,hennessy-rose,2026-04-25T09:36:57+00:00,2026-04-25T09:36:57+00:00,discovery
https://www.abc.net.au/triplejunearthed/artist/all-absurd,all-absurd,2026-04-25T09:36:57+00:00,2026-04-25T09:36:57+00:00,discovery
https://www.abc.net.au/triplejunearthed/artist/ramstoneband,ramstoneband,2026-04-25T09:36:57+00:00,2026-04-25T09:36:57+00:00,discovery
https://www.abc.net.au/triplejunearthed/artist/orpheus-and-the-underworld,orpheus-and-the-underworld,2026-04-25T09:36:57+00:00,2026-04-25T09:36:57+00:00,discovery
https://www.abc.net.au/triplejunearthed/artist/izzzi,izzzi,2026-04-25T09:37:05+00:00,2026-04-25T09:37:05+00:00,discovery
https://www.abc.net.au/triplejunearthed/artist/john-keenan,john-keenan,2026-04-25T09:37:05+00:00,2026-04-25T09:37:05+00:00,discovery
https://www.abc.net.au/triplejunearthed/artist/ruby-elizabeth,ruby-elizabeth,2026-04-25T09:37:05+00:00,2026-04-25T09:37:05+00:00,discovery
https://www.abc.net.au/triplejunearthed/artist/fletcher-kent,fletcher-kent,2026-04-25T09:37:05+00:00,2026-04-25T09:37:05+00:00,discovery
https://www.abc.net.au/triplejunearthed/artist/secret-world,secret-world,2026-04-25T09:37:05+00:00,2026-04-25T09:37:05+00:00,discovery
https://www.abc.net.au/triplejunearthed/artist/officeghost,officeghost,2026-04-25T09:37:05+00:00,2026-04-25T09:37:05+00:00,discovery
https://www.abc.net.au/triplejunearthed/artist/dispraze,dispraze,2026-04-25T09:37:05+00:00,2026-04-25T09:37:05+00:00,discovery
https://www.abc.net.au/triplejunearthed/artist/gerarde,gerarde,2026-04-25T09:37:05+00:00,2026-04-25T09:37:05+00:00,discovery
https://www.abc.net.au/triplejunearthed/artist/lira-lavix,lira-lavix,2026-04-25T09:37:05+00:00,2026-04-25T09:37:05+00:00,discovery
https://www.abc.net.au/triplejunearthed/artist/fade-evare,fade-evare,2026-04-25T09:37:05+00:00,2026-04-25T09:37:05+00:00,discovery
https://www.abc.net.au/triplejunearthed/artist/jasonvorherr,jasonvorherr,2026-04-25T09:37:05+00:00,2026-04-25T09:37:05+00:00,discovery
https://www.abc.net.au/triplejunearthed/artist/benchwarmers,benchwarmers,2026-04-25T09:37:05+00:00,2026-04-25T09:37:05+00:00,discovery
https://www.abc.net.au/triplejunearthed/artist/emi-emi,emi-emi,2026-04-25T09:37:13+00:00,2026-04-25T09:37:13+00:00,discovery
https://www.abc.net.au/triplejunearthed/artist/olivia-escuyos,olivia-escuyos,2026-04-25T09:37:13+00:00,2026-04-25T09:37:13+00:00,discovery
https://www.abc.net.au/triplejunearthed/artist/smrf,smrf,2026-04-25T09:37:13+00:00,2026-04-25T09:37:13+00:00,discovery
https://www.abc.net.au/triplejunearthed/artist/katharsis,katharsis,2026-04-25T09:37:13+00:00,2026-04-25T09:37:13+00:00,discovery
https://www.abc.net.au/triplejunearthed/artist/daleyroad,daleyroad,2026-04-25T09:37:13+00:00,2026-04-25T09:37:13+00:00,discovery
https://www.abc.net.au/triplejunearthed/artist/cat-mead-1,cat-mead-1,2026-04-25T09:37:13+00:00,2026-04-25T09:37:13+00:00,discovery
https://www.abc.net.au/triplejunearthed/artist/shanti-rani,shanti-rani,2026-04-25T09:37:13+00:00,2026-04-25T09:37:13+00:00,discovery
https://www.abc.net.au/triplejunearthed/artist/rourkey,rourkey,2026-04-25T09:37:13+00:00,2026-04-25T09:37:13+00:00,discovery
https://www.abc.net.au/triplejunearthed/artist/dela-cruz,dela-cruz,2026-04-25T09:37:13+00:00,2026-04-25T09:37:13+00:00,discovery
https://www.abc.net.au/triplejunearthed/artist/running-notch-0,running-notch-0,2026-04-25T09:37:13+00:00,2026-04-25T09:37:13+00:00,discovery
https://www.abc.net.au/triplejunearthed/artist/96alchemylab,96alchemylab,2026-04-25T09:37:13+00:00,2026-04-25T09:37:13+00:00,discovery
https://www.abc.net.au/triplejunearthed/artist/henry-edmondson,henry-edmondson,2026-04-25T09:37:13+00:00,2026-04-25T09:37:13+00:00,discovery
https://www.abc.net.au/triplejunearthed/artist/caesarcrow,caesarcrow,2026-04-25T09:37:13+00:00,2026-04-25T09:37:13+00:00,discovery
https://www.abc.net.au/triplejunearthed/artist/disphing,disphing,2026-04-25T09:37:13+00:00,2026-04-25T09:37:13+00:00,discovery
https://www.abc.net.au/triplejunearthed/artist/violetbandd,violetbandd,2026-04-25T09:37:13+00:00,2026-04-25T09:37:13+00:00,discovery
https://www.abc.net.au/triplejunearthed/artist/vid-sehgal,vid-sehgal,2026-04-25T09:37:22+00:00,2026-04-25T09:37:22+00:00,discovery
https://www.abc.net.au/triplejunearthed/artist/mzburn,mzburn,2026-04-25T09:37:22+00:00,2026-04-25T09:37:22+00:00,discovery
https://www.abc.net.au/triplejunearthed/artist/zipporah,zipporah,2026-04-25T09:37:22+00:00,2026-04-25T09:37:22+00:00,discovery
https://www.abc.net.au/triplejunearthed/artist/mr-cohn,mr-cohn,2026-04-25T09:37:22+00:00,2026-04-25T09:37:22+00:00,discovery
https://www.abc.net.au/triplejunearthed/artist/the-naddiks,the-naddiks,2026-04-25T09:37:22+00:00,2026-04-25T09:37:22+00:00,discovery
https://www.abc.net.au/triplejunearthed/artist/haptic,haptic,2026-04-25T09:37:22+00:00,2026-04-25T09:37:22+00:00,discovery
https://www.abc.net.au/triplejunearthed/artist/tomalia,tomalia,2026-04-25T09:37:22+00:00,2026-04-25T09:37:22+00:00,discovery
https://www.abc.net.au/triplejunearthed/artist/kyju,kyju,2026-04-25T09:37:22+00:00,2026-04-25T09:37:22+00:00,discovery
https://www.abc.net.au/triplejunearthed/artist/pzmst,pzmst,2026-04-25T09:37:22+00:00,2026-04-25T09:37:22+00:00,discovery
https://www.abc.net.au/triplejunearthed/artist/blinder,blinder,2026-04-25T09:37:22+00:00,2026-04-25T09:37:22+00:00,discovery
https://www.abc.net.au/triplejunearthed/artist/yunzero,yunzero,2026-04-25T09:37:22+00:00,2026-04-25T09:37:22+00:00,discovery
https://www.abc.net.au/triplejunearthed/artist/bettie-hart-belle,bettie-hart-belle,2026-04-25T09:37:22+00:00,2026-04-25T09:37:22+00:00,discovery
https://www.abc.net.au/triplejunearthed/artist/frederick-james,frederick-james,2026-04-25T09:37:23+00:00,2026-04-25T09:37:23+00:00,discovery
https://www.abc.net.au/triplejunearthed/artist/darren-coggan,darren-coggan,2026-04-25T09:37:30+00:00,2026-04-25T09:37:30+00:00,discovery
https://www.abc.net.au/triplejunearthed/artist/satisfaction,satisfaction,2026-04-25T09:37:30+00:00,2026-04-25T09:37:30+00:00,discovery
https://www.abc.net.au/triplejunearthed/artist/ben-gerrans,ben-gerrans,2026-04-25T09:37:30+00:00,2026-04-25T09:37:30+00:00,discovery
https://www.abc.net.au/triplejunearthed/artist/rosscoe-frantz,rosscoe-frantz,2026-04-25T09:37:30+00:00,2026-04-25T09:37:30+00:00,discovery
https://www.abc.net.au/triplejunearthed/artist/single-finn,single-finn,2026-04-25T09:37:30+00:00,2026-04-25T09:37:30+00:00,discovery
https://www.abc.net.au/triplejunearthed/artist/kevin-counihan,kevin-counihan,2026-04-25T09:37:30+00:00,2026-04-25T09:37:30+00:00,discovery
https://www.abc.net.au/triplejunearthed/artist/goth-disco,goth-disco,2026-04-25T09:37:30+00:00,2026-04-25T09:37:30+00:00,discovery
https://www.abc.net.au/triplejunearthed/artist/dan-elpis,dan-elpis,2026-04-25T09:37:30+00:00,2026-04-25T09:37:30+00:00,discovery
https://www.abc.net.au/triplejunearthed/artist/dami-im,dami-im,2026-04-25T09:37:30+00:00,2026-04-25T09:37:30+00:00,discovery
https://www.abc.net.au/triplejunearthed/artist/massi,massi,2026-04-25T09:37:30+00:00,2026-04-25T09:37:30+00:00,discovery
https://www.abc.net.au/triplejunearthed/artist/becoolmukul,becoolmukul,2026-04-25T09:37:30+00:00,2026-04-25T09:37:30+00:00,discovery
https://www.abc.net.au/triplejunearthed/artist/quasi-hearts,quasi-hearts,2026-04-25T09:37:30+00:00,2026-04-25T09:37:30+00:00,discovery
https://www.abc.net.au/triplejunearthed/artist/reverie-in-rose,reverie-in-rose,2026-04-25T09:37:30+00:00,2026-04-25T09:37:30+00:00,discovery
https://www.abc.net.au/triplejunearthed/artist/ledflyadelaide,ledflyadelaide,2026-04-25T09:37:37+00:00,2026-04-25T09:37:37+00:00,discovery
https://www.abc.net.au/triplejunearthed/artist/ddog,ddog,2026-04-25T09:37:37+00:00,2026-04-25T09:37:37+00:00,discovery
https://www.abc.net.au/triplejunearthed/artist/brainfade,brainfade,2026-04-25T09:37:37+00:00,2026-04-25T09:37:37+00:00,discovery
https://www.abc.net.au/triplejunearthed/artist/inkabee,inkabee,2026-04-25T09:37:37+00:00,2026-04-25T09:37:37+00:00,discovery
https://www.abc.net.au/triplejunearthed/artist/jack-clulee,jack-clulee,2026-04-25T09:37:37+00:00,2026-04-25T09:37:37+00:00,discovery
https://www.abc.net.au/triplejunearthed/artist/kristie-nguy,kristie-nguy,2026-04-25T09:37:37+00:00,2026-04-25T09:37:37+00:00,discovery
https://www.abc.net.au/triplejunearthed/artist/call-nan,call-nan,2026-04-25T09:37:37+00:00,2026-04-25T09:37:37+00:00,discovery
https://www.abc.net.au/triplejunearthed/artist/nick-hyde,nick-hyde,2026-04-25T09:37:37+00:00,2026-04-25T09:37:37+00:00,discovery
https://www.abc.net.au/triplejunearthed/artist/voh,voh,2026-04-25T09:37:37+00:00,2026-04-25T09:37:37+00:00,discovery
https://www.abc.net.au/triplejunearthed/artist/amberfield-au,amberfield-au,2026-04-25T09:37:37+00:00,2026-04-25T09:37:37+00:00,discovery
https://www.abc.net.au/triplejunearthed/artist/monets-pond-1,monets-pond-1,2026-04-25T09:37:37+00:00,2026-04-25T09:37:37+00:00,discovery
https://www.abc.net.au/triplejunearthed/artist/bailey-perrie,bailey-perrie,2026-04-25T09:37:45+00:00,2026-04-25T09:37:45+00:00,discovery
https://www.abc.net.au/triplejunearthed/artist/aiken-drum,aiken-drum,2026-04-25T09:37:45+00:00,2026-04-25T09:37:45+00:00,discovery
https://www.abc.net.au/triplejunearthed/artist/friday,friday,2026-04-25T09:37:45+00:00,2026-04-25T09:37:45+00:00,discovery
https://www.abc.net.au/triplejunearthed/artist/vinyl45,vinyl45,2026-04-25T09:37:45+00:00,2026-04-25T09:37:45+00:00,discovery
https://www.abc.net.au/triplejunearthed/artist/hutcher,hutcher,2026-04-25T09:37:45+00:00,2026-04-25T09:37:45+00:00,discovery
https://www.abc.net.au/triplejunearthed/artist/jakamo,jakamo,2026-04-25T09:37:45+00:00,2026-04-25T09:37:45+00:00,discovery
https://www.abc.net.au/triplejunearthed/artist/things-we-built,things-we-built,2026-04-25T09:37:45+00:00,2026-04-25T09:37:45+00:00,discovery
https://www.abc.net.au/triplejunearthed/artist/hatchling,hatchling,2026-04-25T09:37:45+00:00,2026-04-25T09:37:45+00:00,discovery
https://www.abc.net.au/triplejunearthed/artist/agostino,agostino,2026-04-25T09:37:45+00:00,2026-04-25T09:37:45+00:00,discovery
https://www.abc.net.au/triplejunearthed/artist/chazalone,chazalone,2026-04-25T09:37:45+00:00,2026-04-25T09:37:45+00:00,discovery
https://www.abc.net.au/triplejunearthed/artist/peglegjefferson,peglegjefferson,2026-04-25T09:37:45+00:00,2026-04-25T09:37:45+00:00,discovery
https://www.abc.net.au/triplejunearthed/artist/chooki,chooki,2026-04-25T09:37:45+00:00,2026-04-25T09:37:45+00:00,discovery
https://www.abc.net.au/triplejunearthed/artist/arther-keys,arther-keys,2026-04-25T09:37:52+00:00,2026-04-25T09:37:52+00:00,discovery
https://www.abc.net.au/triplejunearthed/artist/specialguest,specialguest,2026-04-25T09:37:52+00:00,2026-04-25T09:37:52+00:00,discovery
https://www.abc.net.au/triplejunearthed/artist/cinnamonsunmusic,cinnamonsunmusic,2026-04-25T09:37:52+00:00,2026-04-25T09:37:52+00:00,discovery
https://www.abc.net.au/triplejunearthed/artist/vazzix,vazzix,2026-04-25T09:37:52+00:00,2026-04-25T09:37:52+00:00,discovery
https://www.abc.net.au/triplejunearthed/artist/nicole-issa,nicole-issa,2026-04-25T09:37:52+00:00,2026-04-25T09:37:52+00:00,discovery
https://www.abc.net.au/triplejunearthed/artist/alicekings,alicekings,2026-04-25T09:37:52+00:00,2026-04-25T09:37:52+00:00,discovery
https://www.abc.net.au/triplejunearthed/artist/spicy-lemons,spicy-lemons,2026-04-25T09:37:52+00:00,2026-04-25T09:37:52+00:00,discovery
https://www.abc.net.au/triplejunearthed/artist/damien-j-johnson,damien-j-johnson,2026-04-25T09:37:52+00:00,2026-04-25T09:37:52+00:00,discovery
https://www.abc.net.au/triplejunearthed/artist/neurotica,neurotica,2026-04-25T09:37:52+00:00,2026-04-25T09:37:52+00:00,discovery
https://www.abc.net.au/triplejunearthed/artist/dillon-star,dillon-star,2026-04-25T09:37:52+00:00,2026-04-25T09:37:52+00:00,discovery
https://www.abc.net.au/triplejunearthed/artist/the-terrapins,the-terrapins,2026-04-25T09:38:00+00:00,2026-04-25T09:38:00+00:00,discovery
https://www.abc.net.au/triplejunearthed/artist/sellout,sellout,2026-04-25T09:38:00+00:00,2026-04-25T09:38:00+00:00,discovery
https://www.abc.net.au/triplejunearthed/artist/20th-century-boy,20th-century-boy,2026-04-25T09:38:00+00:00,2026-04-25T09:38:00+00:00,discovery
https://www.abc.net.au/triplejunearthed/artist/hkramz,hkramz,2026-04-25T09:38:00+00:00,2026-04-25T09:38:00+00:00,discovery
https://www.abc.net.au/triplejunearthed/artist/2tok6,2tok6,2026-04-25T09:38:00+00:00,2026-04-25T09:38:00+00:00,discovery
https://www.abc.net.au/triplejunearthed/artist/afterlife999,afterlife999,2026-04-25T09:38:00+00:00,2026-04-25T09:38:00+00:00,discovery
https://www.abc.net.au/triplejunearthed/artist/circle-the-sun,circle-the-sun,2026-04-25T09:38:00+00:00,2026-04-25T09:38:00+00:00,discovery
https://www.abc.net.au/triplejunearthed/artist/scylence,scylence,2026-04-25T09:38:00+00:00,2026-04-25T09:38:00+00:00,discovery
https://www.abc.net.au/triplejunearthed/artist/kingdrip,kingdrip,2026-04-25T09:38:00+00:00,2026-04-25T09:38:00+00:00,discovery
https://www.abc.net.au/triplejunearthed/artist/waves-n-wires,waves-n-wires,2026-04-25T09:38:00+00:00,2026-04-25T09:38:00+00:00,discovery
https://www.abc.net.au/triplejunearthed/artist/from-mine-to-yours,from-mine-to-yours,2026-04-25T09:38:00+00:00,2026-04-25T09:38:00+00:00,discovery
https://www.abc.net.au/triplejunearthed/artist/ryan-tastee-licks-thomas,ryan-tastee-licks-thomas,2026-04-25T09:38:00+00:00,2026-04-25T09:38:00+00:00,discovery
https://www.abc.net.au/triplejunearthed/artist/gracenikita,gracenikita,2026-04-25T09:38:08+00:00,2026-04-25T09:38:08+00:00,discovery
https://www.abc.net.au/triplejunearthed/artist/ama,ama,2026-04-25T09:38:08+00:00,2026-04-25T09:38:08+00:00,discovery
https://www.abc.net.au/triplejunearthed/artist/magz,magz,2026-04-25T09:38:08+00:00,2026-04-25T09:38:08+00:00,discovery
https://www.abc.net.au/triplejunearthed/artist/tseba,tseba,2026-04-25T09:38:08+00:00,2026-04-25T09:38:08+00:00,discovery
https://www.abc.net.au/triplejunearthed/artist/thereeds,thereeds,2026-04-25T09:38:08+00:00,2026-04-25T09:38:08+00:00,discovery
https://www.abc.net.au/triplejunearthed/artist/hailee-jayde,hailee-jayde,2026-04-25T09:38:08+00:00,2026-04-25T09:38:08+00:00,discovery
https://www.abc.net.au/triplejunearthed/artist/maden-lane,maden-lane,2026-04-25T09:38:08+00:00,2026-04-25T09:38:08+00:00,discovery
https://www.abc.net.au/triplejunearthed/artist/cardamone,cardamone,2026-04-25T09:38:08+00:00,2026-04-25T09:38:08+00:00,discovery
https://www.abc.net.au/triplejunearthed/artist/ouroboric,ouroboric,2026-04-25T09:38:08+00:00,2026-04-25T09:38:08+00:00,discovery
https://www.abc.net.au/triplejunearthed/artist/romany-lewis,romany-lewis,2026-04-25T09:38:08+00:00,2026-04-25T09:38:08+00:00,discovery
https://www.abc.net.au/triplejunearthed/artist/aima,aima,2026-04-25T09:38:08+00:00,2026-04-25T09:38:08+00:00,discovery
https://www.abc.net.au/triplejunearthed/artist/good-kids,good-kids,2026-04-25T09:38:08+00:00,2026-04-25T09:38:08+00:00,discovery
https://www.abc.net.au/triplejunearthed/artist/jay-verner,jay-verner,2026-04-25T09:38:08+00:00,2026-04-25T09:38:08+00:00,discovery
https://www.abc.net.au/triplejunearthed/artist/stxr-a-b,stxr-a-b,2026-04-25T09:38:08+00:00,2026-04-25T09:38:08+00:00,discovery
https://www.abc.net.au/triplejunearthed/artist/quite-loud,quite-loud,2026-04-25T09:38:17+00:00,2026-04-25T09:38:17+00:00,discovery
https://www.abc.net.au/triplejunearthed/artist/divorn,divorn,2026-04-25T09:38:17+00:00,2026-04-25T09:38:17+00:00,discovery
https://www.abc.net.au/triplejunearthed/artist/glenn-kearney-vi,glenn-kearney-vi,2026-04-25T09:38:17+00:00,2026-04-25T09:38:17+00:00,discovery
https://www.abc.net.au/triplejunearthed/artist/kaye-the-half-wise,kaye-the-half-wise,2026-04-25T09:38:17+00:00,2026-04-25T09:38:17+00:00,discovery
https://www.abc.net.au/triplejunearthed/artist/lillieen,lillieen,2026-04-25T09:38:17+00:00,2026-04-25T09:38:17+00:00,discovery
https://www.abc.net.au/triplejunearthed/artist/kira-kimira,kira-kimira,2026-04-25T09:38:17+00:00,2026-04-25T09:38:17+00:00,discovery
https://www.abc.net.au/triplejunearthed/artist/sweetaj,sweetaj,2026-04-25T09:38:17+00:00,2026-04-25T09:38:17+00:00,discovery
https://www.abc.net.au/triplejunearthed/artist/bottlebug,bottlebug,2026-04-25T09:38:17+00:00,2026-04-25T09:38:17+00:00,discovery
https://www.abc.net.au/triplejunearthed/artist/the--beefs,the--beefs,2026-04-25T09:38:17+00:00,2026-04-25T09:38:17+00:00,discovery
https://www.abc.net.au/triplejunearthed/artist/lenny-lens,lenny-lens,2026-04-25T09:38:17+00:00,2026-04-25T09:38:17+00:00,discovery
https://www.abc.net.au/triplejunearthed/artist/casey-brown,casey-brown,2026-04-25T09:38:17+00:00,2026-04-25T09:38:17+00:00,discovery
https://www.abc.net.au/triplejunearthed/artist/isy-cappo,isy-cappo,2026-04-25T09:38:17+00:00,2026-04-25T09:38:17+00:00,discovery
https://www.abc.net.au/triplejunearthed/artist/bleeding-teeth,bleeding-teeth,2026-04-25T09:38:17+00:00,2026-04-25T09:38:17+00:00,discovery
https://www.abc.net.au/triplejunearthed/artist/cary-georgiou,cary-georgiou,2026-04-25T09:38:17+00:00,2026-04-25T09:38:17+00:00,discovery
https://www.abc.net.au/triplejunearthed/artist/adam-bowden,adam-bowden,2026-04-25T09:38:17+00:00,2026-04-25T09:38:17+00:00,discovery
https://www.abc.net.au/triplejunearthed/artist/im-blu,im-blu,2026-04-25T09:38:24+00:00,2026-04-25T09:38:24+00:00,discovery
https://www.abc.net.au/triplejunearthed/artist/lilianadelarosa,lilianadelarosa,2026-04-25T09:38:25+00:00,2026-04-25T09:38:25+00:00,discovery
https://www.abc.net.au/triplejunearthed/artist/eren-senbay,eren-senbay,2026-04-25T09:38:25+00:00,2026-04-25T09:38:25+00:00,discovery
https://www.abc.net.au/triplejunearthed/artist/rylie-baye,rylie-baye,2026-04-25T09:38:25+00:00,2026-04-25T09:38:25+00:00,discovery
https://www.abc.net.au/triplejunearthed/artist/nbotic,nbotic,2026-04-25T09:38:25+00:00,2026-04-25T09:38:25+00:00,discovery
https://www.abc.net.au/triplejunearthed/artist/luca-caporalemusic,luca-caporalemusic,2026-04-25T09:38:25+00:00,2026-04-25T09:38:25+00:00,discovery
https://www.abc.net.au/triplejunearthed/artist/ashbyband,ashbyband,2026-04-25T09:38:25+00:00,2026-04-25T09:38:25+00:00,discovery
https://www.abc.net.au/triplejunearthed/artist/wazabiii76,wazabiii76,2026-04-25T09:38:25+00:00,2026-04-25T09:38:25+00:00,discovery
https://www.abc.net.au/triplejunearthed/artist/arketek,arketek,2026-04-25T09:38:25+00:00,2026-04-25T09:38:25+00:00,discovery
https://www.abc.net.au/triplejunearthed/artist/ripthepetals,ripthepetals,2026-04-25T09:38:25+00:00,2026-04-25T09:38:25+00:00,discovery
https://www.abc.net.au/triplejunearthed/artist/cossechan,cossechan,2026-04-25T09:38:25+00:00,2026-04-25T09:38:25+00:00,discovery
https://www.abc.net.au/triplejunearthed/artist/blaise-taran,blaise-taran,2026-04-25T09:38:25+00:00,2026-04-25T09:38:25+00:00,discovery
https://www.abc.net.au/triplejunearthed/artist/swlabr,swlabr,2026-04-25T09:38:25+00:00,2026-04-25T09:38:25+00:00,discovery
https://www.abc.net.au/triplejunearthed/artist/the-lost-futures,the-lost-futures,2026-04-25T09:38:25+00:00,2026-04-25T09:38:25+00:00,discovery
https://www.abc.net.au/triplejunearthed/artist/jack-hamilton,jack-hamilton,2026-04-25T09:38:25+00:00,2026-04-25T09:38:25+00:00,discovery
https://www.abc.net.au/triplejunearthed/artist/jessica-holbrok,jessica-holbrok,2026-04-25T09:38:33+00:00,2026-04-25T09:38:33+00:00,discovery
https://www.abc.net.au/triplejunearthed/artist/guy-walton,guy-walton,2026-04-25T09:38:33+00:00,2026-04-25T09:38:33+00:00,discovery
https://www.abc.net.au/triplejunearthed/artist/distracted,distracted,2026-04-25T09:38:33+00:00,2026-04-25T09:38:33+00:00,discovery
https://www.abc.net.au/triplejunearthed/artist/lycosa,lycosa,2026-04-25T09:38:33+00:00,2026-04-25T09:38:33+00:00,discovery
https://www.abc.net.au/triplejunearthed/artist/fourth-floor-collapse,fourth-floor-collapse,2026-04-25T09:38:34+00:00,2026-04-25T09:38:34+00:00,discovery
https://www.abc.net.au/triplejunearthed/artist/jazmine-de-castro,jazmine-de-castro,2026-04-25T09:38:34+00:00,2026-04-25T09:38:34+00:00,discovery
https://www.abc.net.au/triplejunearthed/artist/emaren,emaren,2026-04-25T09:38:34+00:00,2026-04-25T09:38:34+00:00,discovery
https://www.abc.net.au/triplejunearthed/artist/5now,5now,2026-04-25T09:38:34+00:00,2026-04-25T09:38:34+00:00,discovery
https://www.abc.net.au/triplejunearthed/artist/whiplassh,whiplassh,2026-04-25T09:38:34+00:00,2026-04-25T09:38:34+00:00,discovery
https://www.abc.net.au/triplejunearthed/artist/ohkabe,ohkabe,2026-04-25T09:38:34+00:00,2026-04-25T09:38:34+00:00,discovery
https://www.abc.net.au/triplejunearthed/artist/rimmy-grasa,rimmy-grasa,2026-04-25T09:38:34+00:00,2026-04-25T09:38:34+00:00,discovery
https://www.abc.net.au/triplejunearthed/artist/seanyz,seanyz,2026-04-25T09:38:34+00:00,2026-04-25T09:38:34+00:00,discovery
https://www.abc.net.au/triplejunearthed/artist/pascale,pascale,2026-04-25T09:38:42+00:00,2026-04-25T09:38:42+00:00,discovery
https://www.abc.net.au/triplejunearthed/artist/vertebrae,vertebrae,2026-04-25T09:38:42+00:00,2026-04-25T09:38:42+00:00,discovery
https://www.abc.net.au/triplejunearthed/artist/deathbeds-au,deathbeds-au,2026-04-25T09:38:42+00:00,2026-04-25T09:38:42+00:00,discovery
https://www.abc.net.au/triplejunearthed/artist/lightfromastranger,lightfromastranger,2026-04-25T09:38:42+00:00,2026-04-25T09:38:42+00:00,discovery
https://www.abc.net.au/triplejunearthed/artist/v-o-e,v-o-e,2026-04-25T09:38:42+00:00,2026-04-25T09:38:42+00:00,discovery
https://www.abc.net.au/triplejunearthed/artist/the-smith-western-jury,the-smith-western-jury,2026-04-25T09:38:42+00:00,2026-04-25T09:38:42+00:00,discovery
https://www.abc.net.au/triplejunearthed/artist/kaila,kaila,2026-04-25T09:38:42+00:00,2026-04-25T09:38:42+00:00,discovery
https://www.abc.net.au/triplejunearthed/artist/charlie-roseconway,charlie-roseconway,2026-04-25T09:38:42+00:00,2026-04-25T09:38:42+00:00,discovery
https://www.abc.net.au/triplejunearthed/artist/nebzy,nebzy,2026-04-25T09:38:42+00:00,2026-04-25T09:38:42+00:00,discovery
https://www.abc.net.au/triplejunearthed/artist/ellard,ellard,2026-04-25T09:38:42+00:00,2026-04-25T09:38:42+00:00,discovery
https://www.abc.net.au/triplejunearthed/artist/sunnylad,sunnylad,2026-04-25T09:38:42+00:00,2026-04-25T09:38:42+00:00,discovery
https://www.abc.net.au/triplejunearthed/artist/shalisa-jean,shalisa-jean,2026-04-25T09:38:42+00:00,2026-04-25T09:38:42+00:00,discovery
https://www.abc.net.au/triplejunearthed/artist/cascade-bloom,cascade-bloom,2026-04-25T09:38:51+00:00,2026-04-25T09:38:51+00:00,discovery
https://www.abc.net.au/triplejunearthed/artist/kitty-beach,kitty-beach,2026-04-25T09:38:51+00:00,2026-04-25T09:38:51+00:00,discovery
https://www.abc.net.au/triplejunearthed/artist/the-super-eight,the-super-eight,2026-04-25T09:38:51+00:00,2026-04-25T09:38:51+00:00,discovery
https://www.abc.net.au/triplejunearthed/artist/cj-commerford-the-supertones,cj-commerford-the-supertones,2026-04-25T09:38:51+00:00,2026-04-25T09:38:51+00:00,discovery
https://www.abc.net.au/triplejunearthed/artist/tushar,tushar,2026-04-25T09:38:51+00:00,2026-04-25T09:38:51+00:00,discovery
https://www.abc.net.au/triplejunearthed/artist/silkyedgez,silkyedgez,2026-04-25T09:38:51+00:00,2026-04-25T09:38:51+00:00,discovery
https://www.abc.net.au/triplejunearthed/artist/stinky-dog,stinky-dog,2026-04-25T09:38:51+00:00,2026-04-25T09:38:51+00:00,discovery
https://www.abc.net.au/triplejunearthed/artist/nightlight,nightlight,2026-04-25T09:38:51+00:00,2026-04-25T09:38:51+00:00,discovery
https://www.abc.net.au/triplejunearthed/artist/frogs-in-suits,frogs-in-suits,2026-04-25T09:38:51+00:00,2026-04-25T09:38:51+00:00,discovery
https://www.abc.net.au/triplejunearthed/artist/teresa,teresa,2026-04-25T09:38:51+00:00,2026-04-25T09:38:51+00:00,discovery
https://www.abc.net.au/triplejunearthed/artist/matthew-duff,matthew-duff,2026-04-25T09:38:51+00:00,2026-04-25T09:38:51+00:00,discovery
https://www.abc.net.au/triplejunearthed/artist/heavenaloneau,heavenaloneau,2026-04-25T09:38:51+00:00,2026-04-25T09:38:51+00:00,discovery
https://www.abc.net.au/triplejunearthed/artist/pit,pit,2026-04-25T09:38:51+00:00,2026-04-25T09:38:51+00:00,discovery
https://www.abc.net.au/triplejunearthed/artist/skung-fu,skung-fu,2026-04-25T09:38:51+00:00,2026-04-25T09:38:51+00:00,discovery
https://www.abc.net.au/triplejunearthed/artist/tara-formosa,tara-formosa,2026-04-25T09:39:00+00:00,2026-04-25T09:39:00+00:00,discovery
https://www.abc.net.au/triplejunearthed/artist/savick,savick,2026-04-25T09:39:00+00:00,2026-04-25T09:39:00+00:00,discovery
https://www.abc.net.au/triplejunearthed/artist/zoe-rain,zoe-rain,2026-04-25T09:39:00+00:00,2026-04-25T09:39:00+00:00,discovery
https://www.abc.net.au/triplejunearthed/artist/fraser,fraser,2026-04-25T09:39:00+00:00,2026-04-25T09:39:00+00:00,discovery
https://www.abc.net.au/triplejunearthed/artist/flesh-cherub,flesh-cherub,2026-04-25T09:39:00+00:00,2026-04-25T09:39:00+00:00,discovery
https://www.abc.net.au/triplejunearthed/artist/pinnacleperth,pinnacleperth,2026-04-25T09:39:00+00:00,2026-04-25T09:39:00+00:00,discovery
https://www.abc.net.au/triplejunearthed/artist/to-oscar,to-oscar,2026-04-25T09:39:00+00:00,2026-04-25T09:39:00+00:00,discovery
https://www.abc.net.au/triplejunearthed/artist/oscar444,oscar444,2026-04-25T09:39:00+00:00,2026-04-25T09:39:00+00:00,discovery
https://www.abc.net.au/triplejunearthed/artist/rob-aspinall,rob-aspinall,2026-04-25T09:39:00+00:00,2026-04-25T09:39:00+00:00,discovery
https://www.abc.net.au/triplejunearthed/artist/midnight-pool-party,midnight-pool-party,2026-04-25T09:39:00+00:00,2026-04-25T09:39:00+00:00,discovery
https://www.abc.net.au/triplejunearthed/artist/dune-cartel,dune-cartel,2026-04-25T09:39:00+00:00,2026-04-25T09:39:00+00:00,discovery
https://www.abc.net.au/triplejunearthed/artist/innuendes,innuendes,2026-04-25T09:39:00+00:00,2026-04-25T09:39:00+00:00,discovery
https://www.abc.net.au/triplejunearthed/artist/ben-miller,ben-miller,2026-04-25T09:39:00+00:00,2026-04-25T09:39:00+00:00,discovery
https://www.abc.net.au/triplejunearthed/artist/lily-hallawell,lily-hallawell,2026-04-25T09:39:09+00:00,2026-04-25T09:39:09+00:00,discovery
https://www.abc.net.au/triplejunearthed/artist/j-verse-0,j-verse-0,2026-04-25T09:39:09+00:00,2026-04-25T09:39:09+00:00,discovery
https://www.abc.net.au/triplejunearthed/artist/mulga-bore-hard-rock,mulga-bore-hard-rock,2026-04-25T09:39:09+00:00,2026-04-25T09:39:09+00:00,discovery
https://www.abc.net.au/triplejunearthed/artist/figgy-tuna,figgy-tuna,2026-04-25T09:39:09+00:00,2026-04-25T09:39:09+00:00,discovery
https://www.abc.net.au/triplejunearthed/artist/treyoung,treyoung,2026-04-25T09:39:09+00:00,2026-04-25T09:39:09+00:00,discovery
https://www.abc.net.au/triplejunearthed/artist/bianca-camiolo,bianca-camiolo,2026-04-25T09:39:09+00:00,2026-04-25T09:39:09+00:00,discovery
https://www.abc.net.au/triplejunearthed/artist/jordan-wilson,jordan-wilson,2026-04-25T09:39:09+00:00,2026-04-25T09:39:09+00:00,discovery
https://www.abc.net.au/triplejunearthed/artist/georgia-haisman,georgia-haisman,2026-04-25T09:39:09+00:00,2026-04-25T09:39:09+00:00,discovery
https://www.abc.net.au/triplejunearthed/artist/georgie-winchester,georgie-winchester,2026-04-25T09:39:09+00:00,2026-04-25T09:39:09+00:00,discovery
https://www.abc.net.au/triplejunearthed/artist/two-nice-white-guys,two-nice-white-guys,2026-04-25T09:39:09+00:00,2026-04-25T09:39:09+00:00,discovery
https://www.abc.net.au/triplejunearthed/artist/emeree,emeree,2026-04-25T09:39:09+00:00,2026-04-25T09:39:09+00:00,discovery
https://www.abc.net.au/triplejunearthed/artist/garyband,garyband,2026-04-25T09:39:09+00:00,2026-04-25T09:39:09+00:00,discovery
https://www.abc.net.au/triplejunearthed/artist/kevincn,kevincn,2026-04-25T09:39:09+00:00,2026-04-25T09:39:09+00:00,discovery
https://www.abc.net.au/triplejunearthed/artist/em-hudd,em-hudd,2026-04-25T09:39:09+00:00,2026-04-25T09:39:09+00:00,discovery
https://www.abc.net.au/triplejunearthed/artist/sweettemperband,sweettemperband,2026-04-25T09:39:09+00:00,2026-04-25T09:39:09+00:00,discovery
https://www.abc.net.au/triplejunearthed/artist/planetcheatcode,planetcheatcode,2026-04-25T09:39:18+00:00,2026-04-25T09:39:18+00:00,discovery
https://www.abc.net.au/triplejunearthed/artist/cusapepi,cusapepi,2026-04-25T09:39:18+00:00,2026-04-25T09:39:18+00:00,discovery
https://www.abc.net.au/triplejunearthed/artist/any-young-mechanic,any-young-mechanic,2026-04-25T09:39:18+00:00,2026-04-25T09:39:18+00:00,discovery
https://www.abc.net.au/triplejunearthed/artist/decode-island,decode-island,2026-04-25T09:39:18+00:00,2026-04-25T09:39:18+00:00,discovery
https://www.abc.net.au/triplejunearthed/artist/supathick,supathick,2026-04-25T09:39:18+00:00,2026-04-25T09:39:18+00:00,discovery
https://www.abc.net.au/triplejunearthed/artist/serenarose,serenarose,2026-04-25T09:39:18+00:00,2026-04-25T09:39:18+00:00,discovery
https://www.abc.net.au/triplejunearthed/artist/peach-fuzz-4,peach-fuzz-4,2026-04-25T09:39:18+00:00,2026-04-25T09:39:18+00:00,discovery
https://www.abc.net.au/triplejunearthed/artist/munroe,munroe,2026-04-25T09:39:18+00:00,2026-04-25T09:39:18+00:00,discovery
https://www.abc.net.au/triplejunearthed/artist/danny-pryp,danny-pryp,2026-04-25T09:39:18+00:00,2026-04-25T09:39:18+00:00,discovery
https://www.abc.net.au/triplejunearthed/artist/telegraph-hill,telegraph-hill,2026-04-25T09:39:18+00:00,2026-04-25T09:39:18+00:00,discovery
https://www.abc.net.au/triplejunearthed/artist/chloe-mostyn,chloe-mostyn,2026-04-25T09:39:18+00:00,2026-04-25T09:39:18+00:00,discovery
https://www.abc.net.au/triplejunearthed/artist/thats-mami,thats-mami,2026-04-25T09:39:18+00:00,2026-04-25T09:39:18+00:00,discovery
https://www.abc.net.au/triplejunearthed/artist/gemma-ylana,gemma-ylana,2026-04-25T09:39:18+00:00,2026-04-25T09:39:18+00:00,discovery
https://www.abc.net.au/triplejunearthed/artist/gracegold,gracegold,2026-04-25T09:39:28+00:00,2026-04-25T09:39:28+00:00,discovery
https://www.abc.net.au/triplejunearthed/artist/zoella,zoella,2026-04-25T09:39:28+00:00,2026-04-25T09:39:28+00:00,discovery
https://www.abc.net.au/triplejunearthed/artist/charlottemacinnes,charlottemacinnes,2026-04-25T09:39:28+00:00,2026-04-25T09:39:28+00:00,discovery
https://www.abc.net.au/triplejunearthed/artist/kristen-walden,kristen-walden,2026-04-25T09:39:28+00:00,2026-04-25T09:39:28+00:00,discovery
https://www.abc.net.au/triplejunearthed/artist/oneeshie,oneeshie,2026-04-25T09:39:28+00:00,2026-04-25T09:39:28+00:00,discovery
https://www.abc.net.au/triplejunearthed/artist/drexler,drexler,2026-04-25T09:39:28+00:00,2026-04-25T09:39:28+00:00,discovery
https://www.abc.net.au/triplejunearthed/artist/camiaow,camiaow,2026-04-25T09:39:28+00:00,2026-04-25T09:39:28+00:00,discovery
https://www.abc.net.au/triplejunearthed/artist/han-wilson,han-wilson,2026-04-25T09:39:28+00:00,2026-04-25T09:39:28+00:00,discovery
https://www.abc.net.au/triplejunearthed/artist/ordley,ordley,2026-04-25T09:39:28+00:00,2026-04-25T09:39:28+00:00,discovery
https://www.abc.net.au/triplejunearthed/artist/luke-gordon,luke-gordon,2026-04-25T09:39:28+00:00,2026-04-25T09:39:28+00:00,discovery
https://www.abc.net.au/triplejunearthed/artist/sandalwood-duo,sandalwood-duo,2026-04-25T09:39:28+00:00,2026-04-25T09:39:28+00:00,discovery
https://www.abc.net.au/triplejunearthed/artist/dusa,dusa,2026-04-25T09:39:28+00:00,2026-04-25T09:39:28+00:00,discovery
https://www.abc.net.au/triplejunearthed/artist/owiz,owiz,2026-04-25T09:39:28+00:00,2026-04-25T09:39:28+00:00,discovery
https://www.abc.net.au/triplejunearthed/artist/ethanplus,ethanplus,2026-04-25T09:39:28+00:00,2026-04-25T09:39:28+00:00,discovery
https://www.abc.net.au/triplejunearthed/artist/caityscifi,caityscifi,2026-04-25T09:39:28+00:00,2026-04-25T09:39:28+00:00,discovery
https://www.abc.net.au/triplejunearthed/artist/charity-selleck,charity-selleck,2026-04-25T09:39:35+00:00,2026-04-25T09:39:35+00:00,discovery
https://www.abc.net.au/triplejunearthed/artist/pinky-promise,pinky-promise,2026-04-25T09:39:35+00:00,2026-04-25T09:39:35+00:00,discovery
https://www.abc.net.au/triplejunearthed/artist/mortala,mortala,2026-04-25T09:39:35+00:00,2026-04-25T09:39:35+00:00,discovery
https://www.abc.net.au/triplejunearthed/artist/rocket-rules,rocket-rules,2026-04-25T09:39:35+00:00,2026-04-25T09:39:35+00:00,discovery
https://www.abc.net.au/triplejunearthed/artist/akma61,akma61,2026-04-25T09:39:35+00:00,2026-04-25T09:39:35+00:00,discovery
https://www.abc.net.au/triplejunearthed/artist/rions,rions,2026-04-25T09:39:35+00:00,2026-04-25T09:39:35+00:00,discovery
https://www.abc.net.au/triplejunearthed/artist/slippery-gypsy,slippery-gypsy,2026-04-25T09:39:35+00:00,2026-04-25T09:39:35+00:00,discovery
https://www.abc.net.au/triplejunearthed/artist/radialdelay,radialdelay,2026-04-25T09:39:35+00:00,2026-04-25T09:39:35+00:00,discovery
https://www.abc.net.au/triplejunearthed/artist/raok,raok,2026-04-25T09:39:36+00:00,2026-04-25T09:39:36+00:00,discovery
https://www.abc.net.au/triplejunearthed/artist/beatsbygost,beatsbygost,2026-04-25T09:39:36+00:00,2026-04-25T09:39:36+00:00,discovery
https://www.abc.net.au/triplejunearthed/artist/flex,flex,2026-04-25T09:39:36+00:00,2026-04-25T09:39:36+00:00,discovery
https://www.abc.net.au/triplejunearthed/artist/blindedbyhope,blindedbyhope,2026-04-25T09:39:36+00:00,2026-04-25T09:39:36+00:00,discovery
https://www.abc.net.au/triplejunearthed/artist/concierge,concierge,2026-04-25T09:39:36+00:00,2026-04-25T09:39:36+00:00,discovery
https://www.abc.net.au/triplejunearthed/artist/blokbstr,blokbstr,2026-04-25T09:39:36+00:00,2026-04-25T09:39:36+00:00,discovery
https://www.abc.net.au/triplejunearthed/artist/ian-andrew-rhodes,ian-andrew-rhodes,2026-04-25T09:39:43+00:00,2026-04-25T09:39:43+00:00,discovery
https://www.abc.net.au/triplejunearthed/artist/jamie-tk,jamie-tk,2026-04-25T09:39:43+00:00,2026-04-25T09:39:43+00:00,discovery
https://www.abc.net.au/triplejunearthed/artist/slims-2,slims-2,2026-04-25T09:39:43+00:00,2026-04-25T09:39:43+00:00,discovery
https://www.abc.net.au/triplejunearthed/artist/jordietomas,jordietomas,2026-04-25T09:39:43+00:00,2026-04-25T09:39:43+00:00,discovery
https://www.abc.net.au/triplejunearthed/artist/kim-oleary,kim-oleary,2026-04-25T09:39:43+00:00,2026-04-25T09:39:43+00:00,discovery
https://www.abc.net.au/triplejunearthed/artist/sleepy-soph,sleepy-soph,2026-04-25T09:39:44+00:00,2026-04-25T09:39:44+00:00,discovery
https://www.abc.net.au/triplejunearthed/artist/amalie,amalie,2026-04-25T09:39:44+00:00,2026-04-25T09:39:44+00:00,discovery
https://www.abc.net.au/triplejunearthed/artist/vinny-lunar,vinny-lunar,2026-04-25T09:39:44+00:00,2026-04-25T09:39:44+00:00,discovery
https://www.abc.net.au/triplejunearthed/artist/coco-benny,coco-benny,2026-04-25T09:39:44+00:00,2026-04-25T09:39:44+00:00,discovery
https://www.abc.net.au/triplejunearthed/artist/worry-weather,worry-weather,2026-04-25T09:39:44+00:00,2026-04-25T09:39:44+00:00,discovery
https://www.abc.net.au/triplejunearthed/artist/jnrfullstop,jnrfullstop,2026-04-25T09:39:44+00:00,2026-04-25T09:39:44+00:00,discovery
https://www.abc.net.au/triplejunearthed/artist/hezitator,hezitator,2026-04-25T09:39:44+00:00,2026-04-25T09:39:44+00:00,discovery
https://www.abc.net.au/triplejunearthed/artist/darcypolley,darcypolley,2026-04-25T09:39:44+00:00,2026-04-25T09:39:44+00:00,discovery
https://www.abc.net.au/triplejunearthed/artist/mizuki,mizuki,2026-04-25T09:39:44+00:00,2026-04-25T09:39:44+00:00,discovery
https://www.abc.net.au/triplejunearthed/artist/dead-witch,dead-witch,2026-04-25T09:39:44+00:00,2026-04-25T09:39:44+00:00,discovery
https://www.abc.net.au/triplejunearthed/artist/y-street,y-street,2026-04-25T09:39:53+00:00,2026-04-25T09:39:53+00:00,discovery
https://www.abc.net.au/triplejunearthed/artist/room-without-a-view,room-without-a-view,2026-04-25T09:39:53+00:00,2026-04-25T09:39:53+00:00,discovery
https://www.abc.net.au/triplejunearthed/artist/glenn-kearney-v,glenn-kearney-v,2026-04-25T09:39:53+00:00,2026-04-25T09:39:53+00:00,discovery
https://www.abc.net.au/triplejunearthed/artist/sweating,sweating,2026-04-25T09:39:53+00:00,2026-04-25T09:39:53+00:00,discovery
https://www.abc.net.au/triplejunearthed/artist/nautical-mile,nautical-mile,2026-04-25T09:39:53+00:00,2026-04-25T09:39:53+00:00,discovery
https://www.abc.net.au/triplejunearthed/artist/bonesyfractured,bonesyfractured,2026-04-25T09:39:53+00:00,2026-04-25T09:39:53+00:00,discovery
https://www.abc.net.au/triplejunearthed/artist/ryze,ryze,2026-04-25T09:39:53+00:00,2026-04-25T09:39:53+00:00,discovery
https://www.abc.net.au/triplejunearthed/artist/lodges-listening-post,lodges-listening-post,2026-04-25T09:39:53+00:00,2026-04-25T09:39:53+00:00,discovery
https://www.abc.net.au/triplejunearthed/artist/nixiemusic,nixiemusic,2026-04-25T09:39:53+00:00,2026-04-25T09:39:53+00:00,discovery
https://www.abc.net.au/triplejunearthed/artist/the-aveonics,the-aveonics,2026-04-25T09:39:53+00:00,2026-04-25T09:39:53+00:00,discovery
https://www.abc.net.au/triplejunearthed/artist/mortaldreamau,mortaldreamau,2026-04-25T09:39:53+00:00,2026-04-25T09:39:53+00:00,discovery
https://www.abc.net.au/triplejunearthed/artist/georgia-brooke,georgia-brooke,2026-04-25T09:39:53+00:00,2026-04-25T09:39:53+00:00,discovery
https://www.abc.net.au/triplejunearthed/artist/social-strangers,social-strangers,2026-04-25T09:40:02+00:00,2026-04-25T09:40:02+00:00,discovery
https://www.abc.net.au/triplejunearthed/artist/kanani,kanani,2026-04-25T09:40:02+00:00,2026-04-25T09:40:02+00:00,discovery
https://www.abc.net.au/triplejunearthed/artist/greeble,greeble,2026-04-25T09:40:02+00:00,2026-04-25T09:40:02+00:00,discovery
https://www.abc.net.au/triplejunearthed/artist/cheap-skate,cheap-skate,2026-04-25T09:40:02+00:00,2026-04-25T09:40:02+00:00,discovery
https://www.abc.net.au/triplejunearthed/artist/crime-show,crime-show,2026-04-25T09:40:02+00:00,2026-04-25T09:40:02+00:00,discovery
https://www.abc.net.au/triplejunearthed/artist/dedfateofficial,dedfateofficial,2026-04-25T09:40:02+00:00,2026-04-25T09:40:02+00:00,discovery
https://www.abc.net.au/triplejunearthed/artist/babyblaccson,babyblaccson,2026-04-25T09:40:02+00:00,2026-04-25T09:40:02+00:00,discovery
https://www.abc.net.au/triplejunearthed/artist/broadcasting,broadcasting,2026-04-25T09:40:02+00:00,2026-04-25T09:40:02+00:00,discovery
https://www.abc.net.au/triplejunearthed/artist/fleeting-joy,fleeting-joy,2026-04-25T09:40:02+00:00,2026-04-25T09:40:02+00:00,discovery
https://www.abc.net.au/triplejunearthed/artist/win-big,win-big,2026-04-25T09:40:02+00:00,2026-04-25T09:40:02+00:00,discovery
https://www.abc.net.au/triplejunearthed/artist/frankie-dipper,frankie-dipper,2026-04-25T09:40:02+00:00,2026-04-25T09:40:02+00:00,discovery
https://www.abc.net.au/triplejunearthed/artist/yxng-kidda,yxng-kidda,2026-04-25T09:40:03+00:00,2026-04-25T09:40:03+00:00,discovery
https://www.abc.net.au/triplejunearthed/artist/andre-swish,andre-swish,2026-04-25T09:40:03+00:00,2026-04-25T09:40:03+00:00,discovery
https://www.abc.net.au/triplejunearthed/artist/snailgun,snailgun,2026-04-25T09:40:03+00:00,2026-04-25T09:40:03+00:00,discovery
https://www.abc.net.au/triplejunearthed/artist/gian-santoro,gian-santoro,2026-04-25T09:40:11+00:00,2026-04-25T09:40:11+00:00,discovery
https://www.abc.net.au/triplejunearthed/artist/andoni,andoni,2026-04-25T09:40:11+00:00,2026-04-25T09:40:11+00:00,discovery
https://www.abc.net.au/triplejunearthed/artist/dego,dego,2026-04-25T09:40:11+00:00,2026-04-25T09:40:11+00:00,discovery
https://www.abc.net.au/triplejunearthed/artist/maple,maple,2026-04-25T09:40:11+00:00,2026-04-25T09:40:11+00:00,discovery
https://www.abc.net.au/triplejunearthed/artist/olza,olza,2026-04-25T09:40:11+00:00,2026-04-25T09:40:11+00:00,discovery
https://www.abc.net.au/triplejunearthed/artist/general-assembly,general-assembly,2026-04-25T09:40:11+00:00,2026-04-25T09:40:11+00:00,discovery
https://www.abc.net.au/triplejunearthed/artist/emmadduncan,emmadduncan,2026-04-25T09:40:11+00:00,2026-04-25T09:40:11+00:00,discovery
https://www.abc.net.au/triplejunearthed/artist/julianne-jones,julianne-jones,2026-04-25T09:40:11+00:00,2026-04-25T09:40:11+00:00,discovery
https://www.abc.net.au/triplejunearthed/artist/miller-artz,miller-artz,2026-04-25T09:40:11+00:00,2026-04-25T09:40:11+00:00,discovery
https://www.abc.net.au/triplejunearthed/artist/elliesheath,elliesheath,2026-04-25T09:40:11+00:00,2026-04-25T09:40:11+00:00,discovery
https://www.abc.net.au/triplejunearthed/artist/jess-reiss,jess-reiss,2026-04-25T09:40:11+00:00,2026-04-25T09:40:11+00:00,discovery
https://www.abc.net.au/triplejunearthed/artist/akustikats,akustikats,2026-04-25T09:40:11+00:00,2026-04-25T09:40:11+00:00,discovery
https://www.abc.net.au/triplejunearthed/artist/genie-baby,genie-baby,2026-04-25T09:40:11+00:00,2026-04-25T09:40:11+00:00,discovery
https://www.abc.net.au/triplejunearthed/artist/livliv,livliv,2026-04-25T09:40:20+00:00,2026-04-25T09:40:20+00:00,discovery
https://www.abc.net.au/triplejunearthed/artist/linamusic,linamusic,2026-04-25T09:40:20+00:00,2026-04-25T09:40:20+00:00,discovery
https://www.abc.net.au/triplejunearthed/artist/elephant-and-coffee-table,elephant-and-coffee-table,2026-04-25T09:40:20+00:00,2026-04-25T09:40:20+00:00,discovery
https://www.abc.net.au/triplejunearthed/artist/wicked-envy,wicked-envy,2026-04-25T09:40:20+00:00,2026-04-25T09:40:20+00:00,discovery
https://www.abc.net.au/triplejunearthed/artist/pat-carroll,pat-carroll,2026-04-25T09:40:20+00:00,2026-04-25T09:40:20+00:00,discovery
https://www.abc.net.au/triplejunearthed/artist/dylan-scott-lee,dylan-scott-lee,2026-04-25T09:40:20+00:00,2026-04-25T09:40:20+00:00,discovery
https://www.abc.net.au/triplejunearthed/artist/rosie-mai,rosie-mai,2026-04-25T09:40:20+00:00,2026-04-25T09:40:20+00:00,discovery
https://www.abc.net.au/triplejunearthed/artist/famili,famili,2026-04-25T09:40:21+00:00,2026-04-25T09:40:21+00:00,discovery
https://www.abc.net.au/triplejunearthed/artist/anya-anastasia,anya-anastasia,2026-04-25T09:40:21+00:00,2026-04-25T09:40:21+00:00,discovery
https://www.abc.net.au/triplejunearthed/artist/noble,noble,2026-04-25T09:40:21+00:00,2026-04-25T09:40:21+00:00,discovery
https://www.abc.net.au/triplejunearthed/artist/electrofoo,electrofoo,2026-04-25T09:40:21+00:00,2026-04-25T09:40:21+00:00,discovery
https://www.abc.net.au/triplejunearthed/artist/marc-markey,marc-markey,2026-04-25T09:40:30+00:00,2026-04-25T09:40:30+00:00,discovery
https://www.abc.net.au/triplejunearthed/artist/annabellemusic,annabellemusic,2026-04-25T09:40:30+00:00,2026-04-25T09:40:30+00:00,discovery
https://www.abc.net.au/triplejunearthed/artist/planet-of-souls,planet-of-souls,2026-04-25T09:40:30+00:00,2026-04-25T09:40:30+00:00,discovery
https://www.abc.net.au/triplejunearthed/artist/gauze,gauze,2026-04-25T09:40:30+00:00,2026-04-25T09:40:30+00:00,discovery
https://www.abc.net.au/triplejunearthed/artist/jon-valenzuela,jon-valenzuela,2026-04-25T09:40:30+00:00,2026-04-25T09:40:30+00:00,discovery
https://www.abc.net.au/triplejunearthed/artist/turn-down-service,turn-down-service,2026-04-25T09:40:30+00:00,2026-04-25T09:40:30+00:00,discovery
https://www.abc.net.au/triplejunearthed/artist/yergurl,yergurl,2026-04-25T09:40:30+00:00,2026-04-25T09:40:30+00:00,discovery
https://www.abc.net.au/triplejunearthed/artist/crystallines,crystallines,2026-04-25T09:40:30+00:00,2026-04-25T09:40:30+00:00,discovery
https://www.abc.net.au/triplejunearthed/artist/loons,loons,2026-04-25T09:40:30+00:00,2026-04-25T09:40:30+00:00,discovery
https://www.abc.net.au/triplejunearthed/artist/flossyworld,flossyworld,2026-04-25T09:40:30+00:00,2026-04-25T09:40:30+00:00,discovery
https://www.abc.net.au/triplejunearthed/artist/jasmin-adria,jasmin-adria,2026-04-25T09:40:31+00:00,2026-04-25T09:40:31+00:00,discovery
https://www.abc.net.au/triplejunearthed/artist/donniefontanelli,donniefontanelli,2026-04-25T09:40:31+00:00,2026-04-25T09:40:31+00:00,discovery
https://www.abc.net.au/triplejunearthed/artist/lonesome-dove,lonesome-dove,2026-04-25T09:40:31+00:00,2026-04-25T09:40:31+00:00,discovery
https://www.abc.net.au/triplejunearthed/artist/harry-demos,harry-demos,2026-04-25T09:40:31+00:00,2026-04-25T09:40:31+00:00,discovery
https://www.abc.net.au/triplejunearthed/artist/transparent-bloom,transparent-bloom,2026-04-25T09:40:31+00:00,2026-04-25T09:40:31+00:00,discovery
https://www.abc.net.au/triplejunearthed/artist/ayobusari,ayobusari,2026-04-25T09:40:31+00:00,2026-04-25T09:40:31+00:00,discovery
https://www.abc.net.au/triplejunearthed/artist/brgr,brgr,2026-04-25T09:40:31+00:00,2026-04-25T09:40:31+00:00,discovery
https://www.abc.net.au/triplejunearthed/artist/the-fuss,the-fuss,2026-04-25T09:40:31+00:00,2026-04-25T09:40:31+00:00,discovery
https://www.abc.net.au/triplejunearthed/artist/dacy,dacy,2026-04-25T09:40:40+00:00,2026-04-25T09:40:40+00:00,discovery
https://www.abc.net.au/triplejunearthed/artist/nexxius,nexxius,2026-04-25T09:40:40+00:00,2026-04-25T09:40:40+00:00,discovery
https://www.abc.net.au/triplejunearthed/artist/chronade-nallyways,chronade-nallyways,2026-04-25T09:40:40+00:00,2026-04-25T09:40:40+00:00,discovery
https://www.abc.net.au/triplejunearthed/artist/brynnhulls,brynnhulls,2026-04-25T09:40:40+00:00,2026-04-25T09:40:40+00:00,discovery
https://www.abc.net.au/triplejunearthed/artist/anieszka-0,anieszka-0,2026-04-25T09:40:40+00:00,2026-04-25T09:40:40+00:00,discovery
https://www.abc.net.au/triplejunearthed/artist/hippo,hippo,2026-04-25T09:40:40+00:00,2026-04-25T09:40:40+00:00,discovery
https://www.abc.net.au/triplejunearthed/artist/moey-wav,moey-wav,2026-04-25T09:40:40+00:00,2026-04-25T09:40:40+00:00,discovery
https://www.abc.net.au/triplejunearthed/artist/zzzavi,zzzavi,2026-04-25T09:40:40+00:00,2026-04-25T09:40:40+00:00,discovery
https://www.abc.net.au/triplejunearthed/artist/buffaloparadise,buffaloparadise,2026-04-25T09:40:41+00:00,2026-04-25T09:40:41+00:00,discovery
https://www.abc.net.au/triplejunearthed/artist/willowbank-grove,willowbank-grove,2026-04-25T09:40:41+00:00,2026-04-25T09:40:41+00:00,discovery
https://www.abc.net.au/triplejunearthed/artist/rebma-rose,rebma-rose,2026-04-25T09:40:41+00:00,2026-04-25T09:40:41+00:00,discovery
https://www.abc.net.au/triplejunearthed/artist/kiyan-mp3,kiyan-mp3,2026-04-25T09:40:41+00:00,2026-04-25T09:40:41+00:00,discovery
https://www.abc.net.au/triplejunearthed/artist/obisun,obisun,2026-04-25T09:40:41+00:00,2026-04-25T09:40:41+00:00,discovery
https://www.abc.net.au/triplejunearthed/artist/hzed,hzed,2026-04-25T09:40:51+00:00,2026-04-25T09:40:51+00:00,discovery
https://www.abc.net.au/triplejunearthed/artist/hannah-and-the-heartstrings,hannah-and-the-heartstrings,2026-04-25T09:40:51+00:00,2026-04-25T09:40:51+00:00,discovery
https://www.abc.net.au/triplejunearthed/artist/sarah-hamze,sarah-hamze,2026-04-25T09:40:51+00:00,2026-04-25T09:40:51+00:00,discovery
https://www.abc.net.au/triplejunearthed/artist/mumdeathcake,mumdeathcake,2026-04-25T09:40:51+00:00,2026-04-25T09:40:51+00:00,discovery
https://www.abc.net.au/triplejunearthed/artist/mike-paxton,mike-paxton,2026-04-25T09:40:51+00:00,2026-04-25T09:40:51+00:00,discovery
https://www.abc.net.au/triplejunearthed/artist/arielajacobs,arielajacobs,2026-04-25T09:40:51+00:00,2026-04-25T09:40:51+00:00,discovery
https://www.abc.net.au/triplejunearthed/artist/8blockkayy,8blockkayy,2026-04-25T09:40:51+00:00,2026-04-25T09:40:51+00:00,discovery
https://www.abc.net.au/triplejunearthed/artist/orphia,orphia,2026-04-25T09:40:51+00:00,2026-04-25T09:40:51+00:00,discovery
https://www.abc.net.au/triplejunearthed/artist/nicola-de-sensi,nicola-de-sensi,2026-04-25T09:40:51+00:00,2026-04-25T09:40:51+00:00,discovery
https://www.abc.net.au/triplejunearthed/artist/isla-ivy,isla-ivy,2026-04-25T09:40:51+00:00,2026-04-25T09:40:51+00:00,discovery
https://www.abc.net.au/triplejunearthed/artist/paper-lightning,paper-lightning,2026-04-25T09:40:51+00:00,2026-04-25T09:40:51+00:00,discovery
https://www.abc.net.au/triplejunearthed/artist/sarah-jane-and-the-noise,sarah-jane-and-the-noise,2026-04-25T09:40:51+00:00,2026-04-25T09:40:51+00:00,discovery
https://www.abc.net.au/triplejunearthed/artist/thevelvetclub,thevelvetclub,2026-04-25T09:40:51+00:00,2026-04-25T09:40:51+00:00,discovery
https://www.abc.net.au/triplejunearthed/artist/salarymen,salarymen,2026-04-25T09:41:00+00:00,2026-04-25T09:41:00+00:00,discovery
https://www.abc.net.au/triplejunearthed/artist/lulay,lulay,2026-04-25T09:41:00+00:00,2026-04-25T09:41:00+00:00,discovery
https://www.abc.net.au/triplejunearthed/artist/fletcher-dunn,fletcher-dunn,2026-04-25T09:41:00+00:00,2026-04-25T09:41:00+00:00,discovery
https://www.abc.net.au/triplejunearthed/artist/grace-alexandra,grace-alexandra,2026-04-25T09:41:00+00:00,2026-04-25T09:41:00+00:00,discovery
https://www.abc.net.au/triplejunearthed/artist/smartcasual,smartcasual,2026-04-25T09:41:00+00:00,2026-04-25T09:41:00+00:00,discovery
https://www.abc.net.au/triplejunearthed/artist/luca-is-online,luca-is-online,2026-04-25T09:41:00+00:00,2026-04-25T09:41:00+00:00,discovery
https://www.abc.net.au/triplejunearthed/artist/lost-louie,lost-louie,2026-04-25T09:41:00+00:00,2026-04-25T09:41:00+00:00,discovery
https://www.abc.net.au/triplejunearthed/artist/miks-reaction,miks-reaction,2026-04-25T09:41:00+00:00,2026-04-25T09:41:00+00:00,discovery
https://www.abc.net.au/triplejunearthed/artist/mum-friends,mum-friends,2026-04-25T09:41:01+00:00,2026-04-25T09:41:01+00:00,discovery
https://www.abc.net.au/triplejunearthed/artist/wizzofficial,wizzofficial,2026-04-25T09:41:01+00:00,2026-04-25T09:41:01+00:00,discovery
https://www.abc.net.au/triplejunearthed/artist/cg777,cg777,2026-04-25T09:41:01+00:00,2026-04-25T09:41:01+00:00,discovery
https://www.abc.net.au/triplejunearthed/artist/boy-from-the-block,boy-from-the-block,2026-04-25T09:41:01+00:00,2026-04-25T09:41:01+00:00,discovery
https://www.abc.net.au/triplejunearthed/artist/hitch-0,hitch-0,2026-04-25T09:41:01+00:00,2026-04-25T09:41:01+00:00,discovery
https://www.abc.net.au/triplejunearthed/artist/dizzydays,dizzydays,2026-04-25T09:41:01+00:00,2026-04-25T09:41:01+00:00,discovery
https://www.abc.net.au/triplejunearthed/artist/kai-brown2003,kai-brown2003,2026-04-25T09:41:01+00:00,2026-04-25T09:41:01+00:00,discovery
https://www.abc.net.au/triplejunearthed/artist/taner-b-frenzy,taner-b-frenzy,2026-04-25T09:41:01+00:00,2026-04-25T09:41:01+00:00,discovery
https://www.abc.net.au/triplejunearthed/artist/themacmittenscollective,themacmittenscollective,2026-04-25T09:41:10+00:00,2026-04-25T09:41:10+00:00,discovery
https://www.abc.net.au/triplejunearthed/artist/auchenflower,auchenflower,2026-04-25T09:41:10+00:00,2026-04-25T09:41:10+00:00,discovery
https://www.abc.net.au/triplejunearthed/artist/josepe,josepe,2026-04-25T09:41:10+00:00,2026-04-25T09:41:10+00:00,discovery
https://www.abc.net.au/triplejunearthed/artist/boxdamurri,boxdamurri,2026-04-25T09:41:10+00:00,2026-04-25T09:41:10+00:00,discovery
https://www.abc.net.au/triplejunearthed/artist/i-am-brooke-star,i-am-brooke-star,2026-04-25T09:41:10+00:00,2026-04-25T09:41:10+00:00,discovery
https://www.abc.net.au/triplejunearthed/artist/lxgcy,lxgcy,2026-04-25T09:41:10+00:00,2026-04-25T09:41:10+00:00,discovery
https://www.abc.net.au/triplejunearthed/artist/allyyy,allyyy,2026-04-25T09:41:10+00:00,2026-04-25T09:41:10+00:00,discovery
https://www.abc.net.au/triplejunearthed/artist/arrows-vs-empires,arrows-vs-empires,2026-04-25T09:41:10+00:00,2026-04-25T09:41:10+00:00,discovery
https://www.abc.net.au/triplejunearthed/artist/toria-richings,toria-richings,2026-04-25T09:41:10+00:00,2026-04-25T09:41:10+00:00,discovery
https://www.abc.net.au/triplejunearthed/artist/nic-palmer,nic-palmer,2026-04-25T09:41:10+00:00,2026-04-25T09:41:10+00:00,discovery
https://www.abc.net.au/triplejunearthed/artist/paperstband,paperstband,2026-04-25T09:41:11+00:00,2026-04-25T09:41:11+00:00,discovery
https://www.abc.net.au/triplejunearthed/artist/doug-j-mcdougall,doug-j-mcdougall,2026-04-25T09:41:11+00:00,2026-04-25T09:41:11+00:00,discovery
https://www.abc.net.au/triplejunearthed/artist/liquid-mercury,liquid-mercury,2026-04-25T09:41:11+00:00,2026-04-25T09:41:11+00:00,discovery
https://www.abc.net.au/triplejunearthed/artist/avangelene,avangelene,2026-04-25T09:41:11+00:00,2026-04-25T09:41:11+00:00,discovery
https://www.abc.net.au/triplejunearthed/artist/michael-lewarn,michael-lewarn,2026-04-25T09:41:11+00:00,2026-04-25T09:41:11+00:00,discovery
https://www.abc.net.au/triplejunearthed/artist/nathanzahra,nathanzahra,2026-04-25T09:41:11+00:00,2026-04-25T09:41:11+00:00,discovery
https://www.abc.net.au/triplejunearthed/artist/big-delicious-melb,big-delicious-melb,2026-04-25T09:41:22+00:00,2026-04-25T09:41:22+00:00,discovery
https://www.abc.net.au/triplejunearthed/artist/dead-eye-llama,dead-eye-llama,2026-04-25T09:41:22+00:00,2026-04-25T09:41:22+00:00,discovery
https://www.abc.net.au/triplejunearthed/artist/pumbaa,pumbaa,2026-04-25T09:41:22+00:00,2026-04-25T09:41:22+00:00,discovery
https://www.abc.net.au/triplejunearthed/artist/issi,issi,2026-04-25T09:41:22+00:00,2026-04-25T09:41:22+00:00,discovery
https://www.abc.net.au/triplejunearthed/artist/amourie-t,amourie-t,2026-04-25T09:41:22+00:00,2026-04-25T09:41:22+00:00,discovery
https://www.abc.net.au/triplejunearthed/artist/fayeivy,fayeivy,2026-04-25T09:41:22+00:00,2026-04-25T09:41:22+00:00,discovery
https://www.abc.net.au/triplejunearthed/artist/roy-s-boys,roy-s-boys,2026-04-25T09:41:22+00:00,2026-04-25T09:41:22+00:00,discovery
https://www.abc.net.au/triplejunearthed/artist/bumpsum-heist,bumpsum-heist,2026-04-25T09:41:22+00:00,2026-04-25T09:41:22+00:00,discovery
https://www.abc.net.au/triplejunearthed/artist/elishia,elishia,2026-04-25T09:41:22+00:00,2026-04-25T09:41:22+00:00,discovery
https://www.abc.net.au/triplejunearthed/artist/detonator,detonator,2026-04-25T09:41:31+00:00,2026-04-25T09:41:31+00:00,discovery
https://www.abc.net.au/triplejunearthed/artist/harrison-cramond,harrison-cramond,2026-04-25T09:41:31+00:00,2026-04-25T09:41:31+00:00,discovery
https://www.abc.net.au/triplejunearthed/artist/matt-kabalan,matt-kabalan,2026-04-25T09:41:31+00:00,2026-04-25T09:41:31+00:00,discovery
https://www.abc.net.au/triplejunearthed/artist/dztjm,dztjm,2026-04-25T09:41:31+00:00,2026-04-25T09:41:31+00:00,discovery
https://www.abc.net.au/triplejunearthed/artist/victor-claye,victor-claye,2026-04-25T09:41:31+00:00,2026-04-25T09:41:31+00:00,discovery
https://www.abc.net.au/triplejunearthed/artist/john-wardle-and-the-flaming-jay-walkers,john-wardle-and-the-flaming-jay-walkers,2026-04-25T09:41:31+00:00,2026-04-25T09:41:31+00:00,discovery
https://www.abc.net.au/triplejunearthed/artist/antonia-kay,antonia-kay,2026-04-25T09:41:31+00:00,2026-04-25T09:41:31+00:00,discovery
https://www.abc.net.au/triplejunearthed/artist/daego,daego,2026-04-25T09:41:31+00:00,2026-04-25T09:41:31+00:00,discovery
https://www.abc.net.au/triplejunearthed/artist/san-dragan,san-dragan,2026-04-25T09:41:32+00:00,2026-04-25T09:41:32+00:00,discovery
https://www.abc.net.au/triplejunearthed/artist/hokkaido,hokkaido,2026-04-25T09:41:32+00:00,2026-04-25T09:41:32+00:00,discovery
https://www.abc.net.au/triplejunearthed/artist/flora-falls,flora-falls,2026-04-25T09:41:32+00:00,2026-04-25T09:41:32+00:00,discovery
https://www.abc.net.au/triplejunearthed/artist/therevella,therevella,2026-04-25T09:41:32+00:00,2026-04-25T09:41:32+00:00,discovery
https://www.abc.net.au/triplejunearthed/artist/jeremeebautista,jeremeebautista,2026-04-25T09:41:32+00:00,2026-04-25T09:41:32+00:00,discovery
https://www.abc.net.au/triplejunearthed/artist/psychotic-reactions,psychotic-reactions,2026-04-25T09:41:32+00:00,2026-04-25T09:41:32+00:00,discovery
https://www.abc.net.au/triplejunearthed/artist/moy,moy,2026-04-25T09:41:32+00:00,2026-04-25T09:41:32+00:00,discovery
https://www.abc.net.au/triplejunearthed/artist/thynk,thynk,2026-04-25T09:41:40+00:00,2026-04-25T09:41:40+00:00,discovery
https://www.abc.net.au/triplejunearthed/artist/ellero,ellero,2026-04-25T09:41:40+00:00,2026-04-25T09:41:40+00:00,discovery
https://www.abc.net.au/triplejunearthed/artist/calebbarth,calebbarth,2026-04-25T09:41:40+00:00,2026-04-25T09:41:40+00:00,discovery
https://www.abc.net.au/triplejunearthed/artist/kaiyah-kennedy,kaiyah-kennedy,2026-04-25T09:41:40+00:00,2026-04-25T09:41:40+00:00,discovery
https://www.abc.net.au/triplejunearthed/artist/suara-kupu-kupu---andrew-alter---and-soloists,suara-kupu-kupu---andrew-alter---and-soloists,2026-04-25T09:41:40+00:00,2026-04-25T09:41:40+00:00,discovery
https://www.abc.net.au/triplejunearthed/artist/cenobia,cenobia,2026-04-25T09:41:40+00:00,2026-04-25T09:41:40+00:00,discovery
https://www.abc.net.au/triplejunearthed/artist/woodzywave,woodzywave,2026-04-25T09:41:40+00:00,2026-04-25T09:41:40+00:00,discovery
https://www.abc.net.au/triplejunearthed/artist/courbe,courbe,2026-04-25T09:41:40+00:00,2026-04-25T09:41:40+00:00,discovery
https://www.abc.net.au/triplejunearthed/artist/goldensunbird,goldensunbird,2026-04-25T09:41:40+00:00,2026-04-25T09:41:40+00:00,discovery
https://www.abc.net.au/triplejunearthed/artist/loopole,loopole,2026-04-25T09:41:40+00:00,2026-04-25T09:41:40+00:00,discovery
https://www.abc.net.au/triplejunearthed/artist/running-over-rooftops,running-over-rooftops,2026-04-25T09:41:40+00:00,2026-04-25T09:41:40+00:00,discovery
https://www.abc.net.au/triplejunearthed/artist/hans,hans,2026-04-25T09:41:40+00:00,2026-04-25T09:41:40+00:00,discovery
https://www.abc.net.au/triplejunearthed/artist/killian-harty,killian-harty,2026-04-25T09:41:40+00:00,2026-04-25T09:41:40+00:00,discovery
https://www.abc.net.au/triplejunearthed/artist/traps,traps,2026-04-25T09:41:50+00:00,2026-04-25T09:41:50+00:00,discovery
https://www.abc.net.au/triplejunearthed/artist/the-fairy-wrens,the-fairy-wrens,2026-04-25T09:41:50+00:00,2026-04-25T09:41:50+00:00,discovery
https://www.abc.net.au/triplejunearthed/artist/solomon-france,solomon-france,2026-04-25T09:41:50+00:00,2026-04-25T09:41:50+00:00,discovery
https://www.abc.net.au/triplejunearthed/artist/israel-carter,israel-carter,2026-04-25T09:41:50+00:00,2026-04-25T09:41:50+00:00,discovery
https://www.abc.net.au/triplejunearthed/artist/sid-aili,sid-aili,2026-04-25T09:41:50+00:00,2026-04-25T09:41:50+00:00,discovery
https://www.abc.net.au/triplejunearthed/artist/stereobuss,stereobuss,2026-04-25T09:41:50+00:00,2026-04-25T09:41:50+00:00,discovery
https://www.abc.net.au/triplejunearthed/artist/ogwetth,ogwetth,2026-04-25T09:41:50+00:00,2026-04-25T09:41:50+00:00,discovery
https://www.abc.net.au/triplejunearthed/artist/yng-one,yng-one,2026-04-25T09:41:50+00:00,2026-04-25T09:41:50+00:00,discovery
https://www.abc.net.au/triplejunearthed/artist/sacreblues,sacreblues,2026-04-25T09:41:50+00:00,2026-04-25T09:41:50+00:00,discovery
https://www.abc.net.au/triplejunearthed/artist/shishka,shishka,2026-04-25T09:41:50+00:00,2026-04-25T09:41:50+00:00,discovery
https://www.abc.net.au/triplejunearthed/artist/mammons-throne,mammons-throne,2026-04-25T09:41:50+00:00,2026-04-25T09:41:50+00:00,discovery
https://www.abc.net.au/triplejunearthed/artist/beautiful-monument,beautiful-monument,2026-04-25T09:41:50+00:00,2026-04-25T09:41:50+00:00,discovery
https://www.abc.net.au/triplejunearthed/artist/shel-chiffon,shel-chiffon,2026-04-25T09:41:50+00:00,2026-04-25T09:41:50+00:00,discovery
https://www.abc.net.au/triplejunearthed/artist/kuudere,kuudere,2026-04-25T09:41:50+00:00,2026-04-25T09:41:50+00:00,discovery
https://www.abc.net.au/triplejunearthed/artist/lazisonline,lazisonline,2026-04-25T09:41:50+00:00,2026-04-25T09:41:50+00:00,discovery
https://www.abc.net.au/triplejunearthed/artist/billycart,billycart,2026-04-25T09:41:59+00:00,2026-04-25T09:41:59+00:00,discovery
https://www.abc.net.au/triplejunearthed/artist/byjaye,byjaye,2026-04-25T09:41:59+00:00,2026-04-25T09:41:59+00:00,discovery
https://www.abc.net.au/triplejunearthed/artist/nu3ro,nu3ro,2026-04-25T09:41:59+00:00,2026-04-25T09:41:59+00:00,discovery
https://www.abc.net.au/triplejunearthed/artist/evanievanie,evanievanie,2026-04-25T09:41:59+00:00,2026-04-25T09:41:59+00:00,discovery
https://www.abc.net.au/triplejunearthed/artist/moler,moler,2026-04-25T09:41:59+00:00,2026-04-25T09:41:59+00:00,discovery
https://www.abc.net.au/triplejunearthed/artist/emily-coulston,emily-coulston,2026-04-25T09:41:59+00:00,2026-04-25T09:41:59+00:00,discovery
https://www.abc.net.au/triplejunearthed/artist/butterknife,butterknife,2026-04-25T09:41:59+00:00,2026-04-25T09:41:59+00:00,discovery
https://www.abc.net.au/triplejunearthed/artist/lunarbridge,lunarbridge,2026-04-25T09:41:59+00:00,2026-04-25T09:41:59+00:00,discovery
https://www.abc.net.au/triplejunearthed/artist/lizzie-hosking,lizzie-hosking,2026-04-25T09:41:59+00:00,2026-04-25T09:41:59+00:00,discovery
https://www.abc.net.au/triplejunearthed/artist/madeliene-cope,madeliene-cope,2026-04-25T09:41:59+00:00,2026-04-25T09:41:59+00:00,discovery
https://www.abc.net.au/triplejunearthed/artist/dennis-0,dennis-0,2026-04-25T09:41:59+00:00,2026-04-25T09:41:59+00:00,discovery
https://www.abc.net.au/triplejunearthed/artist/say-true-god,say-true-god,2026-04-25T09:42:00+00:00,2026-04-25T09:42:00+00:00,discovery
https://www.abc.net.au/triplejunearthed/artist/olivia-c-dacal,olivia-c-dacal,2026-04-25T09:42:09+00:00,2026-04-25T09:42:09+00:00,discovery
https://www.abc.net.au/triplejunearthed/artist/east-london-girlfriend,east-london-girlfriend,2026-04-25T09:42:09+00:00,2026-04-25T09:42:09+00:00,discovery
https://www.abc.net.au/triplejunearthed/artist/koatyl,koatyl,2026-04-25T09:42:09+00:00,2026-04-25T09:42:09+00:00,discovery
https://www.abc.net.au/triplejunearthed/artist/clayhouse,clayhouse,2026-04-25T09:42:09+00:00,2026-04-25T09:42:09+00:00,discovery
https://www.abc.net.au/triplejunearthed/artist/teenage-joans,teenage-joans,2026-04-25T09:42:09+00:00,2026-04-25T09:42:09+00:00,discovery
https://www.abc.net.au/triplejunearthed/artist/nausicaa,nausicaa,2026-04-25T09:42:09+00:00,2026-04-25T09:42:09+00:00,discovery
https://www.abc.net.au/triplejunearthed/artist/dylan-chiko,dylan-chiko,2026-04-25T09:42:09+00:00,2026-04-25T09:42:09+00:00,discovery
https://www.abc.net.au/triplejunearthed/artist/cosmojix,cosmojix,2026-04-25T09:42:09+00:00,2026-04-25T09:42:09+00:00,discovery
https://www.abc.net.au/triplejunearthed/artist/abiola,abiola,2026-04-25T09:42:09+00:00,2026-04-25T09:42:09+00:00,discovery
https://www.abc.net.au/triplejunearthed/artist/persia,persia,2026-04-25T09:42:09+00:00,2026-04-25T09:42:09+00:00,discovery
https://www.abc.net.au/triplejunearthed/artist/theroomclearers,theroomclearers,2026-04-25T09:42:09+00:00,2026-04-25T09:42:09+00:00,discovery
https://www.abc.net.au/triplejunearthed/artist/milardi,milardi,2026-04-25T09:42:09+00:00,2026-04-25T09:42:09+00:00,discovery
https://www.abc.net.au/triplejunearthed/artist/sophie-kelly,sophie-kelly,2026-04-25T09:42:18+00:00,2026-04-25T09:42:18+00:00,discovery
https://www.abc.net.au/triplejunearthed/artist/nurse-meeya,nurse-meeya,2026-04-25T09:42:18+00:00,2026-04-25T09:42:18+00:00,discovery
https://www.abc.net.au/triplejunearthed/artist/ealing,ealing,2026-04-25T09:42:18+00:00,2026-04-25T09:42:18+00:00,discovery
https://www.abc.net.au/triplejunearthed/artist/landzz,landzz,2026-04-25T09:42:18+00:00,2026-04-25T09:42:18+00:00,discovery
https://www.abc.net.au/triplejunearthed/artist/bubble-skum,bubble-skum,2026-04-25T09:42:18+00:00,2026-04-25T09:42:18+00:00,discovery
https://www.abc.net.au/triplejunearthed/artist/astrlpickle,astrlpickle,2026-04-25T09:42:18+00:00,2026-04-25T09:42:18+00:00,discovery
https://www.abc.net.au/triplejunearthed/artist/calliobel,calliobel,2026-04-25T09:42:18+00:00,2026-04-25T09:42:18+00:00,discovery
https://www.abc.net.au/triplejunearthed/artist/nathan-banks,nathan-banks,2026-04-25T09:42:18+00:00,2026-04-25T09:42:18+00:00,discovery
https://www.abc.net.au/triplejunearthed/artist/lunamay,lunamay,2026-04-25T09:42:18+00:00,2026-04-25T09:42:18+00:00,discovery
https://www.abc.net.au/triplejunearthed/artist/i-m-fine,i-m-fine,2026-04-25T09:42:19+00:00,2026-04-25T09:42:19+00:00,discovery
https://www.abc.net.au/triplejunearthed/artist/red-den,red-den,2026-04-25T09:42:19+00:00,2026-04-25T09:42:19+00:00,discovery
https://www.abc.net.au/triplejunearthed/artist/parclo,parclo,2026-04-25T09:42:19+00:00,2026-04-25T09:42:19+00:00,discovery
https://www.abc.net.au/triplejunearthed/artist/yvngld,yvngld,2026-04-25T09:42:19+00:00,2026-04-25T09:42:19+00:00,discovery
https://www.abc.net.au/triplejunearthed/artist/thebloom,thebloom,2026-04-25T09:42:28+00:00,2026-04-25T09:42:28+00:00,discovery
https://www.abc.net.au/triplejunearthed/artist/hamish-price,hamish-price,2026-04-25T09:42:28+00:00,2026-04-25T09:42:28+00:00,discovery
https://www.abc.net.au/triplejunearthed/artist/fourleafclover,fourleafclover,2026-04-25T09:42:28+00:00,2026-04-25T09:42:28+00:00,discovery
https://www.abc.net.au/triplejunearthed/artist/moonflare,moonflare,2026-04-25T09:42:28+00:00,2026-04-25T09:42:28+00:00,discovery
https://www.abc.net.au/triplejunearthed/artist/izekegi,izekegi,2026-04-25T09:42:28+00:00,2026-04-25T09:42:28+00:00,discovery
https://www.abc.net.au/triplejunearthed/artist/variantwav,variantwav,2026-04-25T09:42:28+00:00,2026-04-25T09:42:28+00:00,discovery
https://www.abc.net.au/triplejunearthed/artist/ella-watkins,ella-watkins,2026-04-25T09:42:28+00:00,2026-04-25T09:42:28+00:00,discovery
https://www.abc.net.au/triplejunearthed/artist/yasmin-hass1,yasmin-hass1,2026-04-25T09:42:37+00:00,2026-04-25T09:42:37+00:00,discovery
https://www.abc.net.au/triplejunearthed/artist/lady-lazarus,lady-lazarus,2026-04-25T09:42:37+00:00,2026-04-25T09:42:37+00:00,discovery
https://www.abc.net.au/triplejunearthed/artist/vast-majority,vast-majority,2026-04-25T09:42:37+00:00,2026-04-25T09:42:37+00:00,discovery
https://www.abc.net.au/triplejunearthed/artist/fatty-boom-stix,fatty-boom-stix,2026-04-25T09:42:37+00:00,2026-04-25T09:42:37+00:00,discovery
https://www.abc.net.au/triplejunearthed/artist/jacoba-faith13,jacoba-faith13,2026-04-25T09:42:37+00:00,2026-04-25T09:42:37+00:00,discovery
https://www.abc.net.au/triplejunearthed/artist/quillon,quillon,2026-04-25T09:42:37+00:00,2026-04-25T09:42:37+00:00,discovery
https://www.abc.net.au/triplejunearthed/artist/artboy1,artboy1,2026-04-25T09:42:37+00:00,2026-04-25T09:42:37+00:00,discovery
https://www.abc.net.au/triplejunearthed/artist/applesband,applesband,2026-04-25T09:42:38+00:00,2026-04-25T09:42:38+00:00,discovery
https://www.abc.net.au/triplejunearthed/artist/david-nery,david-nery,2026-04-25T09:42:38+00:00,2026-04-25T09:42:38+00:00,discovery
https://www.abc.net.au/triplejunearthed/artist/damon-mudge,damon-mudge,2026-04-25T09:42:38+00:00,2026-04-25T09:42:38+00:00,discovery
https://www.abc.net.au/triplejunearthed/artist/coloured-clocks,coloured-clocks,2026-04-25T09:42:38+00:00,2026-04-25T09:42:38+00:00,discovery
https://www.abc.net.au/triplejunearthed/artist/j-vibe8,j-vibe8,2026-04-25T09:42:38+00:00,2026-04-25T09:42:38+00:00,discovery
https://www.abc.net.au/triplejunearthed/artist/j-vibe,j-vibe,2026-04-25T09:42:38+00:00,2026-04-25T09:42:38+00:00,discovery
https://www.abc.net.au/triplejunearthed/artist/tux,tux,2026-04-25T09:42:38+00:00,2026-04-25T09:42:38+00:00,discovery
https://www.abc.net.au/triplejunearthed/artist/patrick-foord,patrick-foord,2026-04-25T09:42:38+00:00,2026-04-25T09:42:38+00:00,discovery
https://www.abc.net.au/triplejunearthed/artist/middle-management,middle-management,2026-04-25T09:42:38+00:00,2026-04-25T09:42:38+00:00,discovery
https://www.abc.net.au/triplejunearthed/artist/theinadequates,theinadequates,2026-04-25T09:42:38+00:00,2026-04-25T09:42:38+00:00,discovery
https://www.abc.net.au/triplejunearthed/artist/molly-millington,molly-millington,2026-04-25T09:42:49+00:00,2026-04-25T09:42:49+00:00,discovery
https://www.abc.net.au/triplejunearthed/artist/boypersia,boypersia,2026-04-25T09:42:49+00:00,2026-04-25T09:42:49+00:00,discovery
https://www.abc.net.au/triplejunearthed/artist/cate-guirguis,cate-guirguis,2026-04-25T09:42:49+00:00,2026-04-25T09:42:49+00:00,discovery
https://www.abc.net.au/triplejunearthed/artist/marciano,marciano,2026-04-25T09:42:49+00:00,2026-04-25T09:42:49+00:00,discovery
https://www.abc.net.au/triplejunearthed/artist/dust-from-jupiter,dust-from-jupiter,2026-04-25T09:42:49+00:00,2026-04-25T09:42:49+00:00,discovery
https://www.abc.net.au/triplejunearthed/artist/plinks,plinks,2026-04-25T09:42:49+00:00,2026-04-25T09:42:49+00:00,discovery
https://www.abc.net.au/triplejunearthed/artist/m4rtha,m4rtha,2026-04-25T09:42:49+00:00,2026-04-25T09:42:49+00:00,discovery
https://www.abc.net.au/triplejunearthed/artist/the-blowfisch-saxophone,the-blowfisch-saxophone,2026-04-25T09:42:49+00:00,2026-04-25T09:42:49+00:00,discovery
https://www.abc.net.au/triplejunearthed/artist/flyss,flyss,2026-04-25T09:42:49+00:00,2026-04-25T09:42:49+00:00,discovery
https://www.abc.net.au/triplejunearthed/artist/yung-maynie,yung-maynie,2026-04-25T09:42:49+00:00,2026-04-25T09:42:49+00:00,discovery
https://www.abc.net.au/triplejunearthed/artist/bramm-lindentree,bramm-lindentree,2026-04-25T09:42:49+00:00,2026-04-25T09:42:49+00:00,discovery
https://www.abc.net.au/triplejunearthed/artist/the-origins,the-origins,2026-04-25T09:42:49+00:00,2026-04-25T09:42:49+00:00,discovery
https://www.abc.net.au/triplejunearthed/artist/kade-charlesworth,kade-charlesworth,2026-04-25T09:42:49+00:00,2026-04-25T09:42:49+00:00,discovery
https://www.abc.net.au/triplejunearthed/artist/biggie-deez,biggie-deez,2026-04-25T09:42:49+00:00,2026-04-25T09:42:49+00:00,discovery
https://www.abc.net.au/triplejunearthed/artist/loch-charles,loch-charles,2026-04-25T09:43:00+00:00,2026-04-25T09:43:00+00:00,discovery
https://www.abc.net.au/triplejunearthed/artist/jasper-lemann,jasper-lemann,2026-04-25T09:43:00+00:00,2026-04-25T09:43:00+00:00,discovery
https://www.abc.net.au/triplejunearthed/artist/harryklein-av,harryklein-av,2026-04-25T09:43:00+00:00,2026-04-25T09:43:00+00:00,discovery
https://www.abc.net.au/triplejunearthed/artist/jjackett,jjackett,2026-04-25T09:43:00+00:00,2026-04-25T09:43:00+00:00,discovery
https://www.abc.net.au/triplejunearthed/artist/tom-diva,tom-diva,2026-04-25T09:43:00+00:00,2026-04-25T09:43:00+00:00,discovery
https://www.abc.net.au/triplejunearthed/artist/onlywithyou,onlywithyou,2026-04-25T09:43:00+00:00,2026-04-25T09:43:00+00:00,discovery
https://www.abc.net.au/triplejunearthed/artist/alt-m,alt-m,2026-04-25T09:43:00+00:00,2026-04-25T09:43:00+00:00,discovery
https://www.abc.net.au/triplejunearthed/artist/alli-kate,alli-kate,2026-04-25T09:43:00+00:00,2026-04-25T09:43:00+00:00,discovery
https://www.abc.net.au/triplejunearthed/artist/genevievebrouillard,genevievebrouillard,2026-04-25T09:43:00+00:00,2026-04-25T09:43:00+00:00,discovery
https://www.abc.net.au/triplejunearthed/artist/chet-sounds,chet-sounds,2026-04-25T09:43:00+00:00,2026-04-25T09:43:00+00:00,discovery
https://www.abc.net.au/triplejunearthed/artist/silly-stories-for-kids,silly-stories-for-kids,2026-04-25T09:43:00+00:00,2026-04-25T09:43:00+00:00,discovery
https://www.abc.net.au/triplejunearthed/artist/ebony-vandermont,ebony-vandermont,2026-04-25T09:43:11+00:00,2026-04-25T09:43:11+00:00,discovery
https://www.abc.net.au/triplejunearthed/artist/jarins,jarins,2026-04-25T09:43:11+00:00,2026-04-25T09:43:11+00:00,discovery
https://www.abc.net.au/triplejunearthed/artist/angus-legg,angus-legg,2026-04-25T09:43:11+00:00,2026-04-25T09:43:11+00:00,discovery
https://www.abc.net.au/triplejunearthed/artist/vilde,vilde,2026-04-25T09:43:11+00:00,2026-04-25T09:43:11+00:00,discovery
https://www.abc.net.au/triplejunearthed/artist/swapmeet,swapmeet,2026-04-25T09:43:11+00:00,2026-04-25T09:43:11+00:00,discovery
https://www.abc.net.au/triplejunearthed/artist/ross-kessler,ross-kessler,2026-04-25T09:43:11+00:00,2026-04-25T09:43:11+00:00,discovery
https://www.abc.net.au/triplejunearthed/artist/rebecca-o-brien,rebecca-o-brien,2026-04-25T09:43:11+00:00,2026-04-25T09:43:11+00:00,discovery
https://www.abc.net.au/triplejunearthed/artist/vlads,vlads,2026-04-25T09:43:11+00:00,2026-04-25T09:43:11+00:00,discovery
https://www.abc.net.au/triplejunearthed/artist/the-wet-fish,the-wet-fish,2026-04-25T09:43:11+00:00,2026-04-25T09:43:11+00:00,discovery
https://www.abc.net.au/triplejunearthed/artist/kidman-music,kidman-music,2026-04-25T09:43:11+00:00,2026-04-25T09:43:11+00:00,discovery
https://www.abc.net.au/triplejunearthed/artist/flynnteal,flynnteal,2026-04-25T09:43:11+00:00,2026-04-25T09:43:11+00:00,discovery
https://www.abc.net.au/triplejunearthed/artist/average-nobody,average-nobody,2026-04-25T09:43:11+00:00,2026-04-25T09:43:11+00:00,discovery
https://www.abc.net.au/triplejunearthed/artist/ac130,ac130,2026-04-25T09:43:11+00:00,2026-04-25T09:43:11+00:00,discovery
https://www.abc.net.au/triplejunearthed/artist/jennie-attrill,jennie-attrill,2026-04-25T09:43:21+00:00,2026-04-25T09:43:21+00:00,discovery
https://www.abc.net.au/triplejunearthed/artist/weareheatstroke,weareheatstroke,2026-04-25T09:43:21+00:00,2026-04-25T09:43:21+00:00,discovery
https://www.abc.net.au/triplejunearthed/artist/mad-dog-al,mad-dog-al,2026-04-25T09:43:21+00:00,2026-04-25T09:43:21+00:00,discovery
https://www.abc.net.au/triplejunearthed/artist/geepacc,geepacc,2026-04-25T09:43:21+00:00,2026-04-25T09:43:21+00:00,discovery
https://www.abc.net.au/triplejunearthed/artist/jujus-wrld,jujus-wrld,2026-04-25T09:43:21+00:00,2026-04-25T09:43:21+00:00,discovery
https://www.abc.net.au/triplejunearthed/artist/leah-mcfetridge,leah-mcfetridge,2026-04-25T09:43:21+00:00,2026-04-25T09:43:21+00:00,discovery
https://www.abc.net.au/triplejunearthed/artist/eternal-eyes,eternal-eyes,2026-04-25T09:43:22+00:00,2026-04-25T09:43:22+00:00,discovery
https://www.abc.net.au/triplejunearthed/artist/nanaklumpp,nanaklumpp,2026-04-25T09:43:22+00:00,2026-04-25T09:43:22+00:00,discovery
https://www.abc.net.au/triplejunearthed/artist/chaindaisy,chaindaisy,2026-04-25T09:43:22+00:00,2026-04-25T09:43:22+00:00,discovery
https://www.abc.net.au/triplejunearthed/artist/ugly-mc,ugly-mc,2026-04-25T09:43:22+00:00,2026-04-25T09:43:22+00:00,discovery
https://www.abc.net.au/triplejunearthed/artist/saint-tropez,saint-tropez,2026-04-25T09:43:22+00:00,2026-04-25T09:43:22+00:00,discovery
https://www.abc.net.au/triplejunearthed/artist/jess-dale,jess-dale,2026-04-25T09:43:31+00:00,2026-04-25T09:43:31+00:00,discovery
https://www.abc.net.au/triplejunearthed/artist/pretty-bleak,pretty-bleak,2026-04-25T09:43:31+00:00,2026-04-25T09:43:31+00:00,discovery
https://www.abc.net.au/triplejunearthed/artist/alyzee,alyzee,2026-04-25T09:43:31+00:00,2026-04-25T09:43:31+00:00,discovery
https://www.abc.net.au/triplejunearthed/artist/sunsickdaisy,sunsickdaisy,2026-04-25T09:43:31+00:00,2026-04-25T09:43:31+00:00,discovery
https://www.abc.net.au/triplejunearthed/artist/cam-eric,cam-eric,2026-04-25T09:43:31+00:00,2026-04-25T09:43:31+00:00,discovery
https://www.abc.net.au/triplejunearthed/artist/vv-pete,vv-pete,2026-04-25T09:43:31+00:00,2026-04-25T09:43:31+00:00,discovery
https://www.abc.net.au/triplejunearthed/artist/the-general-aroma,the-general-aroma,2026-04-25T09:43:31+00:00,2026-04-25T09:43:31+00:00,discovery
https://www.abc.net.au/triplejunearthed/artist/agamar,agamar,2026-04-25T09:43:31+00:00,2026-04-25T09:43:31+00:00,discovery
https://www.abc.net.au/triplejunearthed/artist/pink-jelly,pink-jelly,2026-04-25T09:43:31+00:00,2026-04-25T09:43:31+00:00,discovery
https://www.abc.net.au/triplejunearthed/artist/miko-mal-f-k-a-babyface-mal,miko-mal-f-k-a-babyface-mal,2026-04-25T09:43:31+00:00,2026-04-25T09:43:31+00:00,discovery
https://www.abc.net.au/triplejunearthed/artist/leo-devenny-schneider-music,leo-devenny-schneider-music,2026-04-25T09:43:40+00:00,2026-04-25T09:43:40+00:00,discovery
https://www.abc.net.au/triplejunearthed/artist/aayu,aayu,2026-04-25T09:43:41+00:00,2026-04-25T09:43:41+00:00,discovery
https://www.abc.net.au/triplejunearthed/artist/nate-falls,nate-falls,2026-04-25T09:43:41+00:00,2026-04-25T09:43:41+00:00,discovery
https://www.abc.net.au/triplejunearthed/artist/ezra-joseph,ezra-joseph,2026-04-25T09:43:41+00:00,2026-04-25T09:43:41+00:00,discovery
https://www.abc.net.au/triplejunearthed/artist/synthespectrum,synthespectrum,2026-04-25T09:43:41+00:00,2026-04-25T09:43:41+00:00,discovery
https://www.abc.net.au/triplejunearthed/artist/streetflicker,streetflicker,2026-04-25T09:43:41+00:00,2026-04-25T09:43:41+00:00,discovery
https://www.abc.net.au/triplejunearthed/artist/lupa-j,lupa-j,2026-04-25T09:43:41+00:00,2026-04-25T09:43:41+00:00,discovery
https://www.abc.net.au/triplejunearthed/artist/vong,vong,2026-04-25T09:43:41+00:00,2026-04-25T09:43:41+00:00,discovery
https://www.abc.net.au/triplejunearthed/artist/lucas-molino,lucas-molino,2026-04-25T09:43:41+00:00,2026-04-25T09:43:41+00:00,discovery
https://www.abc.net.au/triplejunearthed/artist/reams,reams,2026-04-25T09:43:41+00:00,2026-04-25T09:43:41+00:00,discovery
https://www.abc.net.au/triplejunearthed/artist/nice-house,nice-house,2026-04-25T09:43:41+00:00,2026-04-25T09:43:41+00:00,discovery
https://www.abc.net.au/triplejunearthed/artist/julia-wallace,julia-wallace,2026-04-25T09:43:41+00:00,2026-04-25T09:43:41+00:00,discovery
https://www.abc.net.au/triplejunearthed/artist/sanchez-x,sanchez-x,2026-04-25T09:43:41+00:00,2026-04-25T09:43:41+00:00,discovery
https://www.abc.net.au/triplejunearthed/artist/sar-ta,sar-ta,2026-04-25T09:43:50+00:00,2026-04-25T09:43:50+00:00,discovery
https://www.abc.net.au/triplejunearthed/artist/adamfaybrem,adamfaybrem,2026-04-25T09:43:50+00:00,2026-04-25T09:43:50+00:00,discovery
https://www.abc.net.au/triplejunearthed/artist/jellayo,jellayo,2026-04-25T09:43:50+00:00,2026-04-25T09:43:50+00:00,discovery
https://www.abc.net.au/triplejunearthed/artist/glenn-cooney,glenn-cooney,2026-04-25T09:43:50+00:00,2026-04-25T09:43:50+00:00,discovery
https://www.abc.net.au/triplejunearthed/artist/duvin,duvin,2026-04-25T09:43:50+00:00,2026-04-25T09:43:50+00:00,discovery
https://www.abc.net.au/triplejunearthed/artist/arrogantpls,arrogantpls,2026-04-25T09:43:50+00:00,2026-04-25T09:43:50+00:00,discovery
https://www.abc.net.au/triplejunearthed/artist/silver-dagger,silver-dagger,2026-04-25T09:43:50+00:00,2026-04-25T09:43:50+00:00,discovery
https://www.abc.net.au/triplejunearthed/artist/kris-vango,kris-vango,2026-04-25T09:43:50+00:00,2026-04-25T09:43:50+00:00,discovery
https://www.abc.net.au/triplejunearthed/artist/stick-figures-in-love,stick-figures-in-love,2026-04-25T09:43:50+00:00,2026-04-25T09:43:50+00:00,discovery
https://www.abc.net.au/triplejunearthed/artist/bl-ir,bl-ir,2026-04-25T09:43:50+00:00,2026-04-25T09:43:50+00:00,discovery
https://www.abc.net.au/triplejunearthed/artist/randomradius,randomradius,2026-04-25T09:43:50+00:00,2026-04-25T09:43:50+00:00,discovery
https://www.abc.net.au/triplejunearthed/artist/speakingterms,speakingterms,2026-04-25T09:43:50+00:00,2026-04-25T09:43:50+00:00,discovery
https://www.abc.net.au/triplejunearthed/artist/parlodic,parlodic,2026-04-25T09:43:50+00:00,2026-04-25T09:43:50+00:00,discovery
https://www.abc.net.au/triplejunearthed/artist/elaine,elaine,2026-04-25T09:44:00+00:00,2026-04-25T09:44:00+00:00,discovery
https://www.abc.net.au/triplejunearthed/artist/aidan-lawrence-official,aidan-lawrence-official,2026-04-25T09:44:00+00:00,2026-04-25T09:44:00+00:00,discovery
https://www.abc.net.au/triplejunearthed/artist/imaginary-spider,imaginary-spider,2026-04-25T09:44:00+00:00,2026-04-25T09:44:00+00:00,discovery
https://www.abc.net.au/triplejunearthed/artist/ajfuego,ajfuego,2026-04-25T09:44:00+00:00,2026-04-25T09:44:00+00:00,discovery
https://www.abc.net.au/triplejunearthed/artist/timk,timk,2026-04-25T09:44:00+00:00,2026-04-25T09:44:00+00:00,discovery
https://www.abc.net.au/triplejunearthed/artist/supa-lucia,supa-lucia,2026-04-25T09:44:00+00:00,2026-04-25T09:44:00+00:00,discovery
https://www.abc.net.au/triplejunearthed/artist/sidney,sidney,2026-04-25T09:44:00+00:00,2026-04-25T09:44:00+00:00,discovery
https://www.abc.net.au/triplejunearthed/artist/emilou,emilou,2026-04-25T09:44:00+00:00,2026-04-25T09:44:00+00:00,discovery
https://www.abc.net.au/triplejunearthed/artist/maia-jelavic,maia-jelavic,2026-04-25T09:44:00+00:00,2026-04-25T09:44:00+00:00,discovery
https://www.abc.net.au/triplejunearthed/artist/july-morning,july-morning,2026-04-25T09:44:11+00:00,2026-04-25T09:44:11+00:00,discovery
https://www.abc.net.au/triplejunearthed/artist/georgia-knight,georgia-knight,2026-04-25T09:44:12+00:00,2026-04-25T09:44:12+00:00,discovery
https://www.abc.net.au/triplejunearthed/artist/ethereal-gone-kids,ethereal-gone-kids,2026-04-25T09:44:12+00:00,2026-04-25T09:44:12+00:00,discovery
https://www.abc.net.au/triplejunearthed/artist/east-av3,east-av3,2026-04-25T09:44:12+00:00,2026-04-25T09:44:12+00:00,discovery
https://www.abc.net.au/triplejunearthed/artist/stormtrippers,stormtrippers,2026-04-25T09:44:12+00:00,2026-04-25T09:44:12+00:00,discovery
https://www.abc.net.au/triplejunearthed/artist/wearefoley,wearefoley,2026-04-25T09:44:12+00:00,2026-04-25T09:44:12+00:00,discovery
https://www.abc.net.au/triplejunearthed/artist/harry-m,harry-m,2026-04-25T09:44:12+00:00,2026-04-25T09:44:12+00:00,discovery
https://www.abc.net.au/triplejunearthed/artist/hugo-basclain1,hugo-basclain1,2026-04-25T09:44:12+00:00,2026-04-25T09:44:12+00:00,discovery
https://www.abc.net.au/triplejunearthed/artist/nkyx,nkyx,2026-04-25T09:44:12+00:00,2026-04-25T09:44:12+00:00,discovery
https://www.abc.net.au/triplejunearthed/artist/22mackie,22mackie,2026-04-25T09:44:12+00:00,2026-04-25T09:44:12+00:00,discovery
https://www.abc.net.au/triplejunearthed/artist/jordzaus,jordzaus,2026-04-25T09:44:12+00:00,2026-04-25T09:44:12+00:00,discovery
https://www.abc.net.au/triplejunearthed/artist/bianca-joulianou,bianca-joulianou,2026-04-25T09:44:12+00:00,2026-04-25T09:44:12+00:00,discovery
https://www.abc.net.au/triplejunearthed/artist/the-dressing-gowns,the-dressing-gowns,2026-04-25T09:44:12+00:00,2026-04-25T09:44:12+00:00,discovery
https://www.abc.net.au/triplejunearthed/artist/lucille-two,lucille-two,2026-04-25T09:44:22+00:00,2026-04-25T09:44:22+00:00,discovery
https://www.abc.net.au/triplejunearthed/artist/jack-gaby,jack-gaby,2026-04-25T09:44:22+00:00,2026-04-25T09:44:22+00:00,discovery
https://www.abc.net.au/triplejunearthed/artist/dublin-rose,dublin-rose,2026-04-25T09:44:22+00:00,2026-04-25T09:44:22+00:00,discovery
https://www.abc.net.au/triplejunearthed/artist/syrup-e,syrup-e,2026-04-25T09:44:22+00:00,2026-04-25T09:44:22+00:00,discovery
https://www.abc.net.au/triplejunearthed/artist/acp,acp,2026-04-25T09:44:22+00:00,2026-04-25T09:44:22+00:00,discovery
https://www.abc.net.au/triplejunearthed/artist/awkward-conversations,awkward-conversations,2026-04-25T09:44:22+00:00,2026-04-25T09:44:22+00:00,discovery
https://www.abc.net.au/triplejunearthed/artist/suede-skin,suede-skin,2026-04-25T09:44:22+00:00,2026-04-25T09:44:22+00:00,discovery
https://www.abc.net.au/triplejunearthed/artist/planet-bitchy,planet-bitchy,2026-04-25T09:44:22+00:00,2026-04-25T09:44:22+00:00,discovery
https://www.abc.net.au/triplejunearthed/artist/sophie-edwards,sophie-edwards,2026-04-25T09:44:22+00:00,2026-04-25T09:44:22+00:00,discovery
https://www.abc.net.au/triplejunearthed/artist/breakfastroad,breakfastroad,2026-04-25T09:44:23+00:00,2026-04-25T09:44:23+00:00,discovery
https://www.abc.net.au/triplejunearthed/artist/oscar-wild,oscar-wild,2026-04-25T09:44:23+00:00,2026-04-25T09:44:23+00:00,discovery
https://www.abc.net.au/triplejunearthed/artist/t3y0id,t3y0id,2026-04-25T09:44:23+00:00,2026-04-25T09:44:23+00:00,discovery
https://www.abc.net.au/triplejunearthed/artist/kevin-plunkett,kevin-plunkett,2026-04-25T09:44:23+00:00,2026-04-25T09:44:23+00:00,discovery
https://www.abc.net.au/triplejunearthed/artist/oh2cetta,oh2cetta,2026-04-25T09:44:23+00:00,2026-04-25T09:44:23+00:00,discovery
https://www.abc.net.au/triplejunearthed/artist/alice-ruby,alice-ruby,2026-04-25T09:44:23+00:00,2026-04-25T09:44:23+00:00,discovery
https://www.abc.net.au/triplejunearthed/artist/didions-bible,didions-bible,2026-04-25T09:44:33+00:00,2026-04-25T09:44:33+00:00,discovery
https://www.abc.net.au/triplejunearthed/artist/louis-inglis,louis-inglis,2026-04-25T09:44:33+00:00,2026-04-25T09:44:33+00:00,discovery
https://www.abc.net.au/triplejunearthed/artist/joel-green-band,joel-green-band,2026-04-25T09:44:33+00:00,2026-04-25T09:44:33+00:00,discovery
https://www.abc.net.au/triplejunearthed/artist/great-emu-war-casualties,great-emu-war-casualties,2026-04-25T09:44:33+00:00,2026-04-25T09:44:33+00:00,discovery
https://www.abc.net.au/triplejunearthed/artist/mikala-rayfield,mikala-rayfield,2026-04-25T09:44:34+00:00,2026-04-25T09:44:34+00:00,discovery
https://www.abc.net.au/triplejunearthed/artist/sleepingb,sleepingb,2026-04-25T09:44:34+00:00,2026-04-25T09:44:34+00:00,discovery
https://www.abc.net.au/triplejunearthed/artist/the-sugar-beats,the-sugar-beats,2026-04-25T09:44:34+00:00,2026-04-25T09:44:34+00:00,discovery
https://www.abc.net.au/triplejunearthed/artist/pigdnb,pigdnb,2026-04-25T09:44:34+00:00,2026-04-25T09:44:34+00:00,discovery
https://www.abc.net.au/triplejunearthed/artist/berlyn,berlyn,2026-04-25T09:44:34+00:00,2026-04-25T09:44:34+00:00,discovery
https://www.abc.net.au/triplejunearthed/artist/the-strike-outs,the-strike-outs,2026-04-25T09:44:34+00:00,2026-04-25T09:44:34+00:00,discovery
https://www.abc.net.au/triplejunearthed/artist/my-alibi,my-alibi,2026-04-25T09:44:45+00:00,2026-04-25T09:44:45+00:00,discovery
https://www.abc.net.au/triplejunearthed/artist/nick-karas,nick-karas,2026-04-25T09:44:45+00:00,2026-04-25T09:44:45+00:00,discovery
https://www.abc.net.au/triplejunearthed/artist/wax-thief,wax-thief,2026-04-25T09:44:45+00:00,2026-04-25T09:44:45+00:00,discovery
https://www.abc.net.au/triplejunearthed/artist/mador-ki,mador-ki,2026-04-25T09:44:45+00:00,2026-04-25T09:44:45+00:00,discovery
https://www.abc.net.au/triplejunearthed/artist/jack-dahlqvist,jack-dahlqvist,2026-04-25T09:44:45+00:00,2026-04-25T09:44:45+00:00,discovery
https://www.abc.net.au/triplejunearthed/artist/harrywhodunit,harrywhodunit,2026-04-25T09:44:45+00:00,2026-04-25T09:44:45+00:00,discovery
https://www.abc.net.au/triplejunearthed/artist/fordfrancekennedy,fordfrancekennedy,2026-04-25T09:44:45+00:00,2026-04-25T09:44:45+00:00,discovery
https://www.abc.net.au/triplejunearthed/artist/axstar,axstar,2026-04-25T09:44:45+00:00,2026-04-25T09:44:45+00:00,discovery
https://www.abc.net.au/triplejunearthed/artist/madorski,madorski,2026-04-25T09:44:45+00:00,2026-04-25T09:44:45+00:00,discovery
https://www.abc.net.au/triplejunearthed/artist/creator,creator,2026-04-25T09:44:45+00:00,2026-04-25T09:44:45+00:00,discovery
https://www.abc.net.au/triplejunearthed/artist/sophia-marzano,sophia-marzano,2026-04-25T09:44:45+00:00,2026-04-25T09:44:45+00:00,discovery
https://www.abc.net.au/triplejunearthed/artist/kingsville,kingsville,2026-04-25T09:44:45+00:00,2026-04-25T09:44:45+00:00,discovery
https://www.abc.net.au/triplejunearthed/artist/matt-hawkins-0,matt-hawkins-0,2026-04-25T09:44:45+00:00,2026-04-25T09:44:45+00:00,discovery
https://www.abc.net.au/triplejunearthed/artist/palemoon-wav,palemoon-wav,2026-04-25T09:44:45+00:00,2026-04-25T09:44:45+00:00,discovery
https://www.abc.net.au/triplejunearthed/artist/diamond-swamp,diamond-swamp,2026-04-25T09:44:45+00:00,2026-04-25T09:44:45+00:00,discovery
https://www.abc.net.au/triplejunearthed/artist/jack-carty,jack-carty,2026-04-25T09:44:55+00:00,2026-04-25T09:44:55+00:00,discovery
https://www.abc.net.au/triplejunearthed/artist/portal-gun,portal-gun,2026-04-25T09:44:56+00:00,2026-04-25T09:44:56+00:00,discovery
https://www.abc.net.au/triplejunearthed/artist/kaiyah-mercedes,kaiyah-mercedes,2026-04-25T09:44:56+00:00,2026-04-25T09:44:56+00:00,discovery
https://www.abc.net.au/triplejunearthed/artist/marc-hackenberg,marc-hackenberg,2026-04-25T09:44:56+00:00,2026-04-25T09:44:56+00:00,discovery
https://www.abc.net.au/triplejunearthed/artist/lowbrowband,lowbrowband,2026-04-25T09:44:56+00:00,2026-04-25T09:44:56+00:00,discovery
https://www.abc.net.au/triplejunearthed/artist/stranger07,stranger07,2026-04-25T09:44:56+00:00,2026-04-25T09:44:56+00:00,discovery
https://www.abc.net.au/triplejunearthed/artist/j-y-e,j-y-e,2026-04-25T09:44:56+00:00,2026-04-25T09:44:56+00:00,discovery
https://www.abc.net.au/triplejunearthed/artist/lou-baby,lou-baby,2026-04-25T09:44:56+00:00,2026-04-25T09:44:56+00:00,discovery
https://www.abc.net.au/triplejunearthed/artist/mali-sims,mali-sims,2026-04-25T09:44:56+00:00,2026-04-25T09:44:56+00:00,discovery
https://www.abc.net.au/triplejunearthed/artist/zaye-eviza,zaye-eviza,2026-04-25T09:44:56+00:00,2026-04-25T09:44:56+00:00,discovery
https://www.abc.net.au/triplejunearthed/artist/tim-drummond,tim-drummond,2026-04-25T09:44:56+00:00,2026-04-25T09:44:56+00:00,discovery
https://www.abc.net.au/triplejunearthed/artist/mikado,mikado,2026-04-25T09:44:56+00:00,2026-04-25T09:44:56+00:00,discovery
https://www.abc.net.au/triplejunearthed/artist/sweetsy,sweetsy,2026-04-25T09:45:07+00:00,2026-04-25T09:45:07+00:00,discovery
https://www.abc.net.au/triplejunearthed/artist/psynth,psynth,2026-04-25T09:45:07+00:00,2026-04-25T09:45:07+00:00,discovery
https://www.abc.net.au/triplejunearthed/artist/angus-mccoll22,angus-mccoll22,2026-04-25T09:45:07+00:00,2026-04-25T09:45:07+00:00,discovery
https://www.abc.net.au/triplejunearthed/artist/amy-grace-music,amy-grace-music,2026-04-25T09:45:07+00:00,2026-04-25T09:45:07+00:00,discovery
https://www.abc.net.au/triplejunearthed/artist/calliopexo,calliopexo,2026-04-25T09:45:07+00:00,2026-04-25T09:45:07+00:00,discovery
https://www.abc.net.au/triplejunearthed/artist/drizzz,drizzz,2026-04-25T09:45:07+00:00,2026-04-25T09:45:07+00:00,discovery
https://www.abc.net.au/triplejunearthed/artist/verdicts,verdicts,2026-04-25T09:45:07+00:00,2026-04-25T09:45:07+00:00,discovery
https://www.abc.net.au/triplejunearthed/artist/smallways,smallways,2026-04-25T09:45:07+00:00,2026-04-25T09:45:07+00:00,discovery
https://www.abc.net.au/triplejunearthed/artist/mike-rizk,mike-rizk,2026-04-25T09:45:07+00:00,2026-04-25T09:45:07+00:00,discovery
https://www.abc.net.au/triplejunearthed/artist/mr-rollo,mr-rollo,2026-04-25T09:45:07+00:00,2026-04-25T09:45:07+00:00,discovery
https://www.abc.net.au/triplejunearthed/artist/milixoa,milixoa,2026-04-25T09:45:07+00:00,2026-04-25T09:45:07+00:00,discovery
https://www.abc.net.au/triplejunearthed/artist/chelsea-elder,chelsea-elder,2026-04-25T09:45:17+00:00,2026-04-25T09:45:17+00:00,discovery
https://www.abc.net.au/triplejunearthed/artist/salem-rising,salem-rising,2026-04-25T09:45:17+00:00,2026-04-25T09:45:17+00:00,discovery
https://www.abc.net.au/triplejunearthed/artist/pixie-minerva,pixie-minerva,2026-04-25T09:45:18+00:00,2026-04-25T09:45:18+00:00,discovery
https://www.abc.net.au/triplejunearthed/artist/shyshka,shyshka,2026-04-25T09:45:18+00:00,2026-04-25T09:45:18+00:00,discovery
https://www.abc.net.au/triplejunearthed/artist/jamjamsings,jamjamsings,2026-04-25T09:45:18+00:00,2026-04-25T09:45:18+00:00,discovery
https://www.abc.net.au/triplejunearthed/artist/roman-benedict,roman-benedict,2026-04-25T09:45:18+00:00,2026-04-25T09:45:18+00:00,discovery
https://www.abc.net.au/triplejunearthed/artist/hello-stranger,hello-stranger,2026-04-25T09:45:18+00:00,2026-04-25T09:45:18+00:00,discovery
https://www.abc.net.au/triplejunearthed/artist/shadow-talk,shadow-talk,2026-04-25T09:45:18+00:00,2026-04-25T09:45:18+00:00,discovery
https://www.abc.net.au/triplejunearthed/artist/dj-richy,dj-richy,2026-04-25T09:45:18+00:00,2026-04-25T09:45:18+00:00,discovery
https://www.abc.net.au/triplejunearthed/artist/pyrokinesis,pyrokinesis,2026-04-25T09:45:18+00:00,2026-04-25T09:45:18+00:00,discovery
https://www.abc.net.au/triplejunearthed/artist/mal3sh,mal3sh,2026-04-25T09:45:18+00:00,2026-04-25T09:45:18+00:00,discovery
https://www.abc.net.au/triplejunearthed/artist/kjay,kjay,2026-04-25T09:45:29+00:00,2026-04-25T09:45:29+00:00,discovery
https://www.abc.net.au/triplejunearthed/artist/scandal-tree,scandal-tree,2026-04-25T09:45:29+00:00,2026-04-25T09:45:29+00:00,discovery
https://www.abc.net.au/triplejunearthed/artist/broken-cloudy-king,broken-cloudy-king,2026-04-25T09:45:29+00:00,2026-04-25T09:45:29+00:00,discovery
https://www.abc.net.au/triplejunearthed/artist/abandcalledeli,abandcalledeli,2026-04-25T09:45:29+00:00,2026-04-25T09:45:29+00:00,discovery
https://www.abc.net.au/triplejunearthed/artist/noah-calderan,noah-calderan,2026-04-25T09:45:29+00:00,2026-04-25T09:45:29+00:00,discovery
https://www.abc.net.au/triplejunearthed/artist/sophiejanemusic,sophiejanemusic,2026-04-25T09:45:29+00:00,2026-04-25T09:45:29+00:00,discovery
https://www.abc.net.au/triplejunearthed/artist/bromham,bromham,2026-04-25T09:45:29+00:00,2026-04-25T09:45:29+00:00,discovery
https://www.abc.net.au/triplejunearthed/artist/doegaege,doegaege,2026-04-25T09:45:29+00:00,2026-04-25T09:45:29+00:00,discovery
https://www.abc.net.au/triplejunearthed/artist/glitch-kingdom,glitch-kingdom,2026-04-25T09:45:29+00:00,2026-04-25T09:45:29+00:00,discovery
https://www.abc.net.au/triplejunearthed/artist/dead-space-cadets,dead-space-cadets,2026-04-25T09:45:29+00:00,2026-04-25T09:45:29+00:00,discovery
https://www.abc.net.au/triplejunearthed/artist/stressed,stressed,2026-04-25T09:45:29+00:00,2026-04-25T09:45:29+00:00,discovery
https://www.abc.net.au/triplejunearthed/artist/the-stare,the-stare,2026-04-25T09:45:29+00:00,2026-04-25T09:45:29+00:00,discovery
https://www.abc.net.au/triplejunearthed/artist/mvmblz,mvmblz,2026-04-25T09:45:29+00:00,2026-04-25T09:45:29+00:00,discovery
https://www.abc.net.au/triplejunearthed/artist/dem-mob,dem-mob,2026-04-25T09:45:29+00:00,2026-04-25T09:45:29+00:00,discovery
https://www.abc.net.au/triplejunearthed/artist/sam-korn,sam-korn,2026-04-25T09:45:41+00:00,2026-04-25T09:45:41+00:00,discovery
https://www.abc.net.au/triplejunearthed/artist/the-dums,the-dums,2026-04-25T09:45:41+00:00,2026-04-25T09:45:41+00:00,discovery
https://www.abc.net.au/triplejunearthed/artist/riverrrr,riverrrr,2026-04-25T09:45:41+00:00,2026-04-25T09:45:41+00:00,discovery
https://www.abc.net.au/triplejunearthed/artist/funkytown-fish,funkytown-fish,2026-04-25T09:45:41+00:00,2026-04-25T09:45:41+00:00,discovery
https://www.abc.net.au/triplejunearthed/artist/paige-barnard,paige-barnard,2026-04-25T09:45:41+00:00,2026-04-25T09:45:41+00:00,discovery
https://www.abc.net.au/triplejunearthed/artist/glenn-kearney-iv,glenn-kearney-iv,2026-04-25T09:45:41+00:00,2026-04-25T09:45:41+00:00,discovery
https://www.abc.net.au/triplejunearthed/artist/liam-v-0,liam-v-0,2026-04-25T09:45:41+00:00,2026-04-25T09:45:41+00:00,discovery
https://www.abc.net.au/triplejunearthed/artist/monique-murphyx,monique-murphyx,2026-04-25T09:45:41+00:00,2026-04-25T09:45:41+00:00,discovery
https://www.abc.net.au/triplejunearthed/artist/not-the-singer,not-the-singer,2026-04-25T09:45:41+00:00,2026-04-25T09:45:41+00:00,discovery
https://www.abc.net.au/triplejunearthed/artist/jessica-lollato,jessica-lollato,2026-04-25T09:45:41+00:00,2026-04-25T09:45:41+00:00,discovery
https://www.abc.net.au/triplejunearthed/artist/f3v3rmotel,f3v3rmotel,2026-04-25T09:45:41+00:00,2026-04-25T09:45:41+00:00,discovery
https://www.abc.net.au/triplejunearthed/artist/hotel-0,hotel-0,2026-04-25T09:45:41+00:00,2026-04-25T09:45:41+00:00,discovery
https://www.abc.net.au/triplejunearthed/artist/iamthami,iamthami,2026-04-25T09:45:41+00:00,2026-04-25T09:45:41+00:00,discovery
https://www.abc.net.au/triplejunearthed/artist/xgemmini,xgemmini,2026-04-25T09:45:50+00:00,2026-04-25T09:45:50+00:00,discovery
https://www.abc.net.au/triplejunearthed/artist/ota-0,ota-0,2026-04-25T09:45:50+00:00,2026-04-25T09:45:50+00:00,discovery
https://www.abc.net.au/triplejunearthed/artist/uomo,uomo,2026-04-25T09:45:50+00:00,2026-04-25T09:45:50+00:00,discovery
https://www.abc.net.au/triplejunearthed/artist/sascha,sascha,2026-04-25T09:45:50+00:00,2026-04-25T09:45:50+00:00,discovery
https://www.abc.net.au/triplejunearthed/artist/odinm,odinm,2026-04-25T09:45:50+00:00,2026-04-25T09:45:50+00:00,discovery
https://www.abc.net.au/triplejunearthed/artist/no-bull,no-bull,2026-04-25T09:45:51+00:00,2026-04-25T09:45:51+00:00,discovery
https://www.abc.net.au/triplejunearthed/artist/romeo-s-ruse,romeo-s-ruse,2026-04-25T09:45:51+00:00,2026-04-25T09:45:51+00:00,discovery
https://www.abc.net.au/triplejunearthed/artist/curtisfalls,curtisfalls,2026-04-25T09:45:51+00:00,2026-04-25T09:45:51+00:00,discovery
https://www.abc.net.au/triplejunearthed/artist/bbud,bbud,2026-04-25T09:45:51+00:00,2026-04-25T09:45:51+00:00,discovery
https://www.abc.net.au/triplejunearthed/artist/shazvero,shazvero,2026-04-25T09:45:51+00:00,2026-04-25T09:45:51+00:00,discovery
https://www.abc.net.au/triplejunearthed/artist/the-drowners,the-drowners,2026-04-25T09:45:51+00:00,2026-04-25T09:45:51+00:00,discovery
https://www.abc.net.au/triplejunearthed/artist/tumi-radebe,tumi-radebe,2026-04-25T09:45:51+00:00,2026-04-25T09:45:51+00:00,discovery
https://www.abc.net.au/triplejunearthed/artist/milly-mcpherson,milly-mcpherson,2026-04-25T09:45:51+00:00,2026-04-25T09:45:51+00:00,discovery
https://www.abc.net.au/triplejunearthed/artist/kiid-koda,kiid-koda,2026-04-25T09:45:51+00:00,2026-04-25T09:45:51+00:00,discovery
https://www.abc.net.au/triplejunearthed/artist/llizardparty,llizardparty,2026-04-25T09:45:51+00:00,2026-04-25T09:45:51+00:00,discovery
https://www.abc.net.au/triplejunearthed/artist/keetzz,keetzz,2026-04-25T09:46:01+00:00,2026-04-25T09:46:01+00:00,discovery
https://www.abc.net.au/triplejunearthed/artist/rockwallmusic,rockwallmusic,2026-04-25T09:46:01+00:00,2026-04-25T09:46:01+00:00,discovery
https://www.abc.net.au/triplejunearthed/artist/ryan-foley,ryan-foley,2026-04-25T09:46:01+00:00,2026-04-25T09:46:01+00:00,discovery
https://www.abc.net.au/triplejunearthed/artist/ash-acid,ash-acid,2026-04-25T09:46:01+00:00,2026-04-25T09:46:01+00:00,discovery
https://www.abc.net.au/triplejunearthed/artist/alaska-blue,alaska-blue,2026-04-25T09:46:01+00:00,2026-04-25T09:46:01+00:00,discovery
https://www.abc.net.au/triplejunearthed/artist/theo-landish,theo-landish,2026-04-25T09:46:01+00:00,2026-04-25T09:46:01+00:00,discovery
https://www.abc.net.au/triplejunearthed/artist/scan,scan,2026-04-25T09:46:01+00:00,2026-04-25T09:46:01+00:00,discovery
https://www.abc.net.au/triplejunearthed/artist/sexy-as-shit,sexy-as-shit,2026-04-25T09:46:01+00:00,2026-04-25T09:46:01+00:00,discovery
https://www.abc.net.au/triplejunearthed/artist/davidonproduction,davidonproduction,2026-04-25T09:46:02+00:00,2026-04-25T09:46:02+00:00,discovery
https://www.abc.net.au/triplejunearthed/artist/notnowkaleb,notnowkaleb,2026-04-25T09:46:02+00:00,2026-04-25T09:46:02+00:00,discovery
https://www.abc.net.au/triplejunearthed/artist/nevertheless,nevertheless,2026-04-25T09:46:02+00:00,2026-04-25T09:46:02+00:00,discovery
https://www.abc.net.au/triplejunearthed/artist/horse,horse,2026-04-25T09:46:13+00:00,2026-04-25T09:46:13+00:00,discovery
https://www.abc.net.au/triplejunearthed/artist/ellis-isabella-king,ellis-isabella-king,2026-04-25T09:46:13+00:00,2026-04-25T09:46:13+00:00,discovery
https://www.abc.net.au/triplejunearthed/artist/trae-monte,trae-monte,2026-04-25T09:46:13+00:00,2026-04-25T09:46:13+00:00,discovery
https://www.abc.net.au/triplejunearthed/artist/j-tomic,j-tomic,2026-04-25T09:46:13+00:00,2026-04-25T09:46:13+00:00,discovery
https://www.abc.net.au/triplejunearthed/artist/j-nui,j-nui,2026-04-25T09:46:13+00:00,2026-04-25T09:46:13+00:00,discovery
https://www.abc.net.au/triplejunearthed/artist/esinnite,esinnite,2026-04-25T09:46:13+00:00,2026-04-25T09:46:13+00:00,discovery
https://www.abc.net.au/triplejunearthed/artist/milkpunch,milkpunch,2026-04-25T09:46:13+00:00,2026-04-25T09:46:13+00:00,discovery
https://www.abc.net.au/triplejunearthed/artist/holly-hebe,holly-hebe,2026-04-25T09:46:13+00:00,2026-04-25T09:46:13+00:00,discovery
https://www.abc.net.au/triplejunearthed/artist/arkie-gold,arkie-gold,2026-04-25T09:46:13+00:00,2026-04-25T09:46:13+00:00,discovery
https://www.abc.net.au/triplejunearthed/artist/jc-and-tree,jc-and-tree,2026-04-25T09:46:13+00:00,2026-04-25T09:46:13+00:00,discovery
https://www.abc.net.au/triplejunearthed/artist/varrim,varrim,2026-04-25T09:46:13+00:00,2026-04-25T09:46:13+00:00,discovery
https://www.abc.net.au/triplejunearthed/artist/avoiding-absolution,avoiding-absolution,2026-04-25T09:46:13+00:00,2026-04-25T09:46:13+00:00,discovery
https://www.abc.net.au/triplejunearthed/artist/ydk,ydk,2026-04-25T09:46:13+00:00,2026-04-25T09:46:13+00:00,discovery
https://www.abc.net.au/triplejunearthed/artist/cherie-blossom,cherie-blossom,2026-04-25T09:46:13+00:00,2026-04-25T09:46:13+00:00,discovery
https://www.abc.net.au/triplejunearthed/artist/herman-haasbroek,herman-haasbroek,2026-04-25T09:46:23+00:00,2026-04-25T09:46:23+00:00,discovery
https://www.abc.net.au/triplejunearthed/artist/glazelight,glazelight,2026-04-25T09:46:23+00:00,2026-04-25T09:46:23+00:00,discovery
https://www.abc.net.au/triplejunearthed/artist/cassie-mai,cassie-mai,2026-04-25T09:46:23+00:00,2026-04-25T09:46:23+00:00,discovery
https://www.abc.net.au/triplejunearthed/artist/hckny,hckny,2026-04-25T09:46:23+00:00,2026-04-25T09:46:23+00:00,discovery
https://www.abc.net.au/triplejunearthed/artist/sofiamenguita,sofiamenguita,2026-04-25T09:46:23+00:00,2026-04-25T09:46:23+00:00,discovery
https://www.abc.net.au/triplejunearthed/artist/dongeo,dongeo,2026-04-25T09:46:24+00:00,2026-04-25T09:46:24+00:00,discovery
https://www.abc.net.au/triplejunearthed/artist/hiru-kodippili,hiru-kodippili,2026-04-25T09:46:24+00:00,2026-04-25T09:46:24+00:00,discovery
https://www.abc.net.au/triplejunearthed/artist/laura-renee,laura-renee,2026-04-25T09:46:24+00:00,2026-04-25T09:46:24+00:00,discovery
https://www.abc.net.au/triplejunearthed/artist/xiao-xiao,xiao-xiao,2026-04-25T09:46:24+00:00,2026-04-25T09:46:24+00:00,discovery
https://www.abc.net.au/triplejunearthed/artist/cas-bills,cas-bills,2026-04-25T09:46:24+00:00,2026-04-25T09:46:24+00:00,discovery
https://www.abc.net.au/triplejunearthed/artist/clancy-pye,clancy-pye,2026-04-25T09:46:24+00:00,2026-04-25T09:46:24+00:00,discovery
https://www.abc.net.au/triplejunearthed/artist/luke-hannaford,luke-hannaford,2026-04-25T09:46:24+00:00,2026-04-25T09:46:24+00:00,discovery
https://www.abc.net.au/triplejunearthed/artist/annetta-jane,annetta-jane,2026-04-25T09:46:24+00:00,2026-04-25T09:46:24+00:00,discovery
https://www.abc.net.au/triplejunearthed/artist/concrete-surfers,concrete-surfers,2026-04-25T09:46:35+00:00,2026-04-25T09:46:35+00:00,discovery
https://www.abc.net.au/triplejunearthed/artist/parissa-tosif,parissa-tosif,2026-04-25T09:46:35+00:00,2026-04-25T09:46:35+00:00,discovery
https://www.abc.net.au/triplejunearthed/artist/isaac-foreman,isaac-foreman,2026-04-25T09:46:35+00:00,2026-04-25T09:46:35+00:00,discovery
https://www.abc.net.au/triplejunearthed/artist/gin-tonic,gin-tonic,2026-04-25T09:46:35+00:00,2026-04-25T09:46:35+00:00,discovery
https://www.abc.net.au/triplejunearthed/artist/sticky-beak,sticky-beak,2026-04-25T09:46:35+00:00,2026-04-25T09:46:35+00:00,discovery
https://www.abc.net.au/triplejunearthed/artist/flaco,flaco,2026-04-25T09:46:35+00:00,2026-04-25T09:46:35+00:00,discovery
https://www.abc.net.au/triplejunearthed/artist/the-pulse,the-pulse,2026-04-25T09:46:35+00:00,2026-04-25T09:46:35+00:00,discovery
https://www.abc.net.au/triplejunearthed/artist/savage-honey,savage-honey,2026-04-25T09:46:35+00:00,2026-04-25T09:46:35+00:00,discovery
https://www.abc.net.au/triplejunearthed/artist/nin,nin,2026-04-25T09:46:35+00:00,2026-04-25T09:46:35+00:00,discovery
https://www.abc.net.au/triplejunearthed/artist/eloise,eloise,2026-04-25T09:46:35+00:00,2026-04-25T09:46:35+00:00,discovery
https://www.abc.net.au/triplejunearthed/artist/revoid,revoid,2026-04-25T09:46:35+00:00,2026-04-25T09:46:35+00:00,discovery
https://www.abc.net.au/triplejunearthed/artist/loaderlane,loaderlane,2026-04-25T09:46:35+00:00,2026-04-25T09:46:35+00:00,discovery
https://www.abc.net.au/triplejunearthed/artist/castle-hughes,castle-hughes,2026-04-25T09:46:47+00:00,2026-04-25T09:46:47+00:00,discovery
https://www.abc.net.au/triplejunearthed/artist/taco-bellinger,taco-bellinger,2026-04-25T09:46:47+00:00,2026-04-25T09:46:47+00:00,discovery
https://www.abc.net.au/triplejunearthed/artist/kim-yang,kim-yang,2026-04-25T09:46:47+00:00,2026-04-25T09:46:47+00:00,discovery
https://www.abc.net.au/triplejunearthed/artist/the-hollywood-waltz,the-hollywood-waltz,2026-04-25T09:46:47+00:00,2026-04-25T09:46:47+00:00,discovery
https://www.abc.net.au/triplejunearthed/artist/inkwel,inkwel,2026-04-25T09:46:47+00:00,2026-04-25T09:46:47+00:00,discovery
https://www.abc.net.au/triplejunearthed/artist/ian-buller,ian-buller,2026-04-25T09:46:48+00:00,2026-04-25T09:46:48+00:00,discovery
https://www.abc.net.au/triplejunearthed/artist/steel-city-sonichu,steel-city-sonichu,2026-04-25T09:46:48+00:00,2026-04-25T09:46:48+00:00,discovery
https://www.abc.net.au/triplejunearthed/artist/harrykirby,harrykirby,2026-04-25T09:46:48+00:00,2026-04-25T09:46:48+00:00,discovery
https://www.abc.net.au/triplejunearthed/artist/d-d-h-t-21,d-d-h-t-21,2026-04-25T09:46:48+00:00,2026-04-25T09:46:48+00:00,discovery
https://www.abc.net.au/triplejunearthed/artist/cary-archer,cary-archer,2026-04-25T09:46:48+00:00,2026-04-25T09:46:48+00:00,discovery
https://www.abc.net.au/triplejunearthed/artist/kam,kam,2026-04-25T09:46:48+00:00,2026-04-25T09:46:48+00:00,discovery
https://www.abc.net.au/triplejunearthed/artist/azbo,azbo,2026-04-25T09:46:48+00:00,2026-04-25T09:46:48+00:00,discovery
https://www.abc.net.au/triplejunearthed/artist/spencer-stiles,spencer-stiles,2026-04-25T09:47:00+00:00,2026-04-25T09:47:00+00:00,discovery
https://www.abc.net.au/triplejunearthed/artist/coighty-and-the-kickstands,coighty-and-the-kickstands,2026-04-25T09:47:00+00:00,2026-04-25T09:47:00+00:00,discovery
https://www.abc.net.au/triplejunearthed/artist/sherwyn-d-souza,sherwyn-d-souza,2026-04-25T09:47:00+00:00,2026-04-25T09:47:00+00:00,discovery
https://www.abc.net.au/triplejunearthed/artist/bilalli,bilalli,2026-04-25T09:47:00+00:00,2026-04-25T09:47:00+00:00,discovery
https://www.abc.net.au/triplejunearthed/artist/ravenistic,ravenistic,2026-04-25T09:47:00+00:00,2026-04-25T09:47:00+00:00,discovery
https://www.abc.net.au/triplejunearthed/artist/jake-murdoch-aka-jakeycakes,jake-murdoch-aka-jakeycakes,2026-04-25T09:47:00+00:00,2026-04-25T09:47:00+00:00,discovery
https://www.abc.net.au/triplejunearthed/artist/ben-catley,ben-catley,2026-04-25T09:47:00+00:00,2026-04-25T09:47:00+00:00,discovery
https://www.abc.net.au/triplejunearthed/artist/justice-patterson,justice-patterson,2026-04-25T09:47:00+00:00,2026-04-25T09:47:00+00:00,discovery
https://www.abc.net.au/triplejunearthed/artist/shannon-jade,shannon-jade,2026-04-25T09:47:00+00:00,2026-04-25T09:47:00+00:00,discovery
https://www.abc.net.au/triplejunearthed/artist/yumeth-athukorala,yumeth-athukorala,2026-04-25T09:47:00+00:00,2026-04-25T09:47:00+00:00,discovery
https://www.abc.net.au/triplejunearthed/artist/calico-city,calico-city,2026-04-25T09:47:00+00:00,2026-04-25T09:47:00+00:00,discovery
https://www.abc.net.au/triplejunearthed/artist/matthewgear,matthewgear,2026-04-25T09:47:11+00:00,2026-04-25T09:47:11+00:00,discovery
https://www.abc.net.au/triplejunearthed/artist/liam-naughton,liam-naughton,2026-04-25T09:47:11+00:00,2026-04-25T09:47:11+00:00,discovery
https://www.abc.net.au/triplejunearthed/artist/madame-wu,madame-wu,2026-04-25T09:47:11+00:00,2026-04-25T09:47:11+00:00,discovery
https://www.abc.net.au/triplejunearthed/artist/mad-day,mad-day,2026-04-25T09:47:11+00:00,2026-04-25T09:47:11+00:00,discovery
https://www.abc.net.au/triplejunearthed/artist/-hckny,-hckny,2026-04-25T09:47:12+00:00,2026-04-25T09:47:12+00:00,discovery
https://www.abc.net.au/triplejunearthed/artist/bbsanii-file-explorer,bbsanii-file-explorer,2026-04-25T09:47:12+00:00,2026-04-25T09:47:12+00:00,discovery
https://www.abc.net.au/triplejunearthed/artist/the-robbies,the-robbies,2026-04-25T09:47:12+00:00,2026-04-25T09:47:12+00:00,discovery
https://www.abc.net.au/triplejunearthed/artist/sad-like-you,sad-like-you,2026-04-25T09:47:12+00:00,2026-04-25T09:47:12+00:00,discovery
https://www.abc.net.au/triplejunearthed/artist/amina,amina,2026-04-25T09:47:12+00:00,2026-04-25T09:47:12+00:00,discovery
https://www.abc.net.au/triplejunearthed/artist/sharny,sharny,2026-04-25T09:47:22+00:00,2026-04-25T09:47:22+00:00,discovery
https://www.abc.net.au/triplejunearthed/artist/as-people,as-people,2026-04-25T09:47:22+00:00,2026-04-25T09:47:22+00:00,discovery
https://www.abc.net.au/triplejunearthed/artist/gimmy,gimmy,2026-04-25T09:47:22+00:00,2026-04-25T09:47:22+00:00,discovery
https://www.abc.net.au/triplejunearthed/artist/the-loops,the-loops,2026-04-25T09:47:22+00:00,2026-04-25T09:47:22+00:00,discovery
https://www.abc.net.au/triplejunearthed/artist/call-me-heiress,call-me-heiress,2026-04-25T09:47:22+00:00,2026-04-25T09:47:22+00:00,discovery
https://www.abc.net.au/triplejunearthed/artist/runyamouth,runyamouth,2026-04-25T09:47:22+00:00,2026-04-25T09:47:22+00:00,discovery
https://www.abc.net.au/triplejunearthed/artist/j8se,j8se,2026-04-25T09:47:22+00:00,2026-04-25T09:47:22+00:00,discovery
https://www.abc.net.au/triplejunearthed/artist/otto,otto,2026-04-25T09:47:22+00:00,2026-04-25T09:47:22+00:00,discovery
https://www.abc.net.au/triplejunearthed/artist/the-southern-edge,the-southern-edge,2026-04-25T09:47:22+00:00,2026-04-25T09:47:22+00:00,discovery
https://www.abc.net.au/triplejunearthed/artist/anaiscampbell,anaiscampbell,2026-04-25T09:47:22+00:00,2026-04-25T09:47:22+00:00,discovery
https://www.abc.net.au/triplejunearthed/artist/jess-cullity,jess-cullity,2026-04-25T09:47:22+00:00,2026-04-25T09:47:22+00:00,discovery
https://www.abc.net.au/triplejunearthed/artist/suzana-poljak,suzana-poljak,2026-04-25T09:47:22+00:00,2026-04-25T09:47:22+00:00,discovery
https://www.abc.net.au/triplejunearthed/artist/tyla3-lloyd,tyla3-lloyd,2026-04-25T09:47:22+00:00,2026-04-25T09:47:22+00:00,discovery
https://www.abc.net.au/triplejunearthed/artist/laraanderson,laraanderson,2026-04-25T09:47:33+00:00,2026-04-25T09:47:33+00:00,discovery
https://www.abc.net.au/triplejunearthed/artist/teisha,teisha,2026-04-25T09:47:34+00:00,2026-04-25T09:47:34+00:00,discovery
https://www.abc.net.au/triplejunearthed/artist/jaidyn-arthur,jaidyn-arthur,2026-04-25T09:47:34+00:00,2026-04-25T09:47:34+00:00,discovery
https://www.abc.net.au/triplejunearthed/artist/thelillypillies,thelillypillies,2026-04-25T09:47:34+00:00,2026-04-25T09:47:34+00:00,discovery
https://www.abc.net.au/triplejunearthed/artist/harmen,harmen,2026-04-25T09:47:34+00:00,2026-04-25T09:47:34+00:00,discovery
https://www.abc.net.au/triplejunearthed/artist/hazelmusic,hazelmusic,2026-04-25T09:47:34+00:00,2026-04-25T09:47:34+00:00,discovery
https://www.abc.net.au/triplejunearthed/artist/grace-aberhart,grace-aberhart,2026-04-25T09:47:34+00:00,2026-04-25T09:47:34+00:00,discovery
https://www.abc.net.au/triplejunearthed/artist/nate-morrison,nate-morrison,2026-04-25T09:47:34+00:00,2026-04-25T09:47:34+00:00,discovery
https://www.abc.net.au/triplejunearthed/artist/in-her-palms,in-her-palms,2026-04-25T09:47:34+00:00,2026-04-25T09:47:34+00:00,discovery
https://www.abc.net.au/triplejunearthed/artist/mach-j,mach-j,2026-04-25T09:47:34+00:00,2026-04-25T09:47:34+00:00,discovery
https://www.abc.net.au/triplejunearthed/artist/kaybee-official-music,kaybee-official-music,2026-04-25T09:47:34+00:00,2026-04-25T09:47:34+00:00,discovery
https://www.abc.net.au/triplejunearthed/artist/klaw,klaw,2026-04-25T09:47:34+00:00,2026-04-25T09:47:34+00:00,discovery
https://www.abc.net.au/triplejunearthed/artist/jaded-state,jaded-state,2026-04-25T09:47:34+00:00,2026-04-25T09:47:34+00:00,discovery
https://www.abc.net.au/triplejunearthed/artist/diesect,diesect,2026-04-25T09:47:46+00:00,2026-04-25T09:47:46+00:00,discovery
https://www.abc.net.au/triplejunearthed/artist/d1zza,d1zza,2026-04-25T09:47:46+00:00,2026-04-25T09:47:46+00:00,discovery
https://www.abc.net.au/triplejunearthed/artist/avir,avir,2026-04-25T09:47:46+00:00,2026-04-25T09:47:46+00:00,discovery
https://www.abc.net.au/triplejunearthed/artist/sydney-miller,sydney-miller,2026-04-25T09:47:46+00:00,2026-04-25T09:47:46+00:00,discovery
https://www.abc.net.au/triplejunearthed/artist/a-n-d-y,a-n-d-y,2026-04-25T09:47:46+00:00,2026-04-25T09:47:46+00:00,discovery
https://www.abc.net.au/triplejunearthed/artist/girl-from-nowhere,girl-from-nowhere,2026-04-25T09:47:46+00:00,2026-04-25T09:47:46+00:00,discovery
https://www.abc.net.au/triplejunearthed/artist/lachie-pryer,lachie-pryer,2026-04-25T09:47:46+00:00,2026-04-25T09:47:46+00:00,discovery
https://www.abc.net.au/triplejunearthed/artist/faux-purr,faux-purr,2026-04-25T09:47:46+00:00,2026-04-25T09:47:46+00:00,discovery
https://www.abc.net.au/triplejunearthed/artist/summon-re-birth,summon-re-birth,2026-04-25T09:47:46+00:00,2026-04-25T09:47:46+00:00,discovery
https://www.abc.net.au/triplejunearthed/artist/jane-dire,jane-dire,2026-04-25T09:47:46+00:00,2026-04-25T09:47:46+00:00,discovery
https://www.abc.net.au/triplejunearthed/artist/sydneyandstreet,sydneyandstreet,2026-04-25T09:47:46+00:00,2026-04-25T09:47:46+00:00,discovery
https://www.abc.net.au/triplejunearthed/artist/james-hood-trio,james-hood-trio,2026-04-25T09:47:47+00:00,2026-04-25T09:47:47+00:00,discovery
https://www.abc.net.au/triplejunearthed/artist/caleb-foster,caleb-foster,2026-04-25T09:47:47+00:00,2026-04-25T09:47:47+00:00,discovery
https://www.abc.net.au/triplejunearthed/artist/v,v,2026-04-25T09:47:47+00:00,2026-04-25T09:47:47+00:00,discovery
https://www.abc.net.au/triplejunearthed/artist/macey-lawson,macey-lawson,2026-04-25T09:47:47+00:00,2026-04-25T09:47:47+00:00,discovery
https://www.abc.net.au/triplejunearthed/artist/the-useful-box,the-useful-box,2026-04-25T09:47:58+00:00,2026-04-25T09:47:58+00:00,discovery
https://www.abc.net.au/triplejunearthed/artist/portia,portia,2026-04-25T09:47:58+00:00,2026-04-25T09:47:58+00:00,discovery
https://www.abc.net.au/triplejunearthed/artist/harvest-3,harvest-3,2026-04-25T09:47:58+00:00,2026-04-25T09:47:58+00:00,discovery
https://www.abc.net.au/triplejunearthed/artist/my-cherie,my-cherie,2026-04-25T09:47:58+00:00,2026-04-25T09:47:58+00:00,discovery
https://www.abc.net.au/triplejunearthed/artist/my-daydreams,my-daydreams,2026-04-25T09:47:58+00:00,2026-04-25T09:47:58+00:00,discovery
https://www.abc.net.au/triplejunearthed/artist/ugly-pretty,ugly-pretty,2026-04-25T09:47:58+00:00,2026-04-25T09:47:58+00:00,discovery
https://www.abc.net.au/triplejunearthed/artist/the-blamers,the-blamers,2026-04-25T09:47:58+00:00,2026-04-25T09:47:58+00:00,discovery
https://www.abc.net.au/triplejunearthed/artist/jay-kira,jay-kira,2026-04-25T09:47:58+00:00,2026-04-25T09:47:58+00:00,discovery
https://www.abc.net.au/triplejunearthed/artist/hunter-black,hunter-black,2026-04-25T09:47:58+00:00,2026-04-25T09:47:58+00:00,discovery
https://www.abc.net.au/triplejunearthed/artist/mt-maze,mt-maze,2026-04-25T09:47:58+00:00,2026-04-25T09:47:58+00:00,discovery
https://www.abc.net.au/triplejunearthed/artist/poison-oak,poison-oak,2026-04-25T09:47:58+00:00,2026-04-25T09:47:58+00:00,discovery
https://www.abc.net.au/triplejunearthed/artist/romanie,romanie,2026-04-25T09:47:58+00:00,2026-04-25T09:47:58+00:00,discovery
https://www.abc.net.au/triplejunearthed/artist/lucienne,lucienne,2026-04-25T09:47:58+00:00,2026-04-25T09:47:58+00:00,discovery
https://www.abc.net.au/triplejunearthed/artist/desert-halo,desert-halo,2026-04-25T09:47:58+00:00,2026-04-25T09:47:58+00:00,discovery
https://www.abc.net.au/triplejunearthed/artist/bb-sabina,bb-sabina,2026-04-25T09:48:10+00:00,2026-04-25T09:48:10+00:00,discovery
https://www.abc.net.au/triplejunearthed/artist/sunsetegos,sunsetegos,2026-04-25T09:48:10+00:00,2026-04-25T09:48:10+00:00,discovery
https://www.abc.net.au/triplejunearthed/artist/juliet-vrakas,juliet-vrakas,2026-04-25T09:48:10+00:00,2026-04-25T09:48:10+00:00,discovery
https://www.abc.net.au/triplejunearthed/artist/jcparlade,jcparlade,2026-04-25T09:48:10+00:00,2026-04-25T09:48:10+00:00,discovery
https://www.abc.net.au/triplejunearthed/artist/nikisha-priest,nikisha-priest,2026-04-25T09:48:10+00:00,2026-04-25T09:48:10+00:00,discovery
https://www.abc.net.au/triplejunearthed/artist/chellyx,chellyx,2026-04-25T09:48:10+00:00,2026-04-25T09:48:10+00:00,discovery
https://www.abc.net.au/triplejunearthed/artist/fur-blossom,fur-blossom,2026-04-25T09:48:10+00:00,2026-04-25T09:48:10+00:00,discovery
https://www.abc.net.au/triplejunearthed/artist/renee-naccari,renee-naccari,2026-04-25T09:48:10+00:00,2026-04-25T09:48:10+00:00,discovery
https://www.abc.net.au/triplejunearthed/artist/dj-ben-waller,dj-ben-waller,2026-04-25T09:48:10+00:00,2026-04-25T09:48:10+00:00,discovery
https://www.abc.net.au/triplejunearthed/artist/niashaworld,niashaworld,2026-04-25T09:48:10+00:00,2026-04-25T09:48:10+00:00,discovery
https://www.abc.net.au/triplejunearthed/artist/rapaport,rapaport,2026-04-25T09:48:21+00:00,2026-04-25T09:48:21+00:00,discovery
https://www.abc.net.au/triplejunearthed/artist/one-too-many,one-too-many,2026-04-25T09:48:21+00:00,2026-04-25T09:48:21+00:00,discovery
https://www.abc.net.au/triplejunearthed/artist/newcollision,newcollision,2026-04-25T09:48:21+00:00,2026-04-25T09:48:21+00:00,discovery
https://www.abc.net.au/triplejunearthed/artist/shez-kurx,shez-kurx,2026-04-25T09:48:22+00:00,2026-04-25T09:48:22+00:00,discovery
https://www.abc.net.au/triplejunearthed/artist/frooks,frooks,2026-04-25T09:48:22+00:00,2026-04-25T09:48:22+00:00,discovery
https://www.abc.net.au/triplejunearthed/artist/baby-raptor,baby-raptor,2026-04-25T09:48:22+00:00,2026-04-25T09:48:22+00:00,discovery
https://www.abc.net.au/triplejunearthed/artist/xanayew,xanayew,2026-04-25T09:48:22+00:00,2026-04-25T09:48:22+00:00,discovery
https://www.abc.net.au/triplejunearthed/artist/the-sooks,the-sooks,2026-04-25T09:48:22+00:00,2026-04-25T09:48:22+00:00,discovery
https://www.abc.net.au/triplejunearthed/artist/ruby-archer-0,ruby-archer-0,2026-04-25T09:48:22+00:00,2026-04-25T09:48:22+00:00,discovery
https://www.abc.net.au/triplejunearthed/artist/brother-hollow,brother-hollow,2026-04-25T09:48:22+00:00,2026-04-25T09:48:22+00:00,discovery
https://www.abc.net.au/triplejunearthed/artist/justine-eltakchi,justine-eltakchi,2026-04-25T09:48:22+00:00,2026-04-25T09:48:22+00:00,discovery
https://www.abc.net.au/triplejunearthed/artist/moll-jane,moll-jane,2026-04-25T09:48:22+00:00,2026-04-25T09:48:22+00:00,discovery
https://www.abc.net.au/triplejunearthed/artist/alex-clark,alex-clark,2026-04-25T09:48:22+00:00,2026-04-25T09:48:22+00:00,discovery
https://www.abc.net.au/triplejunearthed/artist/mima-and-the-band,mima-and-the-band,2026-04-25T09:48:22+00:00,2026-04-25T09:48:22+00:00,discovery
https://www.abc.net.au/triplejunearthed/artist/charlie-finn,charlie-finn,2026-04-25T09:48:22+00:00,2026-04-25T09:48:22+00:00,discovery
https://www.abc.net.au/triplejunearthed/artist/piper-rodrigues,piper-rodrigues,2026-04-25T09:48:22+00:00,2026-04-25T09:48:22+00:00,discovery
https://www.abc.net.au/triplejunearthed/artist/youthynbt,youthynbt,2026-04-25T09:48:32+00:00,2026-04-25T09:48:32+00:00,discovery
https://www.abc.net.au/triplejunearthed/artist/jr8ch,jr8ch,2026-04-25T09:48:32+00:00,2026-04-25T09:48:32+00:00,discovery
https://www.abc.net.au/triplejunearthed/artist/kyra,kyra,2026-04-25T09:48:32+00:00,2026-04-25T09:48:32+00:00,discovery
https://www.abc.net.au/triplejunearthed/artist/molly-rocket,molly-rocket,2026-04-25T09:48:33+00:00,2026-04-25T09:48:33+00:00,discovery
https://www.abc.net.au/triplejunearthed/artist/lorenzowrites,lorenzowrites,2026-04-25T09:48:33+00:00,2026-04-25T09:48:33+00:00,discovery
https://www.abc.net.au/triplejunearthed/artist/sofia-cirino,sofia-cirino,2026-04-25T09:48:33+00:00,2026-04-25T09:48:33+00:00,discovery
https://www.abc.net.au/triplejunearthed/artist/emily-mutimer,emily-mutimer,2026-04-25T09:48:33+00:00,2026-04-25T09:48:33+00:00,discovery
https://www.abc.net.au/triplejunearthed/artist/missrosevalentina,missrosevalentina,2026-04-25T09:48:33+00:00,2026-04-25T09:48:33+00:00,discovery
https://www.abc.net.au/triplejunearthed/artist/georgia-sarah,georgia-sarah,2026-04-25T09:48:33+00:00,2026-04-25T09:48:33+00:00,discovery
https://www.abc.net.au/triplejunearthed/artist/salonistas,salonistas,2026-04-25T09:48:33+00:00,2026-04-25T09:48:33+00:00,discovery
https://www.abc.net.au/triplejunearthed/artist/nate-mac-85,nate-mac-85,2026-04-25T09:48:33+00:00,2026-04-25T09:48:33+00:00,discovery
https://www.abc.net.au/triplejunearthed/artist/shadowqueen,shadowqueen,2026-04-25T09:48:33+00:00,2026-04-25T09:48:33+00:00,discovery
https://www.abc.net.au/triplejunearthed/artist/tjbrown,tjbrown,2026-04-25T09:48:33+00:00,2026-04-25T09:48:33+00:00,discovery
https://www.abc.net.au/triplejunearthed/artist/erotika-dabra,erotika-dabra,2026-04-25T09:48:43+00:00,2026-04-25T09:48:43+00:00,discovery
https://www.abc.net.au/triplejunearthed/artist/luke-baird-music,luke-baird-music,2026-04-25T09:48:43+00:00,2026-04-25T09:48:43+00:00,discovery
https://www.abc.net.au/triplejunearthed/artist/socials,socials,2026-04-25T09:48:43+00:00,2026-04-25T09:48:43+00:00,discovery
https://www.abc.net.au/triplejunearthed/artist/noah97,noah97,2026-04-25T09:48:43+00:00,2026-04-25T09:48:43+00:00,discovery
https://www.abc.net.au/triplejunearthed/artist/red-camellia,red-camellia,2026-04-25T09:48:43+00:00,2026-04-25T09:48:43+00:00,discovery
https://www.abc.net.au/triplejunearthed/artist/dose777,dose777,2026-04-25T09:48:43+00:00,2026-04-25T09:48:43+00:00,discovery
https://www.abc.net.au/triplejunearthed/artist/h1gh3y3q,h1gh3y3q,2026-04-25T09:48:43+00:00,2026-04-25T09:48:43+00:00,discovery
https://www.abc.net.au/triplejunearthed/artist/officialin3vitable,officialin3vitable,2026-04-25T09:48:43+00:00,2026-04-25T09:48:43+00:00,discovery
https://www.abc.net.au/triplejunearthed/artist/emerald-lane,emerald-lane,2026-04-25T09:48:43+00:00,2026-04-25T09:48:43+00:00,discovery
https://www.abc.net.au/triplejunearthed/artist/paint-the-air-band,paint-the-air-band,2026-04-25T09:48:43+00:00,2026-04-25T09:48:43+00:00,discovery
https://www.abc.net.au/triplejunearthed/artist/slowrotdeath,slowrotdeath,2026-04-25T09:48:43+00:00,2026-04-25T09:48:43+00:00,discovery
https://www.abc.net.au/triplejunearthed/artist/georga-raath,georga-raath,2026-04-25T09:48:44+00:00,2026-04-25T09:48:44+00:00,discovery
https://www.abc.net.au/triplejunearthed/artist/millzee,millzee,2026-04-25T09:48:55+00:00,2026-04-25T09:48:55+00:00,discovery
https://www.abc.net.au/triplejunearthed/artist/sagescreams,sagescreams,2026-04-25T09:48:55+00:00,2026-04-25T09:48:55+00:00,discovery
https://www.abc.net.au/triplejunearthed/artist/ggmxy,ggmxy,2026-04-25T09:48:55+00:00,2026-04-25T09:48:55+00:00,discovery
https://www.abc.net.au/triplejunearthed/artist/somnium11,somnium11,2026-04-25T09:48:55+00:00,2026-04-25T09:48:55+00:00,discovery
https://www.abc.net.au/triplejunearthed/artist/danielle-poppen,danielle-poppen,2026-04-25T09:48:55+00:00,2026-04-25T09:48:55+00:00,discovery
https://www.abc.net.au/triplejunearthed/artist/viscid,viscid,2026-04-25T09:48:55+00:00,2026-04-25T09:48:55+00:00,discovery
https://www.abc.net.au/triplejunearthed/artist/imemmie,imemmie,2026-04-25T09:48:56+00:00,2026-04-25T09:48:56+00:00,discovery
https://www.abc.net.au/triplejunearthed/artist/kalz0,kalz0,2026-04-25T09:48:56+00:00,2026-04-25T09:48:56+00:00,discovery
https://www.abc.net.au/triplejunearthed/artist/mark-rob,mark-rob,2026-04-25T09:48:56+00:00,2026-04-25T09:48:56+00:00,discovery
https://www.abc.net.au/triplejunearthed/artist/runaway-mornings,runaway-mornings,2026-04-25T09:48:56+00:00,2026-04-25T09:48:56+00:00,discovery
https://www.abc.net.au/triplejunearthed/artist/kid-mada,kid-mada,2026-04-25T09:48:56+00:00,2026-04-25T09:48:56+00:00,discovery
https://www.abc.net.au/triplejunearthed/artist/sambradhurst,sambradhurst,2026-04-25T09:48:56+00:00,2026-04-25T09:48:56+00:00,discovery
https://www.abc.net.au/triplejunearthed/artist/carl-zoller,carl-zoller,2026-04-25T09:49:07+00:00,2026-04-25T09:49:07+00:00,discovery
https://www.abc.net.au/triplejunearthed/artist/francis-kneebone,francis-kneebone,2026-04-25T09:49:07+00:00,2026-04-25T09:49:07+00:00,discovery
https://www.abc.net.au/triplejunearthed/artist/the-tinnie-serpents,the-tinnie-serpents,2026-04-25T09:49:07+00:00,2026-04-25T09:49:07+00:00,discovery
https://www.abc.net.au/triplejunearthed/artist/valletta-marie,valletta-marie,2026-04-25T09:49:07+00:00,2026-04-25T09:49:07+00:00,discovery
https://www.abc.net.au/triplejunearthed/artist/cityxan,cityxan,2026-04-25T09:49:07+00:00,2026-04-25T09:49:07+00:00,discovery
https://www.abc.net.au/triplejunearthed/artist/yung-custard,yung-custard,2026-04-25T09:49:07+00:00,2026-04-25T09:49:07+00:00,discovery
https://www.abc.net.au/triplejunearthed/artist/thomas-clarke,thomas-clarke,2026-04-25T09:49:07+00:00,2026-04-25T09:49:07+00:00,discovery
https://www.abc.net.au/triplejunearthed/artist/dreamspeed,dreamspeed,2026-04-25T09:49:07+00:00,2026-04-25T09:49:07+00:00,discovery
https://www.abc.net.au/triplejunearthed/artist/cole-toone,cole-toone,2026-04-25T09:49:07+00:00,2026-04-25T09:49:07+00:00,discovery
https://www.abc.net.au/triplejunearthed/artist/callystha,callystha,2026-04-25T09:49:07+00:00,2026-04-25T09:49:07+00:00,discovery
https://www.abc.net.au/triplejunearthed/artist/adin-the-velvet-hotline,adin-the-velvet-hotline,2026-04-25T09:49:07+00:00,2026-04-25T09:49:07+00:00,discovery
https://www.abc.net.au/triplejunearthed/artist/modern-living,modern-living,2026-04-25T09:49:20+00:00,2026-04-25T09:49:20+00:00,discovery
https://www.abc.net.au/triplejunearthed/artist/alwyn,alwyn,2026-04-25T09:49:20+00:00,2026-04-25T09:49:20+00:00,discovery
https://www.abc.net.au/triplejunearthed/artist/reservationofficial,reservationofficial,2026-04-25T09:49:20+00:00,2026-04-25T09:49:20+00:00,discovery
https://www.abc.net.au/triplejunearthed/artist/the-lulublues,the-lulublues,2026-04-25T09:49:20+00:00,2026-04-25T09:49:20+00:00,discovery
https://www.abc.net.au/triplejunearthed/artist/anna-dabbs,anna-dabbs,2026-04-25T09:49:20+00:00,2026-04-25T09:49:20+00:00,discovery
https://www.abc.net.au/triplejunearthed/artist/paul-bombig,paul-bombig,2026-04-25T09:49:20+00:00,2026-04-25T09:49:20+00:00,discovery
https://www.abc.net.au/triplejunearthed/artist/jude-austin-o,jude-austin-o,2026-04-25T09:49:21+00:00,2026-04-25T09:49:21+00:00,discovery
https://www.abc.net.au/triplejunearthed/artist/liquid-zoo,liquid-zoo,2026-04-25T09:49:21+00:00,2026-04-25T09:49:21+00:00,discovery
https://www.abc.net.au/triplejunearthed/artist/billie-jo-porter,billie-jo-porter,2026-04-25T09:49:21+00:00,2026-04-25T09:49:21+00:00,discovery
https://www.abc.net.au/triplejunearthed/artist/nataleigh,nataleigh,2026-04-25T09:49:21+00:00,2026-04-25T09:49:21+00:00,discovery
https://www.abc.net.au/triplejunearthed/artist/ruby-allan,ruby-allan,2026-04-25T09:49:21+00:00,2026-04-25T09:49:21+00:00,discovery
https://www.abc.net.au/triplejunearthed/artist/stimpies,stimpies,2026-04-25T09:49:21+00:00,2026-04-25T09:49:21+00:00,discovery
https://www.abc.net.au/triplejunearthed/artist/kaiya,kaiya,2026-04-25T09:49:21+00:00,2026-04-25T09:49:21+00:00,discovery
https://www.abc.net.au/triplejunearthed/artist/finnternet,finnternet,2026-04-25T09:49:21+00:00,2026-04-25T09:49:21+00:00,discovery
https://www.abc.net.au/triplejunearthed/artist/dima,dima,2026-04-25T09:49:33+00:00,2026-04-25T09:49:33+00:00,discovery
https://www.abc.net.au/triplejunearthed/artist/danswan,danswan,2026-04-25T09:49:33+00:00,2026-04-25T09:49:33+00:00,discovery
https://www.abc.net.au/triplejunearthed/artist/taillightband,taillightband,2026-04-25T09:49:33+00:00,2026-04-25T09:49:33+00:00,discovery
https://www.abc.net.au/triplejunearthed/artist/lili-alaska,lili-alaska,2026-04-25T09:49:33+00:00,2026-04-25T09:49:33+00:00,discovery
https://www.abc.net.au/triplejunearthed/artist/veratie,veratie,2026-04-25T09:49:33+00:00,2026-04-25T09:49:33+00:00,discovery
https://www.abc.net.au/triplejunearthed/artist/thereincarnationofamber,thereincarnationofamber,2026-04-25T09:49:33+00:00,2026-04-25T09:49:33+00:00,discovery
https://www.abc.net.au/triplejunearthed/artist/yi-jung,yi-jung,2026-04-25T09:49:33+00:00,2026-04-25T09:49:33+00:00,discovery
https://www.abc.net.au/triplejunearthed/artist/zarah-sarina,zarah-sarina,2026-04-25T09:49:33+00:00,2026-04-25T09:49:33+00:00,discovery
https://www.abc.net.au/triplejunearthed/artist/jimmy-smythsings,jimmy-smythsings,2026-04-25T09:49:33+00:00,2026-04-25T09:49:33+00:00,discovery
https://www.abc.net.au/triplejunearthed/artist/david-holman,david-holman,2026-04-25T09:49:33+00:00,2026-04-25T09:49:33+00:00,discovery
https://www.abc.net.au/triplejunearthed/artist/yomi-spreee,yomi-spreee,2026-04-25T09:49:33+00:00,2026-04-25T09:49:33+00:00,discovery
https://www.abc.net.au/triplejunearthed/artist/jay-zayat,jay-zayat,2026-04-25T09:49:33+00:00,2026-04-25T09:49:33+00:00,discovery
https://www.abc.net.au/triplejunearthed/artist/larnixdemaria,larnixdemaria,2026-04-25T09:49:45+00:00,2026-04-25T09:49:45+00:00,discovery
https://www.abc.net.au/triplejunearthed/artist/lil-oven-gang,lil-oven-gang,2026-04-25T09:49:45+00:00,2026-04-25T09:49:45+00:00,discovery
https://www.abc.net.au/triplejunearthed/artist/van-raven,van-raven,2026-04-25T09:49:45+00:00,2026-04-25T09:49:45+00:00,discovery
https://www.abc.net.au/triplejunearthed/artist/the-heart-shaped-aces,the-heart-shaped-aces,2026-04-25T09:49:45+00:00,2026-04-25T09:49:45+00:00,discovery
https://www.abc.net.au/triplejunearthed/artist/jazz-party,jazz-party,2026-04-25T09:49:45+00:00,2026-04-25T09:49:45+00:00,discovery
https://www.abc.net.au/triplejunearthed/artist/matt-the-manbergs,matt-the-manbergs,2026-04-25T09:49:45+00:00,2026-04-25T09:49:45+00:00,discovery
https://www.abc.net.au/triplejunearthed/artist/tallulah-grace,tallulah-grace,2026-04-25T09:49:45+00:00,2026-04-25T09:49:45+00:00,discovery
https://www.abc.net.au/triplejunearthed/artist/lxrp,lxrp,2026-04-25T09:49:46+00:00,2026-04-25T09:49:46+00:00,discovery
https://www.abc.net.au/triplejunearthed/artist/son-dog,son-dog,2026-04-25T09:49:46+00:00,2026-04-25T09:49:46+00:00,discovery
https://www.abc.net.au/triplejunearthed/artist/malfunktion,malfunktion,2026-04-25T09:49:46+00:00,2026-04-25T09:49:46+00:00,discovery
https://www.abc.net.au/triplejunearthed/artist/ollie-twohill,ollie-twohill,2026-04-25T09:49:46+00:00,2026-04-25T09:49:46+00:00,discovery
https://www.abc.net.au/triplejunearthed/artist/lipstick-palms,lipstick-palms,2026-04-25T09:49:57+00:00,2026-04-25T09:49:57+00:00,discovery
https://www.abc.net.au/triplejunearthed/artist/praise-mangena,praise-mangena,2026-04-25T09:49:57+00:00,2026-04-25T09:49:57+00:00,discovery
https://www.abc.net.au/triplejunearthed/artist/callmegumboot,callmegumboot,2026-04-25T09:49:57+00:00,2026-04-25T09:49:57+00:00,discovery
https://www.abc.net.au/triplejunearthed/artist/max-lawrence,max-lawrence,2026-04-25T09:49:58+00:00,2026-04-25T09:49:58+00:00,discovery
https://www.abc.net.au/triplejunearthed/artist/friend-of-mine,friend-of-mine,2026-04-25T09:49:58+00:00,2026-04-25T09:49:58+00:00,discovery
https://www.abc.net.au/triplejunearthed/artist/fever-dream-adl,fever-dream-adl,2026-04-25T09:49:58+00:00,2026-04-25T09:49:58+00:00,discovery
https://www.abc.net.au/triplejunearthed/artist/knight-rider,knight-rider,2026-04-25T09:49:58+00:00,2026-04-25T09:49:58+00:00,discovery
https://www.abc.net.au/triplejunearthed/artist/sleeper-build,sleeper-build,2026-04-25T09:49:58+00:00,2026-04-25T09:49:58+00:00,discovery
https://www.abc.net.au/triplejunearthed/artist/dann-dib,dann-dib,2026-04-25T09:49:58+00:00,2026-04-25T09:49:58+00:00,discovery
https://www.abc.net.au/triplejunearthed/artist/clamb,clamb,2026-04-25T09:49:58+00:00,2026-04-25T09:49:58+00:00,discovery
https://www.abc.net.au/triplejunearthed/artist/mac-the-knife,mac-the-knife,2026-04-25T09:49:58+00:00,2026-04-25T09:49:58+00:00,discovery
https://www.abc.net.au/triplejunearthed/artist/milly-joel,milly-joel,2026-04-25T09:50:11+00:00,2026-04-25T09:50:11+00:00,discovery
https://www.abc.net.au/triplejunearthed/artist/dana-oberdan,dana-oberdan,2026-04-25T09:50:11+00:00,2026-04-25T09:50:11+00:00,discovery
https://www.abc.net.au/triplejunearthed/artist/quiet-mouse,quiet-mouse,2026-04-25T09:50:11+00:00,2026-04-25T09:50:11+00:00,discovery
https://www.abc.net.au/triplejunearthed/artist/window-club,window-club,2026-04-25T09:50:11+00:00,2026-04-25T09:50:11+00:00,discovery
https://www.abc.net.au/triplejunearthed/artist/boorook,boorook,2026-04-25T09:50:11+00:00,2026-04-25T09:50:11+00:00,discovery
https://www.abc.net.au/triplejunearthed/artist/mornz07,mornz07,2026-04-25T09:50:11+00:00,2026-04-25T09:50:11+00:00,discovery
https://www.abc.net.au/triplejunearthed/artist/robbie-nolan,robbie-nolan,2026-04-25T09:50:11+00:00,2026-04-25T09:50:11+00:00,discovery
https://www.abc.net.au/triplejunearthed/artist/2vus,2vus,2026-04-25T09:50:11+00:00,2026-04-25T09:50:11+00:00,discovery
https://www.abc.net.au/triplejunearthed/artist/jamaldre,jamaldre,2026-04-25T09:50:11+00:00,2026-04-25T09:50:11+00:00,discovery
https://www.abc.net.au/triplejunearthed/artist/chadwik,chadwik,2026-04-25T09:50:11+00:00,2026-04-25T09:50:11+00:00,discovery
https://www.abc.net.au/triplejunearthed/artist/shescora,shescora,2026-04-25T09:50:11+00:00,2026-04-25T09:50:11+00:00,discovery
https://www.abc.net.au/triplejunearthed/artist/lucy-sugerman,lucy-sugerman,2026-04-25T09:50:25+00:00,2026-04-25T09:50:25+00:00,discovery
https://www.abc.net.au/triplejunearthed/artist/sollyfern,sollyfern,2026-04-25T09:50:25+00:00,2026-04-25T09:50:25+00:00,discovery
https://www.abc.net.au/triplejunearthed/artist/james-burnell,james-burnell,2026-04-25T09:50:25+00:00,2026-04-25T09:50:25+00:00,discovery
https://www.abc.net.au/triplejunearthed/artist/sonn3t,sonn3t,2026-04-25T09:50:25+00:00,2026-04-25T09:50:25+00:00,discovery
https://www.abc.net.au/triplejunearthed/artist/will-wilko,will-wilko,2026-04-25T09:50:25+00:00,2026-04-25T09:50:25+00:00,discovery
https://www.abc.net.au/triplejunearthed/artist/cooee,cooee,2026-04-25T09:50:25+00:00,2026-04-25T09:50:25+00:00,discovery
https://www.abc.net.au/triplejunearthed/artist/sam-tout,sam-tout,2026-04-25T09:50:25+00:00,2026-04-25T09:50:25+00:00,discovery
https://www.abc.net.au/triplejunearthed/artist/shrugg14,shrugg14,2026-04-25T09:50:25+00:00,2026-04-25T09:50:25+00:00,discovery
https://www.abc.net.au/triplejunearthed/artist/bigdjmc,bigdjmc,2026-04-25T09:50:26+00:00,2026-04-25T09:50:26+00:00,discovery
https://www.abc.net.au/triplejunearthed/artist/queen-juno,queen-juno,2026-04-25T09:50:26+00:00,2026-04-25T09:50:26+00:00,discovery
https://www.abc.net.au/triplejunearthed/artist/jess-josie-lee,jess-josie-lee,2026-04-25T09:50:37+00:00,2026-04-25T09:50:37+00:00,discovery
https://www.abc.net.au/triplejunearthed/artist/leshen,leshen,2026-04-25T09:50:37+00:00,2026-04-25T09:50:37+00:00,discovery
https://www.abc.net.au/triplejunearthed/artist/yp-edm,yp-edm,2026-04-25T09:50:37+00:00,2026-04-25T09:50:37+00:00,discovery
https://www.abc.net.au/triplejunearthed/artist/the-flying-squad,the-flying-squad,2026-04-25T09:50:37+00:00,2026-04-25T09:50:37+00:00,discovery
https://www.abc.net.au/triplejunearthed/artist/lamira,lamira,2026-04-25T09:50:37+00:00,2026-04-25T09:50:37+00:00,discovery
https://www.abc.net.au/triplejunearthed/artist/c-o-m-f-o-r-t-a-b-l-e,c-o-m-f-o-r-t-a-b-l-e,2026-04-25T09:50:37+00:00,2026-04-25T09:50:37+00:00,discovery
https://www.abc.net.au/triplejunearthed/artist/luke-million,luke-million,2026-04-25T09:50:37+00:00,2026-04-25T09:50:37+00:00,discovery
https://www.abc.net.au/triplejunearthed/artist/dinosaur-beard,dinosaur-beard,2026-04-25T09:50:37+00:00,2026-04-25T09:50:37+00:00,discovery
https://www.abc.net.au/triplejunearthed/artist/50fifty-au,50fifty-au,2026-04-25T09:50:37+00:00,2026-04-25T09:50:37+00:00,discovery
https://www.abc.net.au/triplejunearthed/artist/fraser-canobie,fraser-canobie,2026-04-25T09:50:37+00:00,2026-04-25T09:50:37+00:00,discovery
https://www.abc.net.au/triplejunearthed/artist/filly-mack-music,filly-mack-music,2026-04-25T09:50:37+00:00,2026-04-25T09:50:37+00:00,discovery
https://www.abc.net.au/triplejunearthed/artist/thirst-trap,thirst-trap,2026-04-25T09:50:37+00:00,2026-04-25T09:50:37+00:00,discovery
https://www.abc.net.au/triplejunearthed/artist/the-beach-towels,the-beach-towels,2026-04-25T09:50:50+00:00,2026-04-25T09:50:50+00:00,discovery
https://www.abc.net.au/triplejunearthed/artist/matt-alan,matt-alan,2026-04-25T09:50:50+00:00,2026-04-25T09:50:50+00:00,discovery
https://www.abc.net.au/triplejunearthed/artist/leezdayz,leezdayz,2026-04-25T09:50:50+00:00,2026-04-25T09:50:50+00:00,discovery
https://www.abc.net.au/triplejunearthed/artist/ben-walker,ben-walker,2026-04-25T09:50:50+00:00,2026-04-25T09:50:50+00:00,discovery
https://www.abc.net.au/triplejunearthed/artist/a-band-of-rain,a-band-of-rain,2026-04-25T09:50:50+00:00,2026-04-25T09:50:50+00:00,discovery
https://www.abc.net.au/triplejunearthed/artist/jamie999-js,jamie999-js,2026-04-25T09:50:50+00:00,2026-04-25T09:50:50+00:00,discovery
https://www.abc.net.au/triplejunearthed/artist/davidhearne,davidhearne,2026-04-25T09:50:50+00:00,2026-04-25T09:50:50+00:00,discovery
https://www.abc.net.au/triplejunearthed/artist/belmakesbangers,belmakesbangers,2026-04-25T09:50:50+00:00,2026-04-25T09:50:50+00:00,discovery
https://www.abc.net.au/triplejunearthed/artist/frixosnicholls,frixosnicholls,2026-04-25T09:50:50+00:00,2026-04-25T09:50:50+00:00,discovery
https://www.abc.net.au/triplejunearthed/artist/supergoodmusic,supergoodmusic,2026-04-25T09:50:50+00:00,2026-04-25T09:50:50+00:00,discovery
https://www.abc.net.au/triplejunearthed/artist/temperate,temperate,2026-04-25T09:50:50+00:00,2026-04-25T09:50:50+00:00,discovery
https://www.abc.net.au/triplejunearthed/artist/sashasummers,sashasummers,2026-04-25T09:50:50+00:00,2026-04-25T09:50:50+00:00,discovery
https://www.abc.net.au/triplejunearthed/artist/lunarlagoon,lunarlagoon,2026-04-25T09:50:50+00:00,2026-04-25T09:50:50+00:00,discovery
https://www.abc.net.au/triplejunearthed/artist/gregwilliamsingsongs,gregwilliamsingsongs,2026-04-25T09:51:01+00:00,2026-04-25T09:51:01+00:00,discovery
https://www.abc.net.au/triplejunearthed/artist/david-chouman,david-chouman,2026-04-25T09:51:02+00:00,2026-04-25T09:51:02+00:00,discovery
https://www.abc.net.au/triplejunearthed/artist/modern-bummers-0,modern-bummers-0,2026-04-25T09:51:02+00:00,2026-04-25T09:51:02+00:00,discovery
https://www.abc.net.au/triplejunearthed/artist/fatigueleague,fatigueleague,2026-04-25T09:51:02+00:00,2026-04-25T09:51:02+00:00,discovery
https://www.abc.net.au/triplejunearthed/artist/d-e-d,d-e-d,2026-04-25T09:51:02+00:00,2026-04-25T09:51:02+00:00,discovery
https://www.abc.net.au/triplejunearthed/artist/dave-varacalli-music,dave-varacalli-music,2026-04-25T09:51:02+00:00,2026-04-25T09:51:02+00:00,discovery
https://www.abc.net.au/triplejunearthed/artist/kenta204,kenta204,2026-04-25T09:51:02+00:00,2026-04-25T09:51:02+00:00,discovery
https://www.abc.net.au/triplejunearthed/artist/shenny,shenny,2026-04-25T09:51:02+00:00,2026-04-25T09:51:02+00:00,discovery
https://www.abc.net.au/triplejunearthed/artist/john-durr,john-durr,2026-04-25T09:51:02+00:00,2026-04-25T09:51:02+00:00,discovery
https://www.abc.net.au/triplejunearthed/artist/theworldisnotround,theworldisnotround,2026-04-25T09:51:02+00:00,2026-04-25T09:51:02+00:00,discovery
https://www.abc.net.au/triplejunearthed/artist/manny,manny,2026-04-25T09:51:02+00:00,2026-04-25T09:51:02+00:00,discovery
https://www.abc.net.au/triplejunearthed/artist/aria-nova,aria-nova,2026-04-25T09:51:02+00:00,2026-04-25T09:51:02+00:00,discovery
https://www.abc.net.au/triplejunearthed/artist/jay-daytona,jay-daytona,2026-04-25T09:51:02+00:00,2026-04-25T09:51:02+00:00,discovery
https://www.abc.net.au/triplejunearthed/artist/ben-tansing,ben-tansing,2026-04-25T09:51:02+00:00,2026-04-25T09:51:02+00:00,discovery
https://www.abc.net.au/triplejunearthed/artist/lucasdaymusic,lucasdaymusic,2026-04-25T09:51:02+00:00,2026-04-25T09:51:02+00:00,discovery
https://www.abc.net.au/triplejunearthed/artist/lilli-jjj,lilli-jjj,2026-04-25T09:51:02+00:00,2026-04-25T09:51:02+00:00,discovery
https://www.abc.net.au/triplejunearthed/artist/last-good-light,last-good-light,2026-04-25T09:51:14+00:00,2026-04-25T09:51:14+00:00,discovery
https://www.abc.net.au/triplejunearthed/artist/chloeviolette,chloeviolette,2026-04-25T09:51:15+00:00,2026-04-25T09:51:15+00:00,discovery
https://www.abc.net.au/triplejunearthed/artist/laurafrank,laurafrank,2026-04-25T09:51:15+00:00,2026-04-25T09:51:15+00:00,discovery
https://www.abc.net.au/triplejunearthed/artist/emma-and-rohan,emma-and-rohan,2026-04-25T09:51:15+00:00,2026-04-25T09:51:15+00:00,discovery
https://www.abc.net.au/triplejunearthed/artist/crushtheband,crushtheband,2026-04-25T09:51:15+00:00,2026-04-25T09:51:15+00:00,discovery
https://www.abc.net.au/triplejunearthed/artist/tiatoracat,tiatoracat,2026-04-25T09:51:15+00:00,2026-04-25T09:51:15+00:00,discovery
https://www.abc.net.au/triplejunearthed/artist/cabin-fog,cabin-fog,2026-04-25T09:51:15+00:00,2026-04-25T09:51:15+00:00,discovery
https://www.abc.net.au/triplejunearthed/artist/georgia-reed,georgia-reed,2026-04-25T09:51:15+00:00,2026-04-25T09:51:15+00:00,discovery
https://www.abc.net.au/triplejunearthed/artist/keiba,keiba,2026-04-25T09:51:15+00:00,2026-04-25T09:51:15+00:00,discovery
https://www.abc.net.au/triplejunearthed/artist/alex-daniel05,alex-daniel05,2026-04-25T09:51:15+00:00,2026-04-25T09:51:15+00:00,discovery
https://www.abc.net.au/triplejunearthed/artist/thegroundswell,thegroundswell,2026-04-25T09:51:15+00:00,2026-04-25T09:51:15+00:00,discovery
https://www.abc.net.au/triplejunearthed/artist/realmsaus,realmsaus,2026-04-25T09:51:15+00:00,2026-04-25T09:51:15+00:00,discovery
https://www.abc.net.au/triplejunearthed/artist/tj-howlett,tj-howlett,2026-04-25T09:51:15+00:00,2026-04-25T09:51:15+00:00,discovery
https://www.abc.net.au/triplejunearthed/artist/cozmo-beregofsky,cozmo-beregofsky,2026-04-25T09:51:27+00:00,2026-04-25T09:51:27+00:00,discovery
https://www.abc.net.au/triplejunearthed/artist/freya-and-the-vikings,freya-and-the-vikings,2026-04-25T09:51:27+00:00,2026-04-25T09:51:27+00:00,discovery
https://www.abc.net.au/triplejunearthed/artist/stratovox,stratovox,2026-04-25T09:51:27+00:00,2026-04-25T09:51:27+00:00,discovery
https://www.abc.net.au/triplejunearthed/artist/sqwid,sqwid,2026-04-25T09:51:27+00:00,2026-04-25T09:51:27+00:00,discovery
https://www.abc.net.au/triplejunearthed/artist/myles-creamer,myles-creamer,2026-04-25T09:51:27+00:00,2026-04-25T09:51:27+00:00,discovery
https://www.abc.net.au/triplejunearthed/artist/chatters,chatters,2026-04-25T09:51:27+00:00,2026-04-25T09:51:27+00:00,discovery
https://www.abc.net.au/triplejunearthed/artist/julia-ivory,julia-ivory,2026-04-25T09:51:28+00:00,2026-04-25T09:51:28+00:00,discovery
https://www.abc.net.au/triplejunearthed/artist/the-weasel,the-weasel,2026-04-25T09:51:28+00:00,2026-04-25T09:51:28+00:00,discovery
https://www.abc.net.au/triplejunearthed/artist/gillson,gillson,2026-04-25T09:51:28+00:00,2026-04-25T09:51:28+00:00,discovery
https://www.abc.net.au/triplejunearthed/artist/shorehaven,shorehaven,2026-04-25T09:51:41+00:00,2026-04-25T09:51:41+00:00,discovery
https://www.abc.net.au/triplejunearthed/artist/lambros,lambros,2026-04-25T09:51:41+00:00,2026-04-25T09:51:41+00:00,discovery
https://www.abc.net.au/triplejunearthed/artist/enola,enola,2026-04-25T09:51:41+00:00,2026-04-25T09:51:41+00:00,discovery
https://www.abc.net.au/triplejunearthed/artist/euterpeband,euterpeband,2026-04-25T09:51:41+00:00,2026-04-25T09:51:41+00:00,discovery
https://www.abc.net.au/triplejunearthed/artist/joseph-rourke,joseph-rourke,2026-04-25T09:51:41+00:00,2026-04-25T09:51:41+00:00,discovery
https://www.abc.net.au/triplejunearthed/artist/melita,melita,2026-04-25T09:51:41+00:00,2026-04-25T09:51:41+00:00,discovery
https://www.abc.net.au/triplejunearthed/artist/the-pointy-heads,the-pointy-heads,2026-04-25T09:51:41+00:00,2026-04-25T09:51:41+00:00,discovery
https://www.abc.net.au/triplejunearthed/artist/most-epic-dream,most-epic-dream,2026-04-25T09:51:41+00:00,2026-04-25T09:51:41+00:00,discovery
https://www.abc.net.au/triplejunearthed/artist/shawnisnotokay,shawnisnotokay,2026-04-25T09:51:41+00:00,2026-04-25T09:51:41+00:00,discovery
https://www.abc.net.au/triplejunearthed/artist/luca-li-petri,luca-li-petri,2026-04-25T09:51:41+00:00,2026-04-25T09:51:41+00:00,discovery
https://www.abc.net.au/triplejunearthed/artist/inimata,inimata,2026-04-25T09:51:41+00:00,2026-04-25T09:51:41+00:00,discovery
https://www.abc.net.au/triplejunearthed/artist/scrammer,scrammer,2026-04-25T09:51:41+00:00,2026-04-25T09:51:41+00:00,discovery
https://www.abc.net.au/triplejunearthed/artist/kullablind,kullablind,2026-04-25T09:51:41+00:00,2026-04-25T09:51:41+00:00,discovery
https://www.abc.net.au/triplejunearthed/artist/glen-gold,glen-gold,2026-04-25T09:51:41+00:00,2026-04-25T09:51:41+00:00,discovery
https://www.abc.net.au/triplejunearthed/artist/durry-mums,durry-mums,2026-04-25T09:51:41+00:00,2026-04-25T09:51:41+00:00,discovery
https://www.abc.net.au/triplejunearthed/artist/reccquiem,reccquiem,2026-04-25T09:51:55+00:00,2026-04-25T09:51:55+00:00,discovery
https://www.abc.net.au/triplejunearthed/artist/about-yesterday,about-yesterday,2026-04-25T09:51:55+00:00,2026-04-25T09:51:55+00:00,discovery
https://www.abc.net.au/triplejunearthed/artist/kwasi,kwasi,2026-04-25T09:51:55+00:00,2026-04-25T09:51:55+00:00,discovery
https://www.abc.net.au/triplejunearthed/artist/blinky-ill,blinky-ill,2026-04-25T09:51:55+00:00,2026-04-25T09:51:55+00:00,discovery
https://www.abc.net.au/triplejunearthed/artist/bigfooot,bigfooot,2026-04-25T09:51:55+00:00,2026-04-25T09:51:55+00:00,discovery
https://www.abc.net.au/triplejunearthed/artist/jib,jib,2026-04-25T09:51:55+00:00,2026-04-25T09:51:55+00:00,discovery
https://www.abc.net.au/triplejunearthed/artist/whiskeytheband,whiskeytheband,2026-04-25T09:51:56+00:00,2026-04-25T09:51:56+00:00,discovery
https://www.abc.net.au/triplejunearthed/artist/mid-drift,mid-drift,2026-04-25T09:51:56+00:00,2026-04-25T09:51:56+00:00,discovery
https://www.abc.net.au/triplejunearthed/artist/interflow,interflow,2026-04-25T09:51:56+00:00,2026-04-25T09:51:56+00:00,discovery
https://www.abc.net.au/triplejunearthed/artist/abeny-hayes,abeny-hayes,2026-04-25T09:51:56+00:00,2026-04-25T09:51:56+00:00,discovery
https://www.abc.net.au/triplejunearthed/artist/lost-paradise,lost-paradise,2026-04-25T09:51:56+00:00,2026-04-25T09:51:56+00:00,discovery
https://www.abc.net.au/triplejunearthed/artist/oceamusic,oceamusic,2026-04-25T09:52:09+00:00,2026-04-25T09:52:09+00:00,discovery
https://www.abc.net.au/triplejunearthed/artist/destinezia,destinezia,2026-04-25T09:52:09+00:00,2026-04-25T09:52:09+00:00,discovery
https://www.abc.net.au/triplejunearthed/artist/bryson-hill,bryson-hill,2026-04-25T09:52:09+00:00,2026-04-25T09:52:09+00:00,discovery
https://www.abc.net.au/triplejunearthed/artist/ugly-gemini,ugly-gemini,2026-04-25T09:52:09+00:00,2026-04-25T09:52:09+00:00,discovery
https://www.abc.net.au/triplejunearthed/artist/cocobevan,cocobevan,2026-04-25T09:52:09+00:00,2026-04-25T09:52:09+00:00,discovery
https://www.abc.net.au/triplejunearthed/artist/franco-curian,franco-curian,2026-04-25T09:52:09+00:00,2026-04-25T09:52:09+00:00,discovery
https://www.abc.net.au/triplejunearthed/artist/sametime,sametime,2026-04-25T09:52:09+00:00,2026-04-25T09:52:09+00:00,discovery
https://www.abc.net.au/triplejunearthed/artist/eden-vice,eden-vice,2026-04-25T09:52:09+00:00,2026-04-25T09:52:09+00:00,discovery
https://www.abc.net.au/triplejunearthed/artist/proj3ctze,proj3ctze,2026-04-25T09:52:09+00:00,2026-04-25T09:52:09+00:00,discovery
https://www.abc.net.au/triplejunearthed/artist/sihaya,sihaya,2026-04-25T09:52:09+00:00,2026-04-25T09:52:09+00:00,discovery
https://www.abc.net.au/triplejunearthed/artist/spouty,spouty,2026-04-25T09:52:09+00:00,2026-04-25T09:52:09+00:00,discovery
https://www.abc.net.au/triplejunearthed/artist/poppy-galactic,poppy-galactic,2026-04-25T09:52:23+00:00,2026-04-25T09:52:23+00:00,discovery
https://www.abc.net.au/triplejunearthed/artist/jackblom,jackblom,2026-04-25T09:52:23+00:00,2026-04-25T09:52:23+00:00,discovery
https://www.abc.net.au/triplejunearthed/artist/son-of-bryce,son-of-bryce,2026-04-25T09:52:23+00:00,2026-04-25T09:52:23+00:00,discovery
https://www.abc.net.au/triplejunearthed/artist/the-grand-canyon-suite,the-grand-canyon-suite,2026-04-25T09:52:23+00:00,2026-04-25T09:52:23+00:00,discovery
https://www.abc.net.au/triplejunearthed/artist/rippa-bushchooks,rippa-bushchooks,2026-04-25T09:52:23+00:00,2026-04-25T09:52:23+00:00,discovery
https://www.abc.net.au/triplejunearthed/artist/nextray,nextray,2026-04-25T09:52:24+00:00,2026-04-25T09:52:24+00:00,discovery
https://www.abc.net.au/triplejunearthed/artist/allygeorge,allygeorge,2026-04-25T09:52:24+00:00,2026-04-25T09:52:24+00:00,discovery
https://www.abc.net.au/triplejunearthed/artist/lil-thorpy,lil-thorpy,2026-04-25T09:52:24+00:00,2026-04-25T09:52:24+00:00,discovery
https://www.abc.net.au/triplejunearthed/artist/aiden-joyce,aiden-joyce,2026-04-25T09:52:24+00:00,2026-04-25T09:52:24+00:00,discovery
https://www.abc.net.au/triplejunearthed/artist/wayne-halfpenny,wayne-halfpenny,2026-04-25T09:52:37+00:00,2026-04-25T09:52:37+00:00,discovery
https://www.abc.net.au/triplejunearthed/artist/same-pains,same-pains,2026-04-25T09:52:37+00:00,2026-04-25T09:52:37+00:00,discovery
https://www.abc.net.au/triplejunearthed/artist/atlezza,atlezza,2026-04-25T09:52:37+00:00,2026-04-25T09:52:37+00:00,discovery
https://www.abc.net.au/triplejunearthed/artist/anna-dine,anna-dine,2026-04-25T09:52:37+00:00,2026-04-25T09:52:37+00:00,discovery
https://www.abc.net.au/triplejunearthed/artist/lovers-tiff,lovers-tiff,2026-04-25T09:52:37+00:00,2026-04-25T09:52:37+00:00,discovery
https://www.abc.net.au/triplejunearthed/artist/boysnlove,boysnlove,2026-04-25T09:52:37+00:00,2026-04-25T09:52:37+00:00,discovery
https://www.abc.net.au/triplejunearthed/artist/the-flaps,the-flaps,2026-04-25T09:52:37+00:00,2026-04-25T09:52:37+00:00,discovery
https://www.abc.net.au/triplejunearthed/artist/mothermaidenname,mothermaidenname,2026-04-25T09:52:38+00:00,2026-04-25T09:52:38+00:00,discovery
https://www.abc.net.au/triplejunearthed/artist/merle-blanc,merle-blanc,2026-04-25T09:52:38+00:00,2026-04-25T09:52:38+00:00,discovery
https://www.abc.net.au/triplejunearthed/artist/super-hotel,super-hotel,2026-04-25T09:52:38+00:00,2026-04-25T09:52:38+00:00,discovery
https://www.abc.net.au/triplejunearthed/artist/bianca-hosking,bianca-hosking,2026-04-25T09:52:38+00:00,2026-04-25T09:52:38+00:00,discovery
https://www.abc.net.au/triplejunearthed/artist/thomas-plunkett,thomas-plunkett,2026-04-25T09:52:51+00:00,2026-04-25T09:52:51+00:00,discovery
https://www.abc.net.au/triplejunearthed/artist/paeon,paeon,2026-04-25T09:52:51+00:00,2026-04-25T09:52:51+00:00,discovery
https://www.abc.net.au/triplejunearthed/artist/ethan-goodacre,ethan-goodacre,2026-04-25T09:52:51+00:00,2026-04-25T09:52:51+00:00,discovery
https://www.abc.net.au/triplejunearthed/artist/april-may-tease-u,april-may-tease-u,2026-04-25T09:52:51+00:00,2026-04-25T09:52:51+00:00,discovery
https://www.abc.net.au/triplejunearthed/artist/noah-3,noah-3,2026-04-25T09:52:51+00:00,2026-04-25T09:52:51+00:00,discovery
https://www.abc.net.au/triplejunearthed/artist/lorenzo-meli,lorenzo-meli,2026-04-25T09:52:52+00:00,2026-04-25T09:52:52+00:00,discovery
https://www.abc.net.au/triplejunearthed/artist/lasca-dry,lasca-dry,2026-04-25T09:52:52+00:00,2026-04-25T09:52:52+00:00,discovery
https://www.abc.net.au/triplejunearthed/artist/genie-loci,genie-loci,2026-04-25T09:52:52+00:00,2026-04-25T09:52:52+00:00,discovery
https://www.abc.net.au/triplejunearthed/artist/grizzlyshark,grizzlyshark,2026-04-25T09:52:52+00:00,2026-04-25T09:52:52+00:00,discovery
https://www.abc.net.au/triplejunearthed/artist/edit-empire,edit-empire,2026-04-25T09:52:52+00:00,2026-04-25T09:52:52+00:00,discovery
https://www.abc.net.au/triplejunearthed/artist/skycoil,skycoil,2026-04-25T09:53:04+00:00,2026-04-25T09:53:04+00:00,discovery
https://www.abc.net.au/triplejunearthed/artist/grace-turbo,grace-turbo,2026-04-25T09:53:04+00:00,2026-04-25T09:53:04+00:00,discovery
https://www.abc.net.au/triplejunearthed/artist/saiman-reddy,saiman-reddy,2026-04-25T09:53:04+00:00,2026-04-25T09:53:04+00:00,discovery
https://www.abc.net.au/triplejunearthed/artist/noonemidnight,noonemidnight,2026-04-25T09:53:04+00:00,2026-04-25T09:53:04+00:00,discovery
https://www.abc.net.au/triplejunearthed/artist/camille-anjali,camille-anjali,2026-04-25T09:53:04+00:00,2026-04-25T09:53:04+00:00,discovery
https://www.abc.net.au/triplejunearthed/artist/danmburke,danmburke,2026-04-25T09:53:04+00:00,2026-04-25T09:53:04+00:00,discovery
https://www.abc.net.au/triplejunearthed/artist/ourzebratroy,ourzebratroy,2026-04-25T09:53:04+00:00,2026-04-25T09:53:04+00:00,discovery
https://www.abc.net.au/triplejunearthed/artist/monochrome-mary,monochrome-mary,2026-04-25T09:53:04+00:00,2026-04-25T09:53:04+00:00,discovery
https://www.abc.net.au/triplejunearthed/artist/in-constance,in-constance,2026-04-25T09:53:04+00:00,2026-04-25T09:53:04+00:00,discovery
https://www.abc.net.au/triplejunearthed/artist/ngatoko,ngatoko,2026-04-25T09:53:04+00:00,2026-04-25T09:53:04+00:00,discovery
https://www.abc.net.au/triplejunearthed/artist/houseofsoma,houseofsoma,2026-04-25T09:53:04+00:00,2026-04-25T09:53:04+00:00,discovery
https://www.abc.net.au/triplejunearthed/artist/grapee,grapee,2026-04-25T09:53:17+00:00,2026-04-25T09:53:17+00:00,discovery
https://www.abc.net.au/triplejunearthed/artist/theofficialtallie,theofficialtallie,2026-04-25T09:53:17+00:00,2026-04-25T09:53:17+00:00,discovery
https://www.abc.net.au/triplejunearthed/artist/louroa,louroa,2026-04-25T09:53:17+00:00,2026-04-25T09:53:17+00:00,discovery
https://www.abc.net.au/triplejunearthed/artist/heart-string,heart-string,2026-04-25T09:53:17+00:00,2026-04-25T09:53:17+00:00,discovery
https://www.abc.net.au/triplejunearthed/artist/basement-spaceman,basement-spaceman,2026-04-25T09:53:17+00:00,2026-04-25T09:53:17+00:00,discovery
https://www.abc.net.au/triplejunearthed/artist/magdalia,magdalia,2026-04-25T09:53:17+00:00,2026-04-25T09:53:17+00:00,discovery
https://www.abc.net.au/triplejunearthed/artist/kp-hydes,kp-hydes,2026-04-25T09:53:17+00:00,2026-04-25T09:53:17+00:00,discovery
https://www.abc.net.au/triplejunearthed/artist/rogue-morgen-misc,rogue-morgen-misc,2026-04-25T09:53:18+00:00,2026-04-25T09:53:18+00:00,discovery
https://www.abc.net.au/triplejunearthed/artist/jake-shepherd,jake-shepherd,2026-04-25T09:53:18+00:00,2026-04-25T09:53:18+00:00,discovery
https://www.abc.net.au/triplejunearthed/artist/jus,jus,2026-04-25T09:53:18+00:00,2026-04-25T09:53:18+00:00,discovery
https://www.abc.net.au/triplejunearthed/artist/arny,arny,2026-04-25T09:53:18+00:00,2026-04-25T09:53:18+00:00,discovery
https://www.abc.net.au/triplejunearthed/artist/hotnansinyoarea,hotnansinyoarea,2026-04-25T09:53:18+00:00,2026-04-25T09:53:18+00:00,discovery
https://www.abc.net.au/triplejunearthed/artist/zmix,zmix,2026-04-25T09:53:18+00:00,2026-04-25T09:53:18+00:00,discovery
https://www.abc.net.au/triplejunearthed/artist/monstrous,monstrous,2026-04-25T09:53:30+00:00,2026-04-25T09:53:30+00:00,discovery
https://www.abc.net.au/triplejunearthed/artist/finding-better-health,finding-better-health,2026-04-25T09:53:30+00:00,2026-04-25T09:53:30+00:00,discovery
https://www.abc.net.au/triplejunearthed/artist/yvonder,yvonder,2026-04-25T09:53:30+00:00,2026-04-25T09:53:30+00:00,discovery
https://www.abc.net.au/triplejunearthed/artist/tahnee-rose,tahnee-rose,2026-04-25T09:53:30+00:00,2026-04-25T09:53:30+00:00,discovery
https://www.abc.net.au/triplejunearthed/artist/ton-ton,ton-ton,2026-04-25T09:53:30+00:00,2026-04-25T09:53:30+00:00,discovery
https://www.abc.net.au/triplejunearthed/artist/haydnlawson,haydnlawson,2026-04-25T09:53:30+00:00,2026-04-25T09:53:30+00:00,discovery
https://www.abc.net.au/triplejunearthed/artist/suppsubb,suppsubb,2026-04-25T09:53:30+00:00,2026-04-25T09:53:30+00:00,discovery
https://www.abc.net.au/triplejunearthed/artist/bridget-allan,bridget-allan,2026-04-25T09:53:30+00:00,2026-04-25T09:53:30+00:00,discovery
https://www.abc.net.au/triplejunearthed/artist/fjordie,fjordie,2026-04-25T09:53:30+00:00,2026-04-25T09:53:30+00:00,discovery
https://www.abc.net.au/triplejunearthed/artist/peaceworld,peaceworld,2026-04-25T09:53:30+00:00,2026-04-25T09:53:30+00:00,discovery
https://www.abc.net.au/triplejunearthed/artist/livtodarello,livtodarello,2026-04-25T09:53:30+00:00,2026-04-25T09:53:30+00:00,discovery
https://www.abc.net.au/triplejunearthed/artist/trent-mooney-0,trent-mooney-0,2026-04-25T09:53:44+00:00,2026-04-25T09:53:44+00:00,discovery
https://www.abc.net.au/triplejunearthed/artist/alx-fos,alx-fos,2026-04-25T09:53:44+00:00,2026-04-25T09:53:44+00:00,discovery
https://www.abc.net.au/triplejunearthed/artist/baby-hick,baby-hick,2026-04-25T09:53:44+00:00,2026-04-25T09:53:44+00:00,discovery
https://www.abc.net.au/triplejunearthed/artist/banded-blue,banded-blue,2026-04-25T09:53:44+00:00,2026-04-25T09:53:44+00:00,discovery
https://www.abc.net.au/triplejunearthed/artist/daktari9,daktari9,2026-04-25T09:53:44+00:00,2026-04-25T09:53:44+00:00,discovery
https://www.abc.net.au/triplejunearthed/artist/l1nd0,l1nd0,2026-04-25T09:53:44+00:00,2026-04-25T09:53:44+00:00,discovery
https://www.abc.net.au/triplejunearthed/artist/arnimacmusic,arnimacmusic,2026-04-25T09:53:44+00:00,2026-04-25T09:53:44+00:00,discovery
https://www.abc.net.au/triplejunearthed/artist/yazandtheuniverse,yazandtheuniverse,2026-04-25T09:53:44+00:00,2026-04-25T09:53:44+00:00,discovery
https://www.abc.net.au/triplejunearthed/artist/loopsnake,loopsnake,2026-04-25T09:53:44+00:00,2026-04-25T09:53:44+00:00,discovery
https://www.abc.net.au/triplejunearthed/artist/wattmore,wattmore,2026-04-25T09:53:44+00:00,2026-04-25T09:53:44+00:00,discovery
https://www.abc.net.au/triplejunearthed/artist/voldy,voldy,2026-04-25T09:53:58+00:00,2026-04-25T09:53:58+00:00,discovery
https://www.abc.net.au/triplejunearthed/artist/plasma-baby,plasma-baby,2026-04-25T09:53:58+00:00,2026-04-25T09:53:58+00:00,discovery
https://www.abc.net.au/triplejunearthed/artist/miryko,miryko,2026-04-25T09:53:58+00:00,2026-04-25T09:53:58+00:00,discovery
https://www.abc.net.au/triplejunearthed/artist/keevs,keevs,2026-04-25T09:53:58+00:00,2026-04-25T09:53:58+00:00,discovery
https://www.abc.net.au/triplejunearthed/artist/internet-romance,internet-romance,2026-04-25T09:53:58+00:00,2026-04-25T09:53:58+00:00,discovery
https://www.abc.net.au/triplejunearthed/artist/priyanka-luxx,priyanka-luxx,2026-04-25T09:53:58+00:00,2026-04-25T09:53:58+00:00,discovery
https://www.abc.net.au/triplejunearthed/artist/lyrah-gray,lyrah-gray,2026-04-25T09:53:58+00:00,2026-04-25T09:53:58+00:00,discovery
https://www.abc.net.au/triplejunearthed/artist/anita-monk,anita-monk,2026-04-25T09:53:58+00:00,2026-04-25T09:53:58+00:00,discovery
https://www.abc.net.au/triplejunearthed/artist/shannonsmithmusic,shannonsmithmusic,2026-04-25T09:53:58+00:00,2026-04-25T09:53:58+00:00,discovery
https://www.abc.net.au/triplejunearthed/artist/captain-met,captain-met,2026-04-25T09:53:58+00:00,2026-04-25T09:53:58+00:00,discovery
https://www.abc.net.au/triplejunearthed/artist/abigail-grace,abigail-grace,2026-04-25T09:53:58+00:00,2026-04-25T09:53:58+00:00,discovery
https://www.abc.net.au/triplejunearthed/artist/aliya,aliya,2026-04-25T09:53:58+00:00,2026-04-25T09:53:58+00:00,discovery
https://www.abc.net.au/triplejunearthed/artist/jadyn,jadyn,2026-04-25T09:54:11+00:00,2026-04-25T09:54:11+00:00,discovery
https://www.abc.net.au/triplejunearthed/artist/anna-porto,anna-porto,2026-04-25T09:54:11+00:00,2026-04-25T09:54:11+00:00,discovery
https://www.abc.net.au/triplejunearthed/artist/ike-nuske,ike-nuske,2026-04-25T09:54:11+00:00,2026-04-25T09:54:11+00:00,discovery
https://www.abc.net.au/triplejunearthed/artist/uone,uone,2026-04-25T09:54:12+00:00,2026-04-25T09:54:12+00:00,discovery
https://www.abc.net.au/triplejunearthed/artist/possible-prince-x,possible-prince-x,2026-04-25T09:54:12+00:00,2026-04-25T09:54:12+00:00,discovery
https://www.abc.net.au/triplejunearthed/artist/eirron,eirron,2026-04-25T09:54:12+00:00,2026-04-25T09:54:12+00:00,discovery
https://www.abc.net.au/triplejunearthed/artist/evamusicaus,evamusicaus,2026-04-25T09:54:12+00:00,2026-04-25T09:54:12+00:00,discovery
https://www.abc.net.au/triplejunearthed/artist/crestfallenaus,crestfallenaus,2026-04-25T09:54:12+00:00,2026-04-25T09:54:12+00:00,discovery
https://www.abc.net.au/triplejunearthed/artist/mymegafauna,mymegafauna,2026-04-25T09:54:12+00:00,2026-04-25T09:54:12+00:00,discovery
https://www.abc.net.au/triplejunearthed/artist/beddy,beddy,2026-04-25T09:54:12+00:00,2026-04-25T09:54:12+00:00,discovery
https://www.abc.net.au/triplejunearthed/artist/fiveeightzz,fiveeightzz,2026-04-25T09:54:12+00:00,2026-04-25T09:54:12+00:00,discovery
https://www.abc.net.au/triplejunearthed/artist/manik-mistress,manik-mistress,2026-04-25T09:54:12+00:00,2026-04-25T09:54:12+00:00,discovery
https://www.abc.net.au/triplejunearthed/artist/dive-guide,dive-guide,2026-04-25T09:54:12+00:00,2026-04-25T09:54:12+00:00,discovery
https://www.abc.net.au/triplejunearthed/artist/penteract,penteract,2026-04-25T09:54:26+00:00,2026-04-25T09:54:26+00:00,discovery
https://www.abc.net.au/triplejunearthed/artist/leecerti,leecerti,2026-04-25T09:54:26+00:00,2026-04-25T09:54:26+00:00,discovery
https://www.abc.net.au/triplejunearthed/artist/sypka,sypka,2026-04-25T09:54:26+00:00,2026-04-25T09:54:26+00:00,discovery
https://www.abc.net.au/triplejunearthed/artist/daniel-serpa,daniel-serpa,2026-04-25T09:54:26+00:00,2026-04-25T09:54:26+00:00,discovery
https://www.abc.net.au/triplejunearthed/artist/janedecks,janedecks,2026-04-25T09:54:26+00:00,2026-04-25T09:54:26+00:00,discovery
https://www.abc.net.au/triplejunearthed/artist/benny-elder,benny-elder,2026-04-25T09:54:26+00:00,2026-04-25T09:54:26+00:00,discovery
https://www.abc.net.au/triplejunearthed/artist/paris-irwin,paris-irwin,2026-04-25T09:54:26+00:00,2026-04-25T09:54:26+00:00,discovery
https://www.abc.net.au/triplejunearthed/artist/georgia-blue,georgia-blue,2026-04-25T09:54:26+00:00,2026-04-25T09:54:26+00:00,discovery
https://www.abc.net.au/triplejunearthed/artist/sam-oconnell,sam-oconnell,2026-04-25T09:54:26+00:00,2026-04-25T09:54:26+00:00,discovery
https://www.abc.net.au/triplejunearthed/artist/the-current-drifts,the-current-drifts,2026-04-25T09:54:39+00:00,2026-04-25T09:54:39+00:00,discovery
https://www.abc.net.au/triplejunearthed/artist/sylvigunn,sylvigunn,2026-04-25T09:54:39+00:00,2026-04-25T09:54:39+00:00,discovery
https://www.abc.net.au/triplejunearthed/artist/ugly-mug,ugly-mug,2026-04-25T09:54:39+00:00,2026-04-25T09:54:39+00:00,discovery
https://www.abc.net.au/triplejunearthed/artist/ke-yen11,ke-yen11,2026-04-25T09:54:39+00:00,2026-04-25T09:54:39+00:00,discovery
https://www.abc.net.au/triplejunearthed/artist/chowey,chowey,2026-04-25T09:54:39+00:00,2026-04-25T09:54:39+00:00,discovery
https://www.abc.net.au/triplejunearthed/artist/simp1e,simp1e,2026-04-25T09:54:39+00:00,2026-04-25T09:54:39+00:00,discovery
https://www.abc.net.au/triplejunearthed/artist/lightyears,lightyears,2026-04-25T09:54:39+00:00,2026-04-25T09:54:39+00:00,discovery
https://www.abc.net.au/triplejunearthed/artist/public-figures,public-figures,2026-04-25T09:54:39+00:00,2026-04-25T09:54:39+00:00,discovery
https://www.abc.net.au/triplejunearthed/artist/the-drop-beers,the-drop-beers,2026-04-25T09:54:39+00:00,2026-04-25T09:54:39+00:00,discovery
https://www.abc.net.au/triplejunearthed/artist/kmp,kmp,2026-04-25T09:54:39+00:00,2026-04-25T09:54:39+00:00,discovery
https://www.abc.net.au/triplejunearthed/artist/harley-bye,harley-bye,2026-04-25T09:54:53+00:00,2026-04-25T09:54:53+00:00,discovery
https://www.abc.net.au/triplejunearthed/artist/rentier,rentier,2026-04-25T09:54:53+00:00,2026-04-25T09:54:53+00:00,discovery
https://www.abc.net.au/triplejunearthed/artist/dearseattle,dearseattle,2026-04-25T09:54:53+00:00,2026-04-25T09:54:53+00:00,discovery
https://www.abc.net.au/triplejunearthed/artist/noah-henry,noah-henry,2026-04-25T09:54:53+00:00,2026-04-25T09:54:53+00:00,discovery
https://www.abc.net.au/triplejunearthed/artist/adjoa,adjoa,2026-04-25T09:54:53+00:00,2026-04-25T09:54:53+00:00,discovery
https://www.abc.net.au/triplejunearthed/artist/8shard,8shard,2026-04-25T09:54:53+00:00,2026-04-25T09:54:53+00:00,discovery
https://www.abc.net.au/triplejunearthed/artist/johnny-gee,johnny-gee,2026-04-25T09:54:53+00:00,2026-04-25T09:54:53+00:00,discovery
https://www.abc.net.au/triplejunearthed/artist/edgecliff,edgecliff,2026-04-25T09:54:53+00:00,2026-04-25T09:54:53+00:00,discovery
https://www.abc.net.au/triplejunearthed/artist/alterpathhits,alterpathhits,2026-04-25T09:54:54+00:00,2026-04-25T09:54:54+00:00,discovery
https://www.abc.net.au/triplejunearthed/artist/phatcontrolla,phatcontrolla,2026-04-25T09:54:54+00:00,2026-04-25T09:54:54+00:00,discovery
https://www.abc.net.au/triplejunearthed/artist/kuda-0,kuda-0,2026-04-25T09:55:07+00:00,2026-04-25T09:55:07+00:00,discovery
https://www.abc.net.au/triplejunearthed/artist/profannitymusic,profannitymusic,2026-04-25T09:55:07+00:00,2026-04-25T09:55:07+00:00,discovery
https://www.abc.net.au/triplejunearthed/artist/cameron-john,cameron-john,2026-04-25T09:55:07+00:00,2026-04-25T09:55:07+00:00,discovery
https://www.abc.net.au/triplejunearthed/artist/scenic-railway,scenic-railway,2026-04-25T09:55:07+00:00,2026-04-25T09:55:07+00:00,discovery
https://www.abc.net.au/triplejunearthed/artist/pao,pao,2026-04-25T09:55:08+00:00,2026-04-25T09:55:08+00:00,discovery
https://www.abc.net.au/triplejunearthed/artist/riff-raiders,riff-raiders,2026-04-25T09:55:08+00:00,2026-04-25T09:55:08+00:00,discovery
https://www.abc.net.au/triplejunearthed/artist/trophywyfe,trophywyfe,2026-04-25T09:55:08+00:00,2026-04-25T09:55:08+00:00,discovery
https://www.abc.net.au/triplejunearthed/artist/konfess,konfess,2026-04-25T09:55:21+00:00,2026-04-25T09:55:21+00:00,discovery
https://www.abc.net.au/triplejunearthed/artist/mrdahbom,mrdahbom,2026-04-25T09:55:21+00:00,2026-04-25T09:55:21+00:00,discovery
https://www.abc.net.au/triplejunearthed/artist/antixx101,antixx101,2026-04-25T09:55:22+00:00,2026-04-25T09:55:22+00:00,discovery
https://www.abc.net.au/triplejunearthed/artist/dehumanizer,dehumanizer,2026-04-25T09:55:22+00:00,2026-04-25T09:55:22+00:00,discovery
https://www.abc.net.au/triplejunearthed/artist/billymay,billymay,2026-04-25T09:55:22+00:00,2026-04-25T09:55:22+00:00,discovery
https://www.abc.net.au/triplejunearthed/artist/naeco1,naeco1,2026-04-25T09:55:22+00:00,2026-04-25T09:55:22+00:00,discovery
https://www.abc.net.au/triplejunearthed/artist/bugzofficial,bugzofficial,2026-04-25T09:55:22+00:00,2026-04-25T09:55:22+00:00,discovery
https://www.abc.net.au/triplejunearthed/artist/pennsylvaniaavenue,pennsylvaniaavenue,2026-04-25T09:55:22+00:00,2026-04-25T09:55:22+00:00,discovery
https://www.abc.net.au/triplejunearthed/artist/le-shiv,le-shiv,2026-04-25T09:55:22+00:00,2026-04-25T09:55:22+00:00,discovery
https://www.abc.net.au/triplejunearthed/artist/selke,selke,2026-04-25T09:55:22+00:00,2026-04-25T09:55:22+00:00,discovery
https://www.abc.net.au/triplejunearthed/artist/35hertz,35hertz,2026-04-25T09:55:22+00:00,2026-04-25T09:55:22+00:00,discovery
https://www.abc.net.au/triplejunearthed/artist/justfez,justfez,2026-04-25T09:55:22+00:00,2026-04-25T09:55:22+00:00,discovery
https://www.abc.net.au/triplejunearthed/artist/lmnt,lmnt,2026-04-25T09:55:35+00:00,2026-04-25T09:55:35+00:00,discovery
https://www.abc.net.au/triplejunearthed/artist/sakura-official,sakura-official,2026-04-25T09:55:35+00:00,2026-04-25T09:55:35+00:00,discovery
https://www.abc.net.au/triplejunearthed/artist/sundayroast,sundayroast,2026-04-25T09:55:35+00:00,2026-04-25T09:55:35+00:00,discovery
https://www.abc.net.au/triplejunearthed/artist/high-spaces,high-spaces,2026-04-25T09:55:35+00:00,2026-04-25T09:55:35+00:00,discovery
https://www.abc.net.au/triplejunearthed/artist/off-chops,off-chops,2026-04-25T09:55:35+00:00,2026-04-25T09:55:35+00:00,discovery
https://www.abc.net.au/triplejunearthed/artist/mz-morpho,mz-morpho,2026-04-25T09:55:35+00:00,2026-04-25T09:55:35+00:00,discovery
https://www.abc.net.au/triplejunearthed/artist/malibu-spacey,malibu-spacey,2026-04-25T09:55:35+00:00,2026-04-25T09:55:35+00:00,discovery
https://www.abc.net.au/triplejunearthed/artist/so1qce,so1qce,2026-04-25T09:55:35+00:00,2026-04-25T09:55:35+00:00,discovery
https://www.abc.net.au/triplejunearthed/artist/dck4cvr,dck4cvr,2026-04-25T09:55:48+00:00,2026-04-25T09:55:48+00:00,discovery
https://www.abc.net.au/triplejunearthed/artist/leianna,leianna,2026-04-25T09:55:48+00:00,2026-04-25T09:55:48+00:00,discovery
https://www.abc.net.au/triplejunearthed/artist/akala-newman,akala-newman,2026-04-25T09:55:48+00:00,2026-04-25T09:55:48+00:00,discovery
https://www.abc.net.au/triplejunearthed/artist/moths-au,moths-au,2026-04-25T09:55:48+00:00,2026-04-25T09:55:48+00:00,discovery
https://www.abc.net.au/triplejunearthed/artist/paul-mccann,paul-mccann,2026-04-25T09:55:48+00:00,2026-04-25T09:55:48+00:00,discovery
https://www.abc.net.au/triplejunearthed/artist/nth-rd,nth-rd,2026-04-25T09:55:48+00:00,2026-04-25T09:55:48+00:00,discovery
https://www.abc.net.au/triplejunearthed/artist/abby-barnes,abby-barnes,2026-04-25T09:55:48+00:00,2026-04-25T09:55:48+00:00,discovery
https://www.abc.net.au/triplejunearthed/artist/olin,olin,2026-04-25T09:56:03+00:00,2026-04-25T09:56:03+00:00,discovery
https://www.abc.net.au/triplejunearthed/artist/peuree,peuree,2026-04-25T09:56:03+00:00,2026-04-25T09:56:03+00:00,discovery
https://www.abc.net.au/triplejunearthed/artist/emma-salisbury,emma-salisbury,2026-04-25T09:56:03+00:00,2026-04-25T09:56:03+00:00,discovery
https://www.abc.net.au/triplejunearthed/artist/jamo,jamo,2026-04-25T09:56:03+00:00,2026-04-25T09:56:03+00:00,discovery
https://www.abc.net.au/triplejunearthed/artist/mood4lyf,mood4lyf,2026-04-25T09:56:03+00:00,2026-04-25T09:56:03+00:00,discovery
https://www.abc.net.au/triplejunearthed/artist/viva--wilton,viva--wilton,2026-04-25T09:56:03+00:00,2026-04-25T09:56:03+00:00,discovery
https://www.abc.net.au/triplejunearthed/artist/jimmy-rings,jimmy-rings,2026-04-25T09:56:03+00:00,2026-04-25T09:56:03+00:00,discovery
https://www.abc.net.au/triplejunearthed/artist/raag,raag,2026-04-25T09:56:03+00:00,2026-04-25T09:56:03+00:00,discovery
https://www.abc.net.au/triplejunearthed/artist/russian-novel,russian-novel,2026-04-25T09:56:03+00:00,2026-04-25T09:56:03+00:00,discovery
https://www.abc.net.au/triplejunearthed/artist/honey-blue,honey-blue,2026-04-25T09:56:03+00:00,2026-04-25T09:56:03+00:00,discovery
https://www.abc.net.au/triplejunearthed/artist/yourstruly,yourstruly,2026-04-25T09:56:03+00:00,2026-04-25T09:56:03+00:00,discovery
https://www.abc.net.au/triplejunearthed/artist/liv-brown,liv-brown,2026-04-25T09:56:03+00:00,2026-04-25T09:56:03+00:00,discovery
https://www.abc.net.au/triplejunearthed/artist/gemma-hollingsworth,gemma-hollingsworth,2026-04-25T09:56:03+00:00,2026-04-25T09:56:03+00:00,discovery
https://www.abc.net.au/triplejunearthed/artist/mangy-mutt,mangy-mutt,2026-04-25T09:56:20+00:00,2026-04-25T09:56:20+00:00,discovery
https://www.abc.net.au/triplejunearthed/artist/wolf-whistle-wounds,wolf-whistle-wounds,2026-04-25T09:56:20+00:00,2026-04-25T09:56:20+00:00,discovery
https://www.abc.net.au/triplejunearthed/artist/bradley-mizzi,bradley-mizzi,2026-04-25T09:56:20+00:00,2026-04-25T09:56:20+00:00,discovery
https://www.abc.net.au/triplejunearthed/artist/keaton-king,keaton-king,2026-04-25T09:56:20+00:00,2026-04-25T09:56:20+00:00,discovery
https://www.abc.net.au/triplejunearthed/artist/alex-blyth,alex-blyth,2026-04-25T09:56:20+00:00,2026-04-25T09:56:20+00:00,discovery
https://www.abc.net.au/triplejunearthed/artist/nko,nko,2026-04-25T09:56:20+00:00,2026-04-25T09:56:20+00:00,discovery
https://www.abc.net.au/triplejunearthed/artist/mads-mitchell,mads-mitchell,2026-04-25T09:56:20+00:00,2026-04-25T09:56:20+00:00,discovery
https://www.abc.net.au/triplejunearthed/artist/ketsia,ketsia,2026-04-25T09:56:20+00:00,2026-04-25T09:56:20+00:00,discovery
https://www.abc.net.au/triplejunearthed/artist/doug-zed,doug-zed,2026-04-25T09:56:20+00:00,2026-04-25T09:56:20+00:00,discovery
https://www.abc.net.au/triplejunearthed/artist/the-bronko,the-bronko,2026-04-25T09:56:20+00:00,2026-04-25T09:56:20+00:00,discovery
https://www.abc.net.au/triplejunearthed/artist/scar-petal,scar-petal,2026-04-25T09:56:20+00:00,2026-04-25T09:56:20+00:00,discovery
https://www.abc.net.au/triplejunearthed/artist/jacob-ryan,jacob-ryan,2026-04-25T09:56:34+00:00,2026-04-25T09:56:34+00:00,discovery
https://www.abc.net.au/triplejunearthed/artist/fyzz,fyzz,2026-04-25T09:56:34+00:00,2026-04-25T09:56:34+00:00,discovery
https://www.abc.net.au/triplejunearthed/artist/wescoeur,wescoeur,2026-04-25T09:56:34+00:00,2026-04-25T09:56:34+00:00,discovery
https://www.abc.net.au/triplejunearthed/artist/seekermusic,seekermusic,2026-04-25T09:56:34+00:00,2026-04-25T09:56:34+00:00,discovery
https://www.abc.net.au/triplejunearthed/artist/driftbandau,driftbandau,2026-04-25T09:56:34+00:00,2026-04-25T09:56:34+00:00,discovery
https://www.abc.net.au/triplejunearthed/artist/david-hearne9999,david-hearne9999,2026-04-25T09:56:34+00:00,2026-04-25T09:56:34+00:00,discovery
https://www.abc.net.au/triplejunearthed/artist/olivia-coggan,olivia-coggan,2026-04-25T09:56:34+00:00,2026-04-25T09:56:34+00:00,discovery
https://www.abc.net.au/triplejunearthed/artist/salon-de-musica,salon-de-musica,2026-04-25T09:56:35+00:00,2026-04-25T09:56:35+00:00,discovery
https://www.abc.net.au/triplejunearthed/artist/mkdubby,mkdubby,2026-04-25T09:56:35+00:00,2026-04-25T09:56:35+00:00,discovery
https://www.abc.net.au/triplejunearthed/artist/koady,koady,2026-04-25T09:56:35+00:00,2026-04-25T09:56:35+00:00,discovery
https://www.abc.net.au/triplejunearthed/artist/in-lucid-dreams,in-lucid-dreams,2026-04-25T09:56:35+00:00,2026-04-25T09:56:35+00:00,discovery
https://www.abc.net.au/triplejunearthed/artist/joey-juste,joey-juste,2026-04-25T09:56:35+00:00,2026-04-25T09:56:35+00:00,discovery
https://www.abc.net.au/triplejunearthed/artist/stand-x-deliver,stand-x-deliver,2026-04-25T09:56:35+00:00,2026-04-25T09:56:35+00:00,discovery
https://www.abc.net.au/triplejunearthed/artist/soulsleep,soulsleep,2026-04-25T09:56:47+00:00,2026-04-25T09:56:47+00:00,discovery
https://www.abc.net.au/triplejunearthed/artist/hannah-kate-0,hannah-kate-0,2026-04-25T09:56:47+00:00,2026-04-25T09:56:47+00:00,discovery
https://www.abc.net.au/triplejunearthed/artist/hidrspaceman,hidrspaceman,2026-04-25T09:56:47+00:00,2026-04-25T09:56:47+00:00,discovery
https://www.abc.net.au/triplejunearthed/artist/manduway,manduway,2026-04-25T09:56:47+00:00,2026-04-25T09:56:47+00:00,discovery
https://www.abc.net.au/triplejunearthed/artist/john-maddy,john-maddy,2026-04-25T09:56:47+00:00,2026-04-25T09:56:47+00:00,discovery
https://www.abc.net.au/triplejunearthed/artist/gypsyj,gypsyj,2026-04-25T09:56:47+00:00,2026-04-25T09:56:47+00:00,discovery
https://www.abc.net.au/triplejunearthed/artist/silver-june,silver-june,2026-04-25T09:56:47+00:00,2026-04-25T09:56:47+00:00,discovery
https://www.abc.net.au/triplejunearthed/artist/anthony-lucas,anthony-lucas,2026-04-25T09:56:47+00:00,2026-04-25T09:56:47+00:00,discovery
https://www.abc.net.au/triplejunearthed/artist/62-dead-balloons,62-dead-balloons,2026-04-25T09:56:47+00:00,2026-04-25T09:56:47+00:00,discovery
https://www.abc.net.au/triplejunearthed/artist/foolnelson,foolnelson,2026-04-25T09:56:47+00:00,2026-04-25T09:56:47+00:00,discovery
https://www.abc.net.au/triplejunearthed/artist/chuck-sics,chuck-sics,2026-04-25T09:56:47+00:00,2026-04-25T09:56:47+00:00,discovery
https://www.abc.net.au/triplejunearthed/artist/eskatology86,eskatology86,2026-04-25T09:57:02+00:00,2026-04-25T09:57:02+00:00,discovery
https://www.abc.net.au/triplejunearthed/artist/creeping-jenny,creeping-jenny,2026-04-25T09:57:02+00:00,2026-04-25T09:57:02+00:00,discovery
https://www.abc.net.au/triplejunearthed/artist/hannah-donnelly,hannah-donnelly,2026-04-25T09:57:02+00:00,2026-04-25T09:57:02+00:00,discovery
https://www.abc.net.au/triplejunearthed/artist/andie,andie,2026-04-25T09:57:02+00:00,2026-04-25T09:57:02+00:00,discovery
https://www.abc.net.au/triplejunearthed/artist/daniel-sitch,daniel-sitch,2026-04-25T09:57:02+00:00,2026-04-25T09:57:02+00:00,discovery
https://www.abc.net.au/triplejunearthed/artist/glenn-kearney-iii,glenn-kearney-iii,2026-04-25T09:57:02+00:00,2026-04-25T09:57:02+00:00,discovery
https://www.abc.net.au/triplejunearthed/artist/glenn-kearney-i,glenn-kearney-i,2026-04-25T09:57:02+00:00,2026-04-25T09:57:02+00:00,discovery
https://www.abc.net.au/triplejunearthed/artist/glenn-kearney-ii,glenn-kearney-ii,2026-04-25T09:57:02+00:00,2026-04-25T09:57:02+00:00,discovery
https://www.abc.net.au/triplejunearthed/artist/kyden,kyden,2026-04-25T09:57:16+00:00,2026-04-25T09:57:16+00:00,discovery
https://www.abc.net.au/triplejunearthed/artist/brodythompson,brodythompson,2026-04-25T09:57:16+00:00,2026-04-25T09:57:16+00:00,discovery
https://www.abc.net.au/triplejunearthed/artist/wesley-murray,wesley-murray,2026-04-25T09:57:16+00:00,2026-04-25T09:57:16+00:00,discovery
https://www.abc.net.au/triplejunearthed/artist/kerey,kerey,2026-04-25T09:57:16+00:00,2026-04-25T09:57:16+00:00,discovery
https://www.abc.net.au/triplejunearthed/artist/lotusgirl3000,lotusgirl3000,2026-04-25T09:57:16+00:00,2026-04-25T09:57:16+00:00,discovery
https://www.abc.net.au/triplejunearthed/artist/elya,elya,2026-04-25T09:57:16+00:00,2026-04-25T09:57:16+00:00,discovery
https://www.abc.net.au/triplejunearthed/artist/soft-star,soft-star,2026-04-25T09:57:16+00:00,2026-04-25T09:57:16+00:00,discovery
https://www.abc.net.au/triplejunearthed/artist/pan-thun,pan-thun,2026-04-25T09:57:16+00:00,2026-04-25T09:57:16+00:00,discovery
https://www.abc.net.au/triplejunearthed/artist/dirty-gwen,dirty-gwen,2026-04-25T09:57:30+00:00,2026-04-25T09:57:30+00:00,discovery
https://www.abc.net.au/triplejunearthed/artist/sorrowstate,sorrowstate,2026-04-25T09:57:30+00:00,2026-04-25T09:57:30+00:00,discovery
https://www.abc.net.au/triplejunearthed/artist/chestr,chestr,2026-04-25T09:57:30+00:00,2026-04-25T09:57:30+00:00,discovery
https://www.abc.net.au/triplejunearthed/artist/albii,albii,2026-04-25T09:57:30+00:00,2026-04-25T09:57:30+00:00,discovery
https://www.abc.net.au/triplejunearthed/artist/hillkash,hillkash,2026-04-25T09:57:30+00:00,2026-04-25T09:57:30+00:00,discovery
https://www.abc.net.au/triplejunearthed/artist/reags,reags,2026-04-25T09:57:30+00:00,2026-04-25T09:57:30+00:00,discovery
https://www.abc.net.au/triplejunearthed/artist/hannah-hale,hannah-hale,2026-04-25T09:57:30+00:00,2026-04-25T09:57:30+00:00,discovery
https://www.abc.net.au/triplejunearthed/artist/alex-macpherson,alex-macpherson,2026-04-25T09:57:31+00:00,2026-04-25T09:57:31+00:00,discovery
https://www.abc.net.au/triplejunearthed/artist/bulldogbulldog,bulldogbulldog,2026-04-25T09:57:31+00:00,2026-04-25T09:57:31+00:00,discovery
https://www.abc.net.au/triplejunearthed/artist/charlotte-le-lievre,charlotte-le-lievre,2026-04-25T09:57:31+00:00,2026-04-25T09:57:31+00:00,discovery
https://www.abc.net.au/triplejunearthed/artist/empress5,empress5,2026-04-25T09:57:31+00:00,2026-04-25T09:57:31+00:00,discovery
https://www.abc.net.au/triplejunearthed/artist/mollies-hug,mollies-hug,2026-04-25T09:57:31+00:00,2026-04-25T09:57:31+00:00,discovery
https://www.abc.net.au/triplejunearthed/artist/born-bruised,born-bruised,2026-04-25T09:57:31+00:00,2026-04-25T09:57:31+00:00,discovery
https://www.abc.net.au/triplejunearthed/artist/julai,julai,2026-04-25T09:57:31+00:00,2026-04-25T09:57:31+00:00,discovery
https://www.abc.net.au/triplejunearthed/artist/the-droptails,the-droptails,2026-04-25T09:57:31+00:00,2026-04-25T09:57:31+00:00,discovery
https://www.abc.net.au/triplejunearthed/artist/sturt-avenue,sturt-avenue,2026-04-25T09:57:45+00:00,2026-04-25T09:57:45+00:00,discovery
https://www.abc.net.au/triplejunearthed/artist/taylahrose,taylahrose,2026-04-25T09:57:45+00:00,2026-04-25T09:57:45+00:00,discovery
https://www.abc.net.au/triplejunearthed/artist/will-edgar,will-edgar,2026-04-25T09:57:45+00:00,2026-04-25T09:57:45+00:00,discovery
https://www.abc.net.au/triplejunearthed/artist/sol-eline,sol-eline,2026-04-25T09:57:45+00:00,2026-04-25T09:57:45+00:00,discovery
https://www.abc.net.au/triplejunearthed/artist/soveren,soveren,2026-04-25T09:57:45+00:00,2026-04-25T09:57:45+00:00,discovery
https://www.abc.net.au/triplejunearthed/artist/jackbotts,jackbotts,2026-04-25T09:57:45+00:00,2026-04-25T09:57:45+00:00,discovery
https://www.abc.net.au/triplejunearthed/artist/royal-ratbags,royal-ratbags,2026-04-25T09:57:45+00:00,2026-04-25T09:57:45+00:00,discovery
https://www.abc.net.au/triplejunearthed/artist/dyan-tai,dyan-tai,2026-04-25T09:57:45+00:00,2026-04-25T09:57:45+00:00,discovery
https://www.abc.net.au/triplejunearthed/artist/bino-blip,bino-blip,2026-04-25T09:57:46+00:00,2026-04-25T09:57:46+00:00,discovery
https://www.abc.net.au/triplejunearthed/artist/the-cheaks,the-cheaks,2026-04-25T09:58:02+00:00,2026-04-25T09:58:02+00:00,discovery
https://www.abc.net.au/triplejunearthed/artist/olivia-james,olivia-james,2026-04-25T09:58:02+00:00,2026-04-25T09:58:02+00:00,discovery
https://www.abc.net.au/triplejunearthed/artist/sickvisor,sickvisor,2026-04-25T09:58:02+00:00,2026-04-25T09:58:02+00:00,discovery
https://www.abc.net.au/triplejunearthed/artist/matt-buckis,matt-buckis,2026-04-25T09:58:02+00:00,2026-04-25T09:58:02+00:00,discovery
https://www.abc.net.au/triplejunearthed/artist/kate-moth,kate-moth,2026-04-25T09:58:02+00:00,2026-04-25T09:58:02+00:00,discovery
https://www.abc.net.au/triplejunearthed/artist/harry-foxton,harry-foxton,2026-04-25T09:58:02+00:00,2026-04-25T09:58:02+00:00,discovery
https://www.abc.net.au/triplejunearthed/artist/musette,musette,2026-04-25T09:58:03+00:00,2026-04-25T09:58:03+00:00,discovery
https://www.abc.net.au/triplejunearthed/artist/danny-wx,danny-wx,2026-04-25T09:58:03+00:00,2026-04-25T09:58:03+00:00,discovery
https://www.abc.net.au/triplejunearthed/artist/kermonds,kermonds,2026-04-25T09:58:03+00:00,2026-04-25T09:58:03+00:00,discovery
https://www.abc.net.au/triplejunearthed/artist/the-corners,the-corners,2026-04-25T09:58:03+00:00,2026-04-25T09:58:03+00:00,discovery
https://www.abc.net.au/triplejunearthed/artist/ande-foster,ande-foster,2026-04-25T09:58:03+00:00,2026-04-25T09:58:03+00:00,discovery
https://www.abc.net.au/triplejunearthed/artist/laurenbull,laurenbull,2026-04-25T09:58:03+00:00,2026-04-25T09:58:03+00:00,discovery
https://www.abc.net.au/triplejunearthed/artist/hauler,hauler,2026-04-25T09:58:03+00:00,2026-04-25T09:58:03+00:00,discovery
https://www.abc.net.au/triplejunearthed/artist/isoeleh,isoeleh,2026-04-25T09:58:17+00:00,2026-04-25T09:58:17+00:00,discovery
https://www.abc.net.au/triplejunearthed/artist/dvrkworld,dvrkworld,2026-04-25T09:58:17+00:00,2026-04-25T09:58:17+00:00,discovery
https://www.abc.net.au/triplejunearthed/artist/mitchell-seager,mitchell-seager,2026-04-25T09:58:17+00:00,2026-04-25T09:58:17+00:00,discovery
https://www.abc.net.au/triplejunearthed/artist/chelle-tamika,chelle-tamika,2026-04-25T09:58:17+00:00,2026-04-25T09:58:17+00:00,discovery
https://www.abc.net.au/triplejunearthed/artist/la-famiglia-ftg,la-famiglia-ftg,2026-04-25T09:58:18+00:00,2026-04-25T09:58:18+00:00,discovery
https://www.abc.net.au/triplejunearthed/artist/allsweats,allsweats,2026-04-25T09:58:18+00:00,2026-04-25T09:58:18+00:00,discovery
https://www.abc.net.au/triplejunearthed/artist/finian,finian,2026-04-25T09:58:18+00:00,2026-04-25T09:58:18+00:00,discovery
https://www.abc.net.au/triplejunearthed/artist/wyleigh,wyleigh,2026-04-25T09:58:18+00:00,2026-04-25T09:58:18+00:00,discovery
https://www.abc.net.au/triplejunearthed/artist/this-new-light,this-new-light,2026-04-25T09:58:18+00:00,2026-04-25T09:58:18+00:00,discovery
https://www.abc.net.au/triplejunearthed/artist/ittybittygiddy,ittybittygiddy,2026-04-25T09:58:18+00:00,2026-04-25T09:58:18+00:00,discovery
https://www.abc.net.au/triplejunearthed/artist/kaelan-briffa,kaelan-briffa,2026-04-25T09:58:18+00:00,2026-04-25T09:58:18+00:00,discovery
https://www.abc.net.au/triplejunearthed/artist/hazytheband,hazytheband,2026-04-25T09:58:18+00:00,2026-04-25T09:58:18+00:00,discovery
https://www.abc.net.au/triplejunearthed/artist/yo-yo-sun,yo-yo-sun,2026-04-25T09:58:18+00:00,2026-04-25T09:58:18+00:00,discovery
https://www.abc.net.au/triplejunearthed/artist/isabella-baxter,isabella-baxter,2026-04-25T09:58:18+00:00,2026-04-25T09:58:18+00:00,discovery
https://www.abc.net.au/triplejunearthed/artist/rance-lazarus,rance-lazarus,2026-04-25T09:58:32+00:00,2026-04-25T09:58:32+00:00,discovery
https://www.abc.net.au/triplejunearthed/artist/bill-power,bill-power,2026-04-25T09:58:32+00:00,2026-04-25T09:58:32+00:00,discovery
https://www.abc.net.au/triplejunearthed/artist/sunset-tsunami,sunset-tsunami,2026-04-25T09:58:32+00:00,2026-04-25T09:58:32+00:00,discovery
https://www.abc.net.au/triplejunearthed/artist/zephyrtheband,zephyrtheband,2026-04-25T09:58:32+00:00,2026-04-25T09:58:32+00:00,discovery
https://www.abc.net.au/triplejunearthed/artist/juiceboxx,juiceboxx,2026-04-25T09:58:32+00:00,2026-04-25T09:58:32+00:00,discovery
https://www.abc.net.au/triplejunearthed/artist/mp14,mp14,2026-04-25T09:58:32+00:00,2026-04-25T09:58:32+00:00,discovery
https://www.abc.net.au/triplejunearthed/artist/26-street,26-street,2026-04-25T09:58:32+00:00,2026-04-25T09:58:32+00:00,discovery
https://www.abc.net.au/triplejunearthed/artist/vivienne-thomas,vivienne-thomas,2026-04-25T09:58:33+00:00,2026-04-25T09:58:33+00:00,discovery
https://www.abc.net.au/triplejunearthed/artist/bee-martin,bee-martin,2026-04-25T09:58:33+00:00,2026-04-25T09:58:33+00:00,discovery
https://www.abc.net.au/triplejunearthed/artist/harry-knight,harry-knight,2026-04-25T09:58:33+00:00,2026-04-25T09:58:33+00:00,discovery
https://www.abc.net.au/triplejunearthed/artist/katrina-burgoynemusic,katrina-burgoynemusic,2026-04-25T09:58:33+00:00,2026-04-25T09:58:33+00:00,discovery
https://www.abc.net.au/triplejunearthed/artist/l-g-nd,l-g-nd,2026-04-25T09:58:33+00:00,2026-04-25T09:58:33+00:00,discovery
https://www.abc.net.au/triplejunearthed/artist/brooklyn,brooklyn,2026-04-25T09:58:48+00:00,2026-04-25T09:58:48+00:00,discovery
https://www.abc.net.au/triplejunearthed/artist/ardenvsarden,ardenvsarden,2026-04-25T09:58:48+00:00,2026-04-25T09:58:48+00:00,discovery
https://www.abc.net.au/triplejunearthed/artist/boyboy,boyboy,2026-04-25T09:58:48+00:00,2026-04-25T09:58:48+00:00,discovery
https://www.abc.net.au/triplejunearthed/artist/baulk-at-the-moon,baulk-at-the-moon,2026-04-25T09:58:48+00:00,2026-04-25T09:58:48+00:00,discovery
https://www.abc.net.au/triplejunearthed/artist/cesky-lives,cesky-lives,2026-04-25T09:58:48+00:00,2026-04-25T09:58:48+00:00,discovery
https://www.abc.net.au/triplejunearthed/artist/franky,franky,2026-04-25T09:58:48+00:00,2026-04-25T09:58:48+00:00,discovery
https://www.abc.net.au/triplejunearthed/artist/the-loose-tongues,the-loose-tongues,2026-04-25T09:58:48+00:00,2026-04-25T09:58:48+00:00,discovery
https://www.abc.net.au/triplejunearthed/artist/lucy-gallant,lucy-gallant,2026-04-25T09:58:48+00:00,2026-04-25T09:58:48+00:00,discovery
https://www.abc.net.au/triplejunearthed/artist/lucien-beach,lucien-beach,2026-04-25T09:58:48+00:00,2026-04-25T09:58:48+00:00,discovery
https://www.abc.net.au/triplejunearthed/artist/zay-ravelle,zay-ravelle,2026-04-25T09:58:48+00:00,2026-04-25T09:58:48+00:00,discovery
https://www.abc.net.au/triplejunearthed/artist/heavy-hope,heavy-hope,2026-04-25T09:58:48+00:00,2026-04-25T09:58:48+00:00,discovery
https://www.abc.net.au/triplejunearthed/artist/3vergard,3vergard,2026-04-25T09:58:48+00:00,2026-04-25T09:58:48+00:00,discovery
https://www.abc.net.au/triplejunearthed/artist/friends-who-care,friends-who-care,2026-04-25T09:59:02+00:00,2026-04-25T09:59:02+00:00,discovery
https://www.abc.net.au/triplejunearthed/artist/hugernaut,hugernaut,2026-04-25T09:59:02+00:00,2026-04-25T09:59:02+00:00,discovery
https://www.abc.net.au/triplejunearthed/artist/octrain,octrain,2026-04-25T09:59:02+00:00,2026-04-25T09:59:02+00:00,discovery
https://www.abc.net.au/triplejunearthed/artist/beks,beks,2026-04-25T09:59:02+00:00,2026-04-25T09:59:02+00:00,discovery
https://www.abc.net.au/triplejunearthed/artist/lil-cappo,lil-cappo,2026-04-25T09:59:02+00:00,2026-04-25T09:59:02+00:00,discovery
https://www.abc.net.au/triplejunearthed/artist/banipreet,banipreet,2026-04-25T09:59:03+00:00,2026-04-25T09:59:03+00:00,discovery
https://www.abc.net.au/triplejunearthed/artist/noxazamia,noxazamia,2026-04-25T09:59:03+00:00,2026-04-25T09:59:03+00:00,discovery
https://www.abc.net.au/triplejunearthed/artist/kodi-winslow,kodi-winslow,2026-04-25T09:59:03+00:00,2026-04-25T09:59:03+00:00,discovery
https://www.abc.net.au/triplejunearthed/artist/lucky-governors,lucky-governors,2026-04-25T09:59:03+00:00,2026-04-25T09:59:03+00:00,discovery
https://www.abc.net.au/triplejunearthed/artist/444xlayla,444xlayla,2026-04-25T09:59:03+00:00,2026-04-25T09:59:03+00:00,discovery
https://www.abc.net.au/triplejunearthed/artist/jack-spyker,jack-spyker,2026-04-25T09:59:03+00:00,2026-04-25T09:59:03+00:00,discovery
https://www.abc.net.au/triplejunearthed/artist/creden1,creden1,2026-04-25T09:59:03+00:00,2026-04-25T09:59:03+00:00,discovery
https://www.abc.net.au/triplejunearthed/artist/woodhill,woodhill,2026-04-25T09:59:20+00:00,2026-04-25T09:59:20+00:00,discovery
https://www.abc.net.au/triplejunearthed/artist/desirable-addictions,desirable-addictions,2026-04-25T09:59:20+00:00,2026-04-25T09:59:20+00:00,discovery
https://www.abc.net.au/triplejunearthed/artist/savanah-solomon,savanah-solomon,2026-04-25T09:59:20+00:00,2026-04-25T09:59:20+00:00,discovery
https://www.abc.net.au/triplejunearthed/artist/pella,pella,2026-04-25T09:59:20+00:00,2026-04-25T09:59:20+00:00,discovery
https://www.abc.net.au/triplejunearthed/artist/mutuals,mutuals,2026-04-25T09:59:20+00:00,2026-04-25T09:59:20+00:00,discovery
https://www.abc.net.au/triplejunearthed/artist/weekendad,weekendad,2026-04-25T09:59:20+00:00,2026-04-25T09:59:20+00:00,discovery
https://www.abc.net.au/triplejunearthed/artist/deep-circuit,deep-circuit,2026-04-25T09:59:20+00:00,2026-04-25T09:59:20+00:00,discovery
https://www.abc.net.au/triplejunearthed/artist/summer--rain,summer--rain,2026-04-25T09:59:20+00:00,2026-04-25T09:59:20+00:00,discovery
https://www.abc.net.au/triplejunearthed/artist/mckyazr,mckyazr,2026-04-25T09:59:21+00:00,2026-04-25T09:59:21+00:00,discovery
https://www.abc.net.au/triplejunearthed/artist/thatgurlbella1,thatgurlbella1,2026-04-25T09:59:21+00:00,2026-04-25T09:59:21+00:00,discovery
https://www.abc.net.au/triplejunearthed/artist/makiatokid,makiatokid,2026-04-25T09:59:21+00:00,2026-04-25T09:59:21+00:00,discovery
https://www.abc.net.au/triplejunearthed/artist/dxvndre,dxvndre,2026-04-25T09:59:21+00:00,2026-04-25T09:59:21+00:00,discovery
https://www.abc.net.au/triplejunearthed/artist/en-kernaghan-band,en-kernaghan-band,2026-04-25T09:59:21+00:00,2026-04-25T09:59:21+00:00,discovery
https://www.abc.net.au/triplejunearthed/artist/kevin-silvester,kevin-silvester,2026-04-25T09:59:21+00:00,2026-04-25T09:59:21+00:00,discovery
https://www.abc.net.au/triplejunearthed/artist/ellidamaskos,ellidamaskos,2026-04-25T09:59:36+00:00,2026-04-25T09:59:36+00:00,discovery
https://www.abc.net.au/triplejunearthed/artist/jesse-taylor,jesse-taylor,2026-04-25T09:59:36+00:00,2026-04-25T09:59:36+00:00,discovery
https://www.abc.net.au/triplejunearthed/artist/phantom-panda-power-wizard-master-smasher,phantom-panda-power-wizard-master-smasher,2026-04-25T09:59:36+00:00,2026-04-25T09:59:36+00:00,discovery
https://www.abc.net.au/triplejunearthed/artist/monkehmusic,monkehmusic,2026-04-25T09:59:36+00:00,2026-04-25T09:59:36+00:00,discovery
https://www.abc.net.au/triplejunearthed/artist/stagger,stagger,2026-04-25T09:59:37+00:00,2026-04-25T09:59:37+00:00,discovery
https://www.abc.net.au/triplejunearthed/artist/sleepazoid,sleepazoid,2026-04-25T09:59:37+00:00,2026-04-25T09:59:37+00:00,discovery
https://www.abc.net.au/triplejunearthed/artist/qshunt,qshunt,2026-04-25T09:59:37+00:00,2026-04-25T09:59:37+00:00,discovery
https://www.abc.net.au/triplejunearthed/artist/xyzero,xyzero,2026-04-25T09:59:37+00:00,2026-04-25T09:59:37+00:00,discovery
https://www.abc.net.au/triplejunearthed/artist/sarah-wolfe,sarah-wolfe,2026-04-25T09:59:37+00:00,2026-04-25T09:59:37+00:00,discovery
https://www.abc.net.au/triplejunearthed/artist/matt-biggin,matt-biggin,2026-04-25T09:59:37+00:00,2026-04-25T09:59:37+00:00,discovery
https://www.abc.net.au/triplejunearthed/artist/parlourmp3,parlourmp3,2026-04-25T09:59:37+00:00,2026-04-25T09:59:37+00:00,discovery
https://www.abc.net.au/triplejunearthed/artist/tiny-red-houses,tiny-red-houses,2026-04-25T09:59:37+00:00,2026-04-25T09:59:37+00:00,discovery
https://www.abc.net.au/triplejunearthed/artist/ens,ens,2026-04-25T09:59:52+00:00,2026-04-25T09:59:52+00:00,discovery
https://www.abc.net.au/triplejunearthed/artist/necko,necko,2026-04-25T09:59:52+00:00,2026-04-25T09:59:52+00:00,discovery
https://www.abc.net.au/triplejunearthed/artist/iamamericano,iamamericano,2026-04-25T09:59:52+00:00,2026-04-25T09:59:52+00:00,discovery
https://www.abc.net.au/triplejunearthed/artist/harley-luscombe,harley-luscombe,2026-04-25T09:59:52+00:00,2026-04-25T09:59:52+00:00,discovery
https://www.abc.net.au/triplejunearthed/artist/knoam,knoam,2026-04-25T09:59:52+00:00,2026-04-25T09:59:52+00:00,discovery
https://www.abc.net.au/triplejunearthed/artist/thisismeisie,thisismeisie,2026-04-25T09:59:52+00:00,2026-04-25T09:59:52+00:00,discovery
https://www.abc.net.au/triplejunearthed/artist/zerst,zerst,2026-04-25T09:59:52+00:00,2026-04-25T09:59:52+00:00,discovery
https://www.abc.net.au/triplejunearthed/artist/cold-blood,cold-blood,2026-04-25T09:59:53+00:00,2026-04-25T09:59:53+00:00,discovery
https://www.abc.net.au/triplejunearthed/artist/braty,braty,2026-04-25T09:59:53+00:00,2026-04-25T09:59:53+00:00,discovery
https://www.abc.net.au/triplejunearthed/artist/midnight-moonshake,midnight-moonshake,2026-04-25T09:59:53+00:00,2026-04-25T09:59:53+00:00,discovery
https://www.abc.net.au/triplejunearthed/artist/tendo,tendo,2026-04-25T09:59:53+00:00,2026-04-25T09:59:53+00:00,discovery
https://www.abc.net.au/triplejunearthed/artist/front-row,front-row,2026-04-25T10:00:09+00:00,2026-04-25T10:00:09+00:00,discovery
https://www.abc.net.au/triplejunearthed/artist/pepperhead,pepperhead,2026-04-25T10:00:09+00:00,2026-04-25T10:00:09+00:00,discovery
https://www.abc.net.au/triplejunearthed/artist/kyle-mahe,kyle-mahe,2026-04-25T10:00:09+00:00,2026-04-25T10:00:09+00:00,discovery
https://www.abc.net.au/triplejunearthed/artist/mikky007,mikky007,2026-04-25T10:00:09+00:00,2026-04-25T10:00:09+00:00,discovery
https://www.abc.net.au/triplejunearthed/artist/louis-like-loui,louis-like-loui,2026-04-25T10:00:09+00:00,2026-04-25T10:00:09+00:00,discovery
https://www.abc.net.au/triplejunearthed/artist/nids,nids,2026-04-25T10:00:09+00:00,2026-04-25T10:00:09+00:00,discovery
https://www.abc.net.au/triplejunearthed/artist/parser,parser,2026-04-25T10:00:10+00:00,2026-04-25T10:00:10+00:00,discovery
https://www.abc.net.au/triplejunearthed/artist/kisses,kisses,2026-04-25T10:00:10+00:00,2026-04-25T10:00:10+00:00,discovery
https://www.abc.net.au/triplejunearthed/artist/slimseeds,slimseeds,2026-04-25T10:00:10+00:00,2026-04-25T10:00:10+00:00,discovery
https://www.abc.net.au/triplejunearthed/artist/haziel,haziel,2026-04-25T10:00:25+00:00,2026-04-25T10:00:25+00:00,discovery
https://www.abc.net.au/triplejunearthed/artist/userinfrared,userinfrared,2026-04-25T10:00:25+00:00,2026-04-25T10:00:25+00:00,discovery
https://www.abc.net.au/triplejunearthed/artist/chloe-jett,chloe-jett,2026-04-25T10:00:26+00:00,2026-04-25T10:00:26+00:00,discovery
https://www.abc.net.au/triplejunearthed/artist/anne-simmons,anne-simmons,2026-04-25T10:00:26+00:00,2026-04-25T10:00:26+00:00,discovery
https://www.abc.net.au/triplejunearthed/artist/brent-honey,brent-honey,2026-04-25T10:00:26+00:00,2026-04-25T10:00:26+00:00,discovery
https://www.abc.net.au/triplejunearthed/artist/hearken,hearken,2026-04-25T10:00:26+00:00,2026-04-25T10:00:26+00:00,discovery
https://www.abc.net.au/triplejunearthed/artist/eaten-alive,eaten-alive,2026-04-25T10:00:26+00:00,2026-04-25T10:00:26+00:00,discovery
https://www.abc.net.au/triplejunearthed/artist/xylo-aria,xylo-aria,2026-04-25T10:00:26+00:00,2026-04-25T10:00:26+00:00,discovery
https://www.abc.net.au/triplejunearthed/artist/jan-wisniewski,jan-wisniewski,2026-04-25T10:00:26+00:00,2026-04-25T10:00:26+00:00,discovery
https://www.abc.net.au/triplejunearthed/artist/hugh-bagley,hugh-bagley,2026-04-25T10:00:26+00:00,2026-04-25T10:00:26+00:00,discovery
https://www.abc.net.au/triplejunearthed/artist/liampatrick01,liampatrick01,2026-04-25T10:00:26+00:00,2026-04-25T10:00:26+00:00,discovery
https://www.abc.net.au/triplejunearthed/artist/lazy-ghost,lazy-ghost,2026-04-25T10:00:26+00:00,2026-04-25T10:00:26+00:00,discovery
https://www.abc.net.au/triplejunearthed/artist/townie,townie,2026-04-25T10:00:26+00:00,2026-04-25T10:00:26+00:00,discovery
https://www.abc.net.au/triplejunearthed/artist/stella,stella,2026-04-25T10:00:43+00:00,2026-04-25T10:00:43+00:00,discovery
https://www.abc.net.au/triplejunearthed/artist/stephanie-milostic,stephanie-milostic,2026-04-25T10:00:43+00:00,2026-04-25T10:00:43+00:00,discovery
https://www.abc.net.au/triplejunearthed/artist/jack-raymond,jack-raymond,2026-04-25T10:00:43+00:00,2026-04-25T10:00:43+00:00,discovery
https://www.abc.net.au/triplejunearthed/artist/4hr-parking,4hr-parking,2026-04-25T10:00:43+00:00,2026-04-25T10:00:43+00:00,discovery
https://www.abc.net.au/triplejunearthed/artist/kinghowe,kinghowe,2026-04-25T10:00:43+00:00,2026-04-25T10:00:43+00:00,discovery
https://www.abc.net.au/triplejunearthed/artist/jarrahmusic,jarrahmusic,2026-04-25T10:00:44+00:00,2026-04-25T10:00:44+00:00,discovery
https://www.abc.net.au/triplejunearthed/artist/jens,jens,2026-04-25T10:00:44+00:00,2026-04-25T10:00:44+00:00,discovery
https://www.abc.net.au/triplejunearthed/artist/here-if-you-need,here-if-you-need,2026-04-25T10:00:44+00:00,2026-04-25T10:00:44+00:00,discovery
https://www.abc.net.au/triplejunearthed/artist/len-lennox,len-lennox,2026-04-25T10:00:44+00:00,2026-04-25T10:00:44+00:00,discovery
https://www.abc.net.au/triplejunearthed/artist/katyxdenney,katyxdenney,2026-04-25T10:00:44+00:00,2026-04-25T10:00:44+00:00,discovery
https://www.abc.net.au/triplejunearthed/artist/sntimntl,sntimntl,2026-04-25T10:01:00+00:00,2026-04-25T10:01:00+00:00,discovery
https://www.abc.net.au/triplejunearthed/artist/dean--abbott,dean--abbott,2026-04-25T10:01:01+00:00,2026-04-25T10:01:01+00:00,discovery
https://www.abc.net.au/triplejunearthed/artist/lara-buchanan,lara-buchanan,2026-04-25T10:01:01+00:00,2026-04-25T10:01:01+00:00,discovery
https://www.abc.net.au/triplejunearthed/artist/mister-chorister,mister-chorister,2026-04-25T10:01:01+00:00,2026-04-25T10:01:01+00:00,discovery
https://www.abc.net.au/triplejunearthed/artist/reno-ltd,reno-ltd,2026-04-25T10:01:01+00:00,2026-04-25T10:01:01+00:00,discovery
https://www.abc.net.au/triplejunearthed/artist/free-aviary,free-aviary,2026-04-25T10:01:01+00:00,2026-04-25T10:01:01+00:00,discovery
https://www.abc.net.au/triplejunearthed/artist/scarlett-ascendo,scarlett-ascendo,2026-04-25T10:01:01+00:00,2026-04-25T10:01:01+00:00,discovery
https://www.abc.net.au/triplejunearthed/artist/darling-joan,darling-joan,2026-04-25T10:01:01+00:00,2026-04-25T10:01:01+00:00,discovery
https://www.abc.net.au/triplejunearthed/artist/velvet-trip,velvet-trip,2026-04-25T10:01:01+00:00,2026-04-25T10:01:01+00:00,discovery
https://www.abc.net.au/triplejunearthed/artist/source-decay,source-decay,2026-04-25T10:01:19+00:00,2026-04-25T10:01:19+00:00,discovery
https://www.abc.net.au/triplejunearthed/artist/sloe-jin,sloe-jin,2026-04-25T10:01:19+00:00,2026-04-25T10:01:19+00:00,discovery
https://www.abc.net.au/triplejunearthed/artist/lewislove,lewislove,2026-04-25T10:01:19+00:00,2026-04-25T10:01:19+00:00,discovery
https://www.abc.net.au/triplejunearthed/artist/northern-lights-au,northern-lights-au,2026-04-25T10:01:19+00:00,2026-04-25T10:01:19+00:00,discovery
https://www.abc.net.au/triplejunearthed/artist/jack-halo,jack-halo,2026-04-25T10:01:19+00:00,2026-04-25T10:01:19+00:00,discovery
https://www.abc.net.au/triplejunearthed/artist/sarah-light,sarah-light,2026-04-25T10:01:19+00:00,2026-04-25T10:01:19+00:00,discovery
https://www.abc.net.au/triplejunearthed/artist/meila,meila,2026-04-25T10:01:19+00:00,2026-04-25T10:01:19+00:00,discovery
https://www.abc.net.au/triplejunearthed/artist/ema-corde,ema-corde,2026-04-25T10:01:19+00:00,2026-04-25T10:01:19+00:00,discovery
https://www.abc.net.au/triplejunearthed/artist/sienna-tenn,sienna-tenn,2026-04-25T10:01:19+00:00,2026-04-25T10:01:19+00:00,discovery
https://www.abc.net.au/triplejunearthed/artist/rainmail-aayu-starshower,rainmail-aayu-starshower,2026-04-25T10:01:19+00:00,2026-04-25T10:01:19+00:00,discovery
https://www.abc.net.au/triplejunearthed/artist/peter-leahy17,peter-leahy17,2026-04-25T10:01:35+00:00,2026-04-25T10:01:35+00:00,discovery
https://www.abc.net.au/triplejunearthed/artist/charli-lucas,charli-lucas,2026-04-25T10:01:36+00:00,2026-04-25T10:01:36+00:00,discovery
https://www.abc.net.au/triplejunearthed/artist/cindyleighboske,cindyleighboske,2026-04-25T10:01:36+00:00,2026-04-25T10:01:36+00:00,discovery
https://www.abc.net.au/triplejunearthed/artist/two-tone-pony,two-tone-pony,2026-04-25T10:01:36+00:00,2026-04-25T10:01:36+00:00,discovery
https://www.abc.net.au/triplejunearthed/artist/tiahndoesmusic,tiahndoesmusic,2026-04-25T10:01:36+00:00,2026-04-25T10:01:36+00:00,discovery
https://www.abc.net.au/triplejunearthed/artist/corala,corala,2026-04-25T10:01:36+00:00,2026-04-25T10:01:36+00:00,discovery
https://www.abc.net.au/triplejunearthed/artist/gem-i,gem-i,2026-04-25T10:01:36+00:00,2026-04-25T10:01:36+00:00,discovery
https://www.abc.net.au/triplejunearthed/artist/kamain,kamain,2026-04-25T10:01:36+00:00,2026-04-25T10:01:36+00:00,discovery
https://www.abc.net.au/triplejunearthed/artist/flynn-gurry,flynn-gurry,2026-04-25T10:01:36+00:00,2026-04-25T10:01:36+00:00,discovery
https://www.abc.net.au/triplejunearthed/artist/gary-sutcliffe,gary-sutcliffe,2026-04-25T10:01:36+00:00,2026-04-25T10:01:36+00:00,discovery
https://www.abc.net.au/triplejunearthed/artist/day,day,2026-04-25T10:01:36+00:00,2026-04-25T10:01:36+00:00,discovery
https://www.abc.net.au/triplejunearthed/artist/bone-reaper,bone-reaper,2026-04-25T10:01:36+00:00,2026-04-25T10:01:36+00:00,discovery
https://www.abc.net.au/triplejunearthed/artist/antoni-m101,antoni-m101,2026-04-25T10:01:36+00:00,2026-04-25T10:01:36+00:00,discovery
https://www.abc.net.au/triplejunearthed/artist/samson-in-the-corner,samson-in-the-corner,2026-04-25T10:01:51+00:00,2026-04-25T10:01:51+00:00,discovery
https://www.abc.net.au/triplejunearthed/artist/so-i-says-to-mabel,so-i-says-to-mabel,2026-04-25T10:01:51+00:00,2026-04-25T10:01:51+00:00,discovery
https://www.abc.net.au/triplejunearthed/artist/ezekial,ezekial,2026-04-25T10:01:51+00:00,2026-04-25T10:01:51+00:00,discovery
https://www.abc.net.au/triplejunearthed/artist/artboy-333,artboy-333,2026-04-25T10:01:51+00:00,2026-04-25T10:01:51+00:00,discovery
https://www.abc.net.au/triplejunearthed/artist/nick-broadhurst,nick-broadhurst,2026-04-25T10:01:51+00:00,2026-04-25T10:01:51+00:00,discovery
https://www.abc.net.au/triplejunearthed/artist/lattes-for-milfs,lattes-for-milfs,2026-04-25T10:01:51+00:00,2026-04-25T10:01:51+00:00,discovery
https://www.abc.net.au/triplejunearthed/artist/prime-ministar,prime-ministar,2026-04-25T10:01:51+00:00,2026-04-25T10:01:51+00:00,discovery
https://www.abc.net.au/triplejunearthed/artist/clare-cowley,clare-cowley,2026-04-25T10:01:51+00:00,2026-04-25T10:01:51+00:00,discovery
https://www.abc.net.au/triplejunearthed/artist/skiptonsband,skiptonsband,2026-04-25T10:01:51+00:00,2026-04-25T10:01:51+00:00,discovery
https://www.abc.net.au/triplejunearthed/artist/piper-wallin,piper-wallin,2026-04-25T10:01:51+00:00,2026-04-25T10:01:51+00:00,discovery
https://www.abc.net.au/triplejunearthed/artist/the-bones,the-bones,2026-04-25T10:01:51+00:00,2026-04-25T10:01:51+00:00,discovery
https://www.abc.net.au/triplejunearthed/artist/the-amanda-emblem-experiment,the-amanda-emblem-experiment,2026-04-25T10:01:51+00:00,2026-04-25T10:01:51+00:00,discovery
https://www.abc.net.au/triplejunearthed/artist/jasonpaulalder,jasonpaulalder,2026-04-25T10:02:06+00:00,2026-04-25T10:02:06+00:00,discovery
https://www.abc.net.au/triplejunearthed/artist/oliver-silo,oliver-silo,2026-04-25T10:02:06+00:00,2026-04-25T10:02:06+00:00,discovery
https://www.abc.net.au/triplejunearthed/artist/little-green,little-green,2026-04-25T10:02:06+00:00,2026-04-25T10:02:06+00:00,discovery
https://www.abc.net.au/triplejunearthed/artist/dave-winnel,dave-winnel,2026-04-25T10:02:06+00:00,2026-04-25T10:02:06+00:00,discovery
https://www.abc.net.au/triplejunearthed/artist/anxious-envoy,anxious-envoy,2026-04-25T10:02:06+00:00,2026-04-25T10:02:06+00:00,discovery
https://www.abc.net.au/triplejunearthed/artist/camille-trail,camille-trail,2026-04-25T10:02:06+00:00,2026-04-25T10:02:06+00:00,discovery
https://www.abc.net.au/triplejunearthed/artist/lozza,lozza,2026-04-25T10:02:06+00:00,2026-04-25T10:02:06+00:00,discovery
https://www.abc.net.au/triplejunearthed/artist/will-clift,will-clift,2026-04-25T10:02:06+00:00,2026-04-25T10:02:06+00:00,discovery
https://www.abc.net.au/triplejunearthed/artist/maryannmusic13,maryannmusic13,2026-04-25T10:02:06+00:00,2026-04-25T10:02:06+00:00,discovery
https://www.abc.net.au/triplejunearthed/artist/eclipsevoid,eclipsevoid,2026-04-25T10:02:42+00:00,2026-04-25T10:02:42+00:00,discovery
https://www.abc.net.au/triplejunearthed/artist/cheffamc,cheffamc,2026-04-25T10:02:42+00:00,2026-04-25T10:02:42+00:00,discovery
https://www.abc.net.au/triplejunearthed/artist/matt-rai,matt-rai,2026-04-25T10:02:42+00:00,2026-04-25T10:02:42+00:00,discovery
https://www.abc.net.au/triplejunearthed/artist/gatewaytoradness,gatewaytoradness,2026-04-25T10:02:42+00:00,2026-04-25T10:02:42+00:00,discovery
https://www.abc.net.au/triplejunearthed/artist/starbxy,starbxy,2026-04-25T10:02:42+00:00,2026-04-25T10:02:42+00:00,discovery
https://www.abc.net.au/triplejunearthed/artist/rise-of-the-manticore,rise-of-the-manticore,2026-04-25T10:02:42+00:00,2026-04-25T10:02:42+00:00,discovery
https://www.abc.net.au/triplejunearthed/artist/itavrnai-protocol,itavrnai-protocol,2026-04-25T10:02:42+00:00,2026-04-25T10:02:42+00:00,discovery
https://www.abc.net.au/triplejunearthed/artist/lady-and-the-ghost,lady-and-the-ghost,2026-04-25T10:02:42+00:00,2026-04-25T10:02:42+00:00,discovery
https://www.abc.net.au/triplejunearthed/artist/covyn,covyn,2026-04-25T10:02:42+00:00,2026-04-25T10:02:42+00:00,discovery
https://www.abc.net.au/triplejunearthed/artist/hudson-green,hudson-green,2026-04-25T10:02:42+00:00,2026-04-25T10:02:42+00:00,discovery
https://www.abc.net.au/triplejunearthed/artist/v-mikey,v-mikey,2026-04-25T10:02:42+00:00,2026-04-25T10:02:42+00:00,discovery
https://www.abc.net.au/triplejunearthed/artist/september-barker,september-barker,2026-04-25T10:02:42+00:00,2026-04-25T10:02:42+00:00,discovery
https://www.abc.net.au/triplejunearthed/artist/rob-michel,rob-michel,2026-04-25T10:02:42+00:00,2026-04-25T10:02:42+00:00,discovery
https://www.abc.net.au/triplejunearthed/artist/no-apparent-function,no-apparent-function,2026-04-25T10:02:57+00:00,2026-04-25T10:02:57+00:00,discovery
https://www.abc.net.au/triplejunearthed/artist/cosmica,cosmica,2026-04-25T10:02:57+00:00,2026-04-25T10:02:57+00:00,discovery
https://www.abc.net.au/triplejunearthed/artist/miss-mardy,miss-mardy,2026-04-25T10:02:57+00:00,2026-04-25T10:02:57+00:00,discovery
https://www.abc.net.au/triplejunearthed/artist/timeflow,timeflow,2026-04-25T10:02:57+00:00,2026-04-25T10:02:57+00:00,discovery
https://www.abc.net.au/triplejunearthed/artist/kola,kola,2026-04-25T10:02:57+00:00,2026-04-25T10:02:57+00:00,discovery
https://www.abc.net.au/triplejunearthed/artist/goodmonster,goodmonster,2026-04-25T10:02:57+00:00,2026-04-25T10:02:57+00:00,discovery
https://www.abc.net.au/triplejunearthed/artist/clean-tones,clean-tones,2026-04-25T10:02:57+00:00,2026-04-25T10:02:57+00:00,discovery
https://www.abc.net.au/triplejunearthed/artist/muse-of-arcadia,muse-of-arcadia,2026-04-25T10:02:57+00:00,2026-04-25T10:02:57+00:00,discovery
https://www.abc.net.au/triplejunearthed/artist/ivy-amara,ivy-amara,2026-04-25T10:02:57+00:00,2026-04-25T10:02:57+00:00,discovery
https://www.abc.net.au/triplejunearthed/artist/blakeappelqvist,blakeappelqvist,2026-04-25T10:02:57+00:00,2026-04-25T10:02:57+00:00,discovery
https://www.abc.net.au/triplejunearthed/artist/danny-alcorn,danny-alcorn,2026-04-25T10:02:57+00:00,2026-04-25T10:02:57+00:00,discovery
https://www.abc.net.au/triplejunearthed/artist/moonsea,moonsea,2026-04-25T10:03:12+00:00,2026-04-25T10:03:12+00:00,discovery
https://www.abc.net.au/triplejunearthed/artist/tea-taylor,tea-taylor,2026-04-25T10:03:12+00:00,2026-04-25T10:03:12+00:00,discovery
https://www.abc.net.au/triplejunearthed/artist/zero-cats,zero-cats,2026-04-25T10:03:12+00:00,2026-04-25T10:03:12+00:00,discovery
https://www.abc.net.au/triplejunearthed/artist/esther-rose,esther-rose,2026-04-25T10:03:12+00:00,2026-04-25T10:03:12+00:00,discovery
https://www.abc.net.au/triplejunearthed/artist/ellagilbert,ellagilbert,2026-04-25T10:03:12+00:00,2026-04-25T10:03:12+00:00,discovery
https://www.abc.net.au/triplejunearthed/artist/theclones,theclones,2026-04-25T10:03:12+00:00,2026-04-25T10:03:12+00:00,discovery
https://www.abc.net.au/triplejunearthed/artist/tillycalls,tillycalls,2026-04-25T10:03:12+00:00,2026-04-25T10:03:12+00:00,discovery
https://www.abc.net.au/triplejunearthed/artist/cashdox,cashdox,2026-04-25T10:03:12+00:00,2026-04-25T10:03:12+00:00,discovery
https://www.abc.net.au/triplejunearthed/artist/rchaic,rchaic,2026-04-25T10:03:12+00:00,2026-04-25T10:03:12+00:00,discovery
https://www.abc.net.au/triplejunearthed/artist/ellie-ware,ellie-ware,2026-04-25T10:03:12+00:00,2026-04-25T10:03:12+00:00,discovery
https://www.abc.net.au/triplejunearthed/artist/lithu,lithu,2026-04-25T10:03:12+00:00,2026-04-25T10:03:12+00:00,discovery
https://www.abc.net.au/triplejunearthed/artist/tuvukica,tuvukica,2026-04-25T10:03:29+00:00,2026-04-25T10:03:29+00:00,discovery
https://www.abc.net.au/triplejunearthed/artist/the-flame,the-flame,2026-04-25T10:03:29+00:00,2026-04-25T10:03:29+00:00,discovery
https://www.abc.net.au/triplejunearthed/artist/imber,imber,2026-04-25T10:03:29+00:00,2026-04-25T10:03:29+00:00,discovery
https://www.abc.net.au/triplejunearthed/artist/wils-rish,wils-rish,2026-04-25T10:03:29+00:00,2026-04-25T10:03:29+00:00,discovery
https://www.abc.net.au/triplejunearthed/artist/taha,taha,2026-04-25T10:03:29+00:00,2026-04-25T10:03:29+00:00,discovery
https://www.abc.net.au/triplejunearthed/artist/tommylellan,tommylellan,2026-04-25T10:03:29+00:00,2026-04-25T10:03:29+00:00,discovery
https://www.abc.net.au/triplejunearthed/artist/dogbox,dogbox,2026-04-25T10:03:29+00:00,2026-04-25T10:03:29+00:00,discovery
https://www.abc.net.au/triplejunearthed/artist/jmic,jmic,2026-04-25T10:03:29+00:00,2026-04-25T10:03:29+00:00,discovery
https://www.abc.net.au/triplejunearthed/artist/ebop,ebop,2026-04-25T10:03:29+00:00,2026-04-25T10:03:29+00:00,discovery
https://www.abc.net.au/triplejunearthed/artist/ben-sutto,ben-sutto,2026-04-25T10:03:29+00:00,2026-04-25T10:03:29+00:00,discovery
https://www.abc.net.au/triplejunearthed/artist/tessa-fleur,tessa-fleur,2026-04-25T10:03:29+00:00,2026-04-25T10:03:29+00:00,discovery
https://www.abc.net.au/triplejunearthed/artist/atch,atch,2026-04-25T10:03:29+00:00,2026-04-25T10:03:29+00:00,discovery
https://www.abc.net.au/triplejunearthed/artist/steve-brigga,steve-brigga,2026-04-25T10:03:46+00:00,2026-04-25T10:03:46+00:00,discovery
https://www.abc.net.au/triplejunearthed/artist/kicking-pigeons,kicking-pigeons,2026-04-25T10:03:46+00:00,2026-04-25T10:03:46+00:00,discovery
https://www.abc.net.au/triplejunearthed/artist/terror-parade,terror-parade,2026-04-25T10:03:46+00:00,2026-04-25T10:03:46+00:00,discovery
https://www.abc.net.au/triplejunearthed/artist/ignasyo,ignasyo,2026-04-25T10:03:46+00:00,2026-04-25T10:03:46+00:00,discovery
https://www.abc.net.au/triplejunearthed/artist/summerset,summerset,2026-04-25T10:03:46+00:00,2026-04-25T10:03:46+00:00,discovery
https://www.abc.net.au/triplejunearthed/artist/river-lane,river-lane,2026-04-25T10:03:46+00:00,2026-04-25T10:03:46+00:00,discovery
https://www.abc.net.au/triplejunearthed/artist/the-stiffbacks,the-stiffbacks,2026-04-25T10:03:46+00:00,2026-04-25T10:03:46+00:00,discovery
https://www.abc.net.au/triplejunearthed/artist/summer-dealtry,summer-dealtry,2026-04-25T10:03:46+00:00,2026-04-25T10:03:46+00:00,discovery
https://www.abc.net.au/triplejunearthed/artist/auriel-5ylva,auriel-5ylva,2026-04-25T10:03:46+00:00,2026-04-25T10:03:46+00:00,discovery
https://www.abc.net.au/triplejunearthed/artist/sashamillar,sashamillar,2026-04-25T10:03:46+00:00,2026-04-25T10:03:46+00:00,discovery
https://www.abc.net.au/triplejunearthed/artist/the-oh-yeahs,the-oh-yeahs,2026-04-25T10:03:46+00:00,2026-04-25T10:03:46+00:00,discovery
https://www.abc.net.au/triplejunearthed/artist/aya,aya,2026-04-25T10:03:46+00:00,2026-04-25T10:03:46+00:00,discovery
https://www.abc.net.au/triplejunearthed/artist/cindy-tanfield,cindy-tanfield,2026-04-25T10:04:03+00:00,2026-04-25T10:04:03+00:00,discovery
https://www.abc.net.au/triplejunearthed/artist/euniq,euniq,2026-04-25T10:04:03+00:00,2026-04-25T10:04:03+00:00,discovery
https://www.abc.net.au/triplejunearthed/artist/dlgade,dlgade,2026-04-25T10:04:03+00:00,2026-04-25T10:04:03+00:00,discovery
https://www.abc.net.au/triplejunearthed/artist/jordan-tobias,jordan-tobias,2026-04-25T10:04:03+00:00,2026-04-25T10:04:03+00:00,discovery
https://www.abc.net.au/triplejunearthed/artist/electrylis,electrylis,2026-04-25T10:04:03+00:00,2026-04-25T10:04:03+00:00,discovery
https://www.abc.net.au/triplejunearthed/artist/steen,steen,2026-04-25T10:04:03+00:00,2026-04-25T10:04:03+00:00,discovery
https://www.abc.net.au/triplejunearthed/artist/haba-dudes,haba-dudes,2026-04-25T10:04:03+00:00,2026-04-25T10:04:03+00:00,discovery
https://www.abc.net.au/triplejunearthed/artist/dom-la-ferlita,dom-la-ferlita,2026-04-25T10:04:03+00:00,2026-04-25T10:04:03+00:00,discovery
https://www.abc.net.au/triplejunearthed/artist/dirtyhookz,dirtyhookz,2026-04-25T10:04:03+00:00,2026-04-25T10:04:03+00:00,discovery
https://www.abc.net.au/triplejunearthed/artist/dick-volvo,dick-volvo,2026-04-25T10:04:03+00:00,2026-04-25T10:04:03+00:00,discovery
https://www.abc.net.au/triplejunearthed/artist/kairo-vail,kairo-vail,2026-04-25T10:04:04+00:00,2026-04-25T10:04:04+00:00,discovery
https://www.abc.net.au/triplejunearthed/artist/georginadacheff,georginadacheff,2026-04-25T10:04:04+00:00,2026-04-25T10:04:04+00:00,discovery
https://www.abc.net.au/triplejunearthed/artist/dillon-jo,dillon-jo,2026-04-25T10:04:04+00:00,2026-04-25T10:04:04+00:00,discovery
https://www.abc.net.au/triplejunearthed/artist/almost-evelyn,almost-evelyn,2026-04-25T10:04:04+00:00,2026-04-25T10:04:04+00:00,discovery
https://www.abc.net.au/triplejunearthed/artist/sagnar,sagnar,2026-04-25T10:04:20+00:00,2026-04-25T10:04:20+00:00,discovery
https://www.abc.net.au/triplejunearthed/artist/outta-spite,outta-spite,2026-04-25T10:04:20+00:00,2026-04-25T10:04:20+00:00,discovery
https://www.abc.net.au/triplejunearthed/artist/carpet-bed,carpet-bed,2026-04-25T10:04:20+00:00,2026-04-25T10:04:20+00:00,discovery
https://www.abc.net.au/triplejunearthed/artist/welovejericho,welovejericho,2026-04-25T10:04:20+00:00,2026-04-25T10:04:20+00:00,discovery
https://www.abc.net.au/triplejunearthed/artist/nagging-doubts,nagging-doubts,2026-04-25T10:04:20+00:00,2026-04-25T10:04:20+00:00,discovery
https://www.abc.net.au/triplejunearthed/artist/sweet-boy,sweet-boy,2026-04-25T10:04:20+00:00,2026-04-25T10:04:20+00:00,discovery
https://www.abc.net.au/triplejunearthed/artist/hemans-erilia,hemans-erilia,2026-04-25T10:04:20+00:00,2026-04-25T10:04:20+00:00,discovery
https://www.abc.net.au/triplejunearthed/artist/corban-chapple,corban-chapple,2026-04-25T10:04:20+00:00,2026-04-25T10:04:20+00:00,discovery
https://www.abc.net.au/triplejunearthed/artist/problem-green,problem-green,2026-04-25T10:04:20+00:00,2026-04-25T10:04:20+00:00,discovery
https://www.abc.net.au/triplejunearthed/artist/lil-zit,lil-zit,2026-04-25T10:04:20+00:00,2026-04-25T10:04:20+00:00,discovery
https://www.abc.net.au/triplejunearthed/artist/emili,emili,2026-04-25T10:04:20+00:00,2026-04-25T10:04:20+00:00,discovery
https://www.abc.net.au/triplejunearthed/artist/adam-d-amore,adam-d-amore,2026-04-25T10:04:20+00:00,2026-04-25T10:04:20+00:00,discovery
https://www.abc.net.au/triplejunearthed/artist/dreadnokks,dreadnokks,2026-04-25T10:04:20+00:00,2026-04-25T10:04:20+00:00,discovery
https://www.abc.net.au/triplejunearthed/artist/saturns-angel,saturns-angel,2026-04-25T10:04:20+00:00,2026-04-25T10:04:20+00:00,discovery
https://www.abc.net.au/triplejunearthed/artist/sam-green,sam-green,2026-04-25T10:04:37+00:00,2026-04-25T10:04:37+00:00,discovery
https://www.abc.net.au/triplejunearthed/artist/springbird710,springbird710,2026-04-25T10:04:37+00:00,2026-04-25T10:04:37+00:00,discovery
https://www.abc.net.au/triplejunearthed/artist/weezy-deedz,weezy-deedz,2026-04-25T10:04:37+00:00,2026-04-25T10:04:37+00:00,discovery
https://www.abc.net.au/triplejunearthed/artist/dblu,dblu,2026-04-25T10:04:37+00:00,2026-04-25T10:04:37+00:00,discovery
https://www.abc.net.au/triplejunearthed/artist/fast-castle,fast-castle,2026-04-25T10:04:37+00:00,2026-04-25T10:04:37+00:00,discovery
https://www.abc.net.au/triplejunearthed/artist/amberley-maryellen,amberley-maryellen,2026-04-25T10:04:37+00:00,2026-04-25T10:04:37+00:00,discovery
https://www.abc.net.au/triplejunearthed/artist/without-belief,without-belief,2026-04-25T10:04:37+00:00,2026-04-25T10:04:37+00:00,discovery
https://www.abc.net.au/triplejunearthed/artist/apolline,apolline,2026-04-25T10:04:37+00:00,2026-04-25T10:04:37+00:00,discovery
https://www.abc.net.au/triplejunearthed/artist/new-birdsnthnjns,new-birdsnthnjns,2026-04-25T10:04:37+00:00,2026-04-25T10:04:37+00:00,discovery
https://www.abc.net.au/triplejunearthed/artist/the-cowtones,the-cowtones,2026-04-25T10:04:38+00:00,2026-04-25T10:04:38+00:00,discovery
https://www.abc.net.au/triplejunearthed/artist/emerauld,emerauld,2026-04-25T10:04:56+00:00,2026-04-25T10:04:56+00:00,discovery
https://www.abc.net.au/triplejunearthed/artist/open-secret,open-secret,2026-04-25T10:04:57+00:00,2026-04-25T10:04:57+00:00,discovery
https://www.abc.net.au/triplejunearthed/artist/fergushogan,fergushogan,2026-04-25T10:04:57+00:00,2026-04-25T10:04:57+00:00,discovery
https://www.abc.net.au/triplejunearthed/artist/deaf-toucan,deaf-toucan,2026-04-25T10:04:57+00:00,2026-04-25T10:04:57+00:00,discovery
https://www.abc.net.au/triplejunearthed/artist/shristy,shristy,2026-04-25T10:04:57+00:00,2026-04-25T10:04:57+00:00,discovery
https://www.abc.net.au/triplejunearthed/artist/faith-williams,faith-williams,2026-04-25T10:04:57+00:00,2026-04-25T10:04:57+00:00,discovery
https://www.abc.net.au/triplejunearthed/artist/fletxh,fletxh,2026-04-25T10:04:57+00:00,2026-04-25T10:04:57+00:00,discovery
https://www.abc.net.au/triplejunearthed/artist/retail-therapy,retail-therapy,2026-04-25T10:04:57+00:00,2026-04-25T10:04:57+00:00,discovery
https://www.abc.net.au/triplejunearthed/artist/mdws,mdws,2026-04-25T10:04:57+00:00,2026-04-25T10:04:57+00:00,discovery
https://www.abc.net.au/triplejunearthed/artist/brodie-loves,brodie-loves,2026-04-25T10:04:57+00:00,2026-04-25T10:04:57+00:00,discovery
https://www.abc.net.au/triplejunearthed/artist/fins,fins,2026-04-25T10:04:57+00:00,2026-04-25T10:04:57+00:00,discovery
https://www.abc.net.au/triplejunearthed/artist/mchijak,mchijak,2026-04-25T10:04:57+00:00,2026-04-25T10:04:57+00:00,discovery
https://www.abc.net.au/triplejunearthed/artist/prophets-of-cecilia,prophets-of-cecilia,2026-04-25T10:04:57+00:00,2026-04-25T10:04:57+00:00,discovery
https://www.abc.net.au/triplejunearthed/artist/nanas-pie,nanas-pie,2026-04-25T10:04:57+00:00,2026-04-25T10:04:57+00:00,discovery
https://www.abc.net.au/triplejunearthed/artist/sindicate,sindicate,2026-04-25T10:05:14+00:00,2026-04-25T10:05:14+00:00,discovery
https://www.abc.net.au/triplejunearthed/artist/demie-bagnato-music,demie-bagnato-music,2026-04-25T10:05:14+00:00,2026-04-25T10:05:14+00:00,discovery
https://www.abc.net.au/triplejunearthed/artist/affiliated,affiliated,2026-04-25T10:05:14+00:00,2026-04-25T10:05:14+00:00,discovery
https://www.abc.net.au/triplejunearthed/artist/lawsonhull,lawsonhull,2026-04-25T10:05:14+00:00,2026-04-25T10:05:14+00:00,discovery
https://www.abc.net.au/triplejunearthed/artist/rod-coote,rod-coote,2026-04-25T10:05:14+00:00,2026-04-25T10:05:14+00:00,discovery
https://www.abc.net.au/triplejunearthed/artist/youngsabre,youngsabre,2026-04-25T10:05:15+00:00,2026-04-25T10:05:15+00:00,discovery
https://www.abc.net.au/triplejunearthed/artist/abel-lamont,abel-lamont,2026-04-25T10:05:15+00:00,2026-04-25T10:05:15+00:00,discovery
https://www.abc.net.au/triplejunearthed/artist/shumo-ag,shumo-ag,2026-04-25T10:05:15+00:00,2026-04-25T10:05:15+00:00,discovery
https://www.abc.net.au/triplejunearthed/artist/474music,474music,2026-04-25T10:05:15+00:00,2026-04-25T10:05:15+00:00,discovery
https://www.abc.net.au/triplejunearthed/artist/rabidfusion,rabidfusion,2026-04-25T10:05:15+00:00,2026-04-25T10:05:15+00:00,discovery
https://www.abc.net.au/triplejunearthed/artist/suspendedinasunbeam,suspendedinasunbeam,2026-04-25T10:05:15+00:00,2026-04-25T10:05:15+00:00,discovery
https://www.abc.net.au/triplejunearthed/artist/good-hounds,good-hounds,2026-04-25T10:05:15+00:00,2026-04-25T10:05:15+00:00,discovery
https://www.abc.net.au/triplejunearthed/artist/clay-brown-the-trouble-round-town,clay-brown-the-trouble-round-town,2026-04-25T10:05:32+00:00,2026-04-25T10:05:32+00:00,discovery
https://www.abc.net.au/triplejunearthed/artist/chuey,chuey,2026-04-25T10:05:32+00:00,2026-04-25T10:05:32+00:00,discovery
https://www.abc.net.au/triplejunearthed/artist/bartat,bartat,2026-04-25T10:05:32+00:00,2026-04-25T10:05:32+00:00,discovery
https://www.abc.net.au/triplejunearthed/artist/gabmusic,gabmusic,2026-04-25T10:05:32+00:00,2026-04-25T10:05:32+00:00,discovery
https://www.abc.net.au/triplejunearthed/artist/adam-wynne,adam-wynne,2026-04-25T10:05:32+00:00,2026-04-25T10:05:32+00:00,discovery
https://www.abc.net.au/triplejunearthed/artist/sidelinesmp3,sidelinesmp3,2026-04-25T10:05:32+00:00,2026-04-25T10:05:32+00:00,discovery
https://www.abc.net.au/triplejunearthed/artist/dilute-the-power,dilute-the-power,2026-04-25T10:05:32+00:00,2026-04-25T10:05:32+00:00,discovery
https://www.abc.net.au/triplejunearthed/artist/tameem,tameem,2026-04-25T10:05:32+00:00,2026-04-25T10:05:32+00:00,discovery
https://www.abc.net.au/triplejunearthed/artist/goose-bay,goose-bay,2026-04-25T10:05:32+00:00,2026-04-25T10:05:32+00:00,discovery
https://www.abc.net.au/triplejunearthed/artist/willi-g,willi-g,2026-04-25T10:05:32+00:00,2026-04-25T10:05:32+00:00,discovery
https://www.abc.net.au/triplejunearthed/artist/sourkaos,sourkaos,2026-04-25T10:05:50+00:00,2026-04-25T10:05:50+00:00,discovery
https://www.abc.net.au/triplejunearthed/artist/sereen,sereen,2026-04-25T10:05:50+00:00,2026-04-25T10:05:50+00:00,discovery
https://www.abc.net.au/triplejunearthed/artist/judeau,judeau,2026-04-25T10:05:50+00:00,2026-04-25T10:05:50+00:00,discovery
https://www.abc.net.au/triplejunearthed/artist/lannigan,lannigan,2026-04-25T10:05:50+00:00,2026-04-25T10:05:50+00:00,discovery
https://www.abc.net.au/triplejunearthed/artist/daisy-kilbourne,daisy-kilbourne,2026-04-25T10:05:50+00:00,2026-04-25T10:05:50+00:00,discovery
https://www.abc.net.au/triplejunearthed/artist/muki,muki,2026-04-25T10:05:50+00:00,2026-04-25T10:05:50+00:00,discovery
https://www.abc.net.au/triplejunearthed/artist/k-sully,k-sully,2026-04-25T10:05:50+00:00,2026-04-25T10:05:50+00:00,discovery
https://www.abc.net.au/triplejunearthed/artist/wingsuit,wingsuit,2026-04-25T10:05:50+00:00,2026-04-25T10:05:50+00:00,discovery
https://www.abc.net.au/triplejunearthed/artist/jaz-sol,jaz-sol,2026-04-25T10:05:50+00:00,2026-04-25T10:05:50+00:00,discovery
https://www.abc.net.au/triplejunearthed/artist/oscar-franks,oscar-franks,2026-04-25T10:05:50+00:00,2026-04-25T10:05:50+00:00,discovery
https://www.abc.net.au/triplejunearthed/artist/the-dk-effect,the-dk-effect,2026-04-25T10:05:50+00:00,2026-04-25T10:05:50+00:00,discovery
https://www.abc.net.au/triplejunearthed/artist/anolja,anolja,2026-04-25T10:06:08+00:00,2026-04-25T10:06:08+00:00,discovery
https://www.abc.net.au/triplejunearthed/artist/blackened-rose,blackened-rose,2026-04-25T10:06:08+00:00,2026-04-25T10:06:08+00:00,discovery
https://www.abc.net.au/triplejunearthed/artist/ella-joann,ella-joann,2026-04-25T10:06:08+00:00,2026-04-25T10:06:08+00:00,discovery
https://www.abc.net.au/triplejunearthed/artist/krari,krari,2026-04-25T10:06:08+00:00,2026-04-25T10:06:08+00:00,discovery
https://www.abc.net.au/triplejunearthed/artist/liam-alder6,liam-alder6,2026-04-25T10:06:08+00:00,2026-04-25T10:06:08+00:00,discovery
https://www.abc.net.au/triplejunearthed/artist/airheart,airheart,2026-04-25T10:06:08+00:00,2026-04-25T10:06:08+00:00,discovery
https://www.abc.net.au/triplejunearthed/artist/rich-delinquent,rich-delinquent,2026-04-25T10:06:08+00:00,2026-04-25T10:06:08+00:00,discovery
https://www.abc.net.au/triplejunearthed/artist/brad-watts,brad-watts,2026-04-25T10:06:08+00:00,2026-04-25T10:06:08+00:00,discovery
https://www.abc.net.au/triplejunearthed/artist/split-soles,split-soles,2026-04-25T10:06:25+00:00,2026-04-25T10:06:25+00:00,discovery
https://www.abc.net.au/triplejunearthed/artist/livyb,livyb,2026-04-25T10:06:25+00:00,2026-04-25T10:06:25+00:00,discovery
https://www.abc.net.au/triplejunearthed/artist/lazy-pinch,lazy-pinch,2026-04-25T10:06:25+00:00,2026-04-25T10:06:25+00:00,discovery
https://www.abc.net.au/triplejunearthed/artist/holly--evelyn,holly--evelyn,2026-04-25T10:06:25+00:00,2026-04-25T10:06:25+00:00,discovery
https://www.abc.net.au/triplejunearthed/artist/goodgriefgoodgrief,goodgriefgoodgrief,2026-04-25T10:06:25+00:00,2026-04-25T10:06:25+00:00,discovery
https://www.abc.net.au/triplejunearthed/artist/qeeran,qeeran,2026-04-25T10:06:26+00:00,2026-04-25T10:06:26+00:00,discovery
https://www.abc.net.au/triplejunearthed/artist/officialpha2e,officialpha2e,2026-04-25T10:06:42+00:00,2026-04-25T10:06:42+00:00,discovery
https://www.abc.net.au/triplejunearthed/artist/safford,safford,2026-04-25T10:06:42+00:00,2026-04-25T10:06:42+00:00,discovery
https://www.abc.net.au/triplejunearthed/artist/james-davies,james-davies,2026-04-25T10:06:42+00:00,2026-04-25T10:06:42+00:00,discovery
https://www.abc.net.au/triplejunearthed/artist/anna-victoria,anna-victoria,2026-04-25T10:06:42+00:00,2026-04-25T10:06:42+00:00,discovery
https://www.abc.net.au/triplejunearthed/artist/thedeadbeats,thedeadbeats,2026-04-25T10:06:42+00:00,2026-04-25T10:06:42+00:00,discovery
https://www.abc.net.au/triplejunearthed/artist/murderballs,murderballs,2026-04-25T10:06:42+00:00,2026-04-25T10:06:42+00:00,discovery
https://www.abc.net.au/triplejunearthed/artist/montetna,montetna,2026-04-25T10:06:42+00:00,2026-04-25T10:06:42+00:00,discovery
https://www.abc.net.au/triplejunearthed/artist/michaelkay,michaelkay,2026-04-25T10:06:42+00:00,2026-04-25T10:06:42+00:00,discovery
https://www.abc.net.au/triplejunearthed/artist/tribe404,tribe404,2026-04-25T10:06:42+00:00,2026-04-25T10:06:42+00:00,discovery
https://www.abc.net.au/triplejunearthed/artist/desertsparrow,desertsparrow,2026-04-25T10:06:42+00:00,2026-04-25T10:06:42+00:00,discovery
https://www.abc.net.au/triplejunearthed/artist/lliam,lliam,2026-04-25T10:06:43+00:00,2026-04-25T10:06:43+00:00,discovery
https://www.abc.net.au/triplejunearthed/artist/red-belly,red-belly,2026-04-25T10:06:59+00:00,2026-04-25T10:06:59+00:00,discovery
https://www.abc.net.au/triplejunearthed/artist/diva-bhatia,diva-bhatia,2026-04-25T10:06:59+00:00,2026-04-25T10:06:59+00:00,discovery
https://www.abc.net.au/triplejunearthed/artist/zackpay,zackpay,2026-04-25T10:06:59+00:00,2026-04-25T10:06:59+00:00,discovery
https://www.abc.net.au/triplejunearthed/artist/the-bunnies,the-bunnies,2026-04-25T10:06:59+00:00,2026-04-25T10:06:59+00:00,discovery
https://www.abc.net.au/triplejunearthed/artist/m4lly,m4lly,2026-04-25T10:06:59+00:00,2026-04-25T10:06:59+00:00,discovery
https://www.abc.net.au/triplejunearthed/artist/atlas-and-the-attic,atlas-and-the-attic,2026-04-25T10:06:59+00:00,2026-04-25T10:06:59+00:00,discovery
https://www.abc.net.au/triplejunearthed/artist/mic-midas,mic-midas,2026-04-25T10:06:59+00:00,2026-04-25T10:06:59+00:00,discovery
https://www.abc.net.au/triplejunearthed/artist/over-the-flows,over-the-flows,2026-04-25T10:06:59+00:00,2026-04-25T10:06:59+00:00,discovery
https://www.abc.net.au/triplejunearthed/artist/scooter-crisp,scooter-crisp,2026-04-25T10:07:15+00:00,2026-04-25T10:07:15+00:00,discovery
https://www.abc.net.au/triplejunearthed/artist/dedway,dedway,2026-04-25T10:07:15+00:00,2026-04-25T10:07:15+00:00,discovery
https://www.abc.net.au/triplejunearthed/artist/lisaa,lisaa,2026-04-25T10:07:15+00:00,2026-04-25T10:07:15+00:00,discovery
https://www.abc.net.au/triplejunearthed/artist/kylan-daffy,kylan-daffy,2026-04-25T10:07:15+00:00,2026-04-25T10:07:15+00:00,discovery
https://www.abc.net.au/triplejunearthed/artist/wintersend,wintersend,2026-04-25T10:07:15+00:00,2026-04-25T10:07:15+00:00,discovery
https://www.abc.net.au/triplejunearthed/artist/special-treatment,special-treatment,2026-04-25T10:07:15+00:00,2026-04-25T10:07:15+00:00,discovery
https://www.abc.net.au/triplejunearthed/artist/mason-flint,mason-flint,2026-04-25T10:07:15+00:00,2026-04-25T10:07:15+00:00,discovery
https://www.abc.net.au/triplejunearthed/artist/fracture-8,fracture-8,2026-04-25T10:07:15+00:00,2026-04-25T10:07:15+00:00,discovery
https://www.abc.net.au/triplejunearthed/artist/jack-carroll-band,jack-carroll-band,2026-04-25T10:07:15+00:00,2026-04-25T10:07:15+00:00,discovery
https://www.abc.net.au/triplejunearthed/artist/neighbour-band,neighbour-band,2026-04-25T10:07:15+00:00,2026-04-25T10:07:15+00:00,discovery
https://www.abc.net.au/triplejunearthed/artist/chelseacostar,chelseacostar,2026-04-25T10:07:15+00:00,2026-04-25T10:07:15+00:00,discovery
https://www.abc.net.au/triplejunearthed/artist/tise-jones,tise-jones,2026-04-25T10:07:15+00:00,2026-04-25T10:07:15+00:00,discovery
https://www.abc.net.au/triplejunearthed/artist/mellowing,mellowing,2026-04-25T10:07:32+00:00,2026-04-25T10:07:32+00:00,discovery
https://www.abc.net.au/triplejunearthed/artist/lost-in-the-past,lost-in-the-past,2026-04-25T10:07:32+00:00,2026-04-25T10:07:32+00:00,discovery
https://www.abc.net.au/triplejunearthed/artist/thom-bastick,thom-bastick,2026-04-25T10:07:32+00:00,2026-04-25T10:07:32+00:00,discovery
https://www.abc.net.au/triplejunearthed/artist/navy-june,navy-june,2026-04-25T10:07:33+00:00,2026-04-25T10:07:33+00:00,discovery
https://www.abc.net.au/triplejunearthed/artist/stabonsight,stabonsight,2026-04-25T10:07:33+00:00,2026-04-25T10:07:33+00:00,discovery
https://www.abc.net.au/triplejunearthed/artist/the-golds,the-golds,2026-04-25T10:07:33+00:00,2026-04-25T10:07:33+00:00,discovery
https://www.abc.net.au/triplejunearthed/artist/forget-me-not,forget-me-not,2026-04-25T10:07:33+00:00,2026-04-25T10:07:33+00:00,discovery
https://www.abc.net.au/triplejunearthed/artist/the-avenue,the-avenue,2026-04-25T10:07:33+00:00,2026-04-25T10:07:33+00:00,discovery
https://www.abc.net.au/triplejunearthed/artist/accentors,accentors,2026-04-25T10:07:33+00:00,2026-04-25T10:07:33+00:00,discovery
https://www.abc.net.au/triplejunearthed/artist/julian-brown,julian-brown,2026-04-25T10:07:33+00:00,2026-04-25T10:07:33+00:00,discovery
https://www.abc.net.au/triplejunearthed/artist/zac-slater,zac-slater,2026-04-25T10:07:48+00:00,2026-04-25T10:07:48+00:00,discovery
https://www.abc.net.au/triplejunearthed/artist/shukurani,shukurani,2026-04-25T10:07:48+00:00,2026-04-25T10:07:48+00:00,discovery
https://www.abc.net.au/triplejunearthed/artist/marlowewilton,marlowewilton,2026-04-25T10:07:48+00:00,2026-04-25T10:07:48+00:00,discovery
https://www.abc.net.au/triplejunearthed/artist/needs-no-sleep,needs-no-sleep,2026-04-25T10:07:48+00:00,2026-04-25T10:07:48+00:00,discovery
https://www.abc.net.au/triplejunearthed/artist/kyle-durell,kyle-durell,2026-04-25T10:07:48+00:00,2026-04-25T10:07:48+00:00,discovery
https://www.abc.net.au/triplejunearthed/artist/dewy-mcgill,dewy-mcgill,2026-04-25T10:07:48+00:00,2026-04-25T10:07:48+00:00,discovery
https://www.abc.net.au/triplejunearthed/artist/hannieday,hannieday,2026-04-25T10:07:48+00:00,2026-04-25T10:07:48+00:00,discovery
https://www.abc.net.au/triplejunearthed/artist/dawn-of-dusk,dawn-of-dusk,2026-04-25T10:07:48+00:00,2026-04-25T10:07:48+00:00,discovery
https://www.abc.net.au/triplejunearthed/artist/morristheband,morristheband,2026-04-25T10:07:48+00:00,2026-04-25T10:07:48+00:00,discovery
https://www.abc.net.au/triplejunearthed/artist/evangeline-felice,evangeline-felice,2026-04-25T10:07:49+00:00,2026-04-25T10:07:49+00:00,discovery
https://www.abc.net.au/triplejunearthed/artist/hush,hush,2026-04-25T10:07:49+00:00,2026-04-25T10:07:49+00:00,discovery
https://www.abc.net.au/triplejunearthed/artist/lucinda-poy,lucinda-poy,2026-04-25T10:08:05+00:00,2026-04-25T10:08:05+00:00,discovery
https://www.abc.net.au/triplejunearthed/artist/b-see,b-see,2026-04-25T10:08:05+00:00,2026-04-25T10:08:05+00:00,discovery
https://www.abc.net.au/triplejunearthed/artist/exiles,exiles,2026-04-25T10:08:05+00:00,2026-04-25T10:08:05+00:00,discovery
https://www.abc.net.au/triplejunearthed/artist/laguna,laguna,2026-04-25T10:08:05+00:00,2026-04-25T10:08:05+00:00,discovery
https://www.abc.net.au/triplejunearthed/artist/lennycamm,lennycamm,2026-04-25T10:08:05+00:00,2026-04-25T10:08:05+00:00,discovery
https://www.abc.net.au/triplejunearthed/artist/lizard-jones,lizard-jones,2026-04-25T10:08:05+00:00,2026-04-25T10:08:05+00:00,discovery
https://www.abc.net.au/triplejunearthed/artist/body-tax,body-tax,2026-04-25T10:08:05+00:00,2026-04-25T10:08:05+00:00,discovery
https://www.abc.net.au/triplejunearthed/artist/y-rd-h-t-20-1,y-rd-h-t-20-1,2026-04-25T10:08:05+00:00,2026-04-25T10:08:05+00:00,discovery
https://www.abc.net.au/triplejunearthed/artist/pinky-ring,pinky-ring,2026-04-25T10:08:05+00:00,2026-04-25T10:08:05+00:00,discovery
https://www.abc.net.au/triplejunearthed/artist/oreo,oreo,2026-04-25T10:08:22+00:00,2026-04-25T10:08:22+00:00,discovery
https://www.abc.net.au/triplejunearthed/artist/heyjune,heyjune,2026-04-25T10:08:22+00:00,2026-04-25T10:08:22+00:00,discovery
https://www.abc.net.au/triplejunearthed/artist/panaceapostrock,panaceapostrock,2026-04-25T10:08:22+00:00,2026-04-25T10:08:22+00:00,discovery
https://www.abc.net.au/triplejunearthed/artist/paco-wolfe,paco-wolfe,2026-04-25T10:08:22+00:00,2026-04-25T10:08:22+00:00,discovery
https://www.abc.net.au/triplejunearthed/artist/doppla,doppla,2026-04-25T10:08:22+00:00,2026-04-25T10:08:22+00:00,discovery
https://www.abc.net.au/triplejunearthed/artist/conepiece,conepiece,2026-04-25T10:08:22+00:00,2026-04-25T10:08:22+00:00,discovery
https://www.abc.net.au/triplejunearthed/artist/franxie,franxie,2026-04-25T10:08:22+00:00,2026-04-25T10:08:22+00:00,discovery
https://www.abc.net.au/triplejunearthed/artist/sebastian-haysman,sebastian-haysman,2026-04-25T10:08:22+00:00,2026-04-25T10:08:22+00:00,discovery
https://www.abc.net.au/triplejunearthed/artist/nikki-vlahos,nikki-vlahos,2026-04-25T10:08:22+00:00,2026-04-25T10:08:22+00:00,discovery
https://www.abc.net.au/triplejunearthed/artist/httpsopenspotifycomartist48wvpsitdfe2jgyvvvxmpbsifyunjsttbg4,httpsopenspotifycomartist48wvpsitdfe2jgyvvvxmpbsifyunjsttbg4,2026-04-25T10:08:22+00:00,2026-04-25T10:08:22+00:00,discovery
https://www.abc.net.au/triplejunearthed/artist/chris-walker,chris-walker,2026-04-25T10:08:22+00:00,2026-04-25T10:08:22+00:00,discovery
https://www.abc.net.au/triplejunearthed/artist/jerrygrimefeld,jerrygrimefeld,2026-04-25T10:08:22+00:00,2026-04-25T10:08:22+00:00,discovery
https://www.abc.net.au/triplejunearthed/artist/the-rebel-symphony-orchestra,the-rebel-symphony-orchestra,2026-04-25T10:08:22+00:00,2026-04-25T10:08:22+00:00,discovery
https://www.abc.net.au/triplejunearthed/artist/shane-papatolicas,shane-papatolicas,2026-04-25T10:08:42+00:00,2026-04-25T10:08:42+00:00,discovery
https://www.abc.net.au/triplejunearthed/artist/lewy,lewy,2026-04-25T10:08:42+00:00,2026-04-25T10:08:42+00:00,discovery
https://www.abc.net.au/triplejunearthed/artist/abelsyd,abelsyd,2026-04-25T10:08:43+00:00,2026-04-25T10:08:43+00:00,discovery
https://www.abc.net.au/triplejunearthed/artist/airlume,airlume,2026-04-25T10:08:43+00:00,2026-04-25T10:08:43+00:00,discovery
https://www.abc.net.au/triplejunearthed/artist/aiya,aiya,2026-04-25T10:08:43+00:00,2026-04-25T10:08:43+00:00,discovery
https://www.abc.net.au/triplejunearthed/artist/bmanzzz,bmanzzz,2026-04-25T10:08:43+00:00,2026-04-25T10:08:43+00:00,discovery
https://www.abc.net.au/triplejunearthed/artist/bill-durry,bill-durry,2026-04-25T10:08:43+00:00,2026-04-25T10:08:43+00:00,discovery
https://www.abc.net.au/triplejunearthed/artist/onslowmusic,onslowmusic,2026-04-25T10:08:43+00:00,2026-04-25T10:08:43+00:00,discovery
https://www.abc.net.au/triplejunearthed/artist/blindside,blindside,2026-04-25T10:08:43+00:00,2026-04-25T10:08:43+00:00,discovery
https://www.abc.net.au/triplejunearthed/artist/sheluvsmarley,sheluvsmarley,2026-04-25T10:08:43+00:00,2026-04-25T10:08:43+00:00,discovery
https://www.abc.net.au/triplejunearthed/artist/invisible-space-pixies,invisible-space-pixies,2026-04-25T10:08:43+00:00,2026-04-25T10:08:43+00:00,discovery
https://www.abc.net.au/triplejunearthed/artist/david-hearne-aka-artboy,david-hearne-aka-artboy,2026-04-25T10:09:06+00:00,2026-04-25T10:09:06+00:00,discovery
https://www.abc.net.au/triplejunearthed/artist/davidhearne-1000000,davidhearne-1000000,2026-04-25T10:09:06+00:00,2026-04-25T10:09:06+00:00,discovery
https://www.abc.net.au/triplejunearthed/artist/bianca-jay,bianca-jay,2026-04-25T10:09:06+00:00,2026-04-25T10:09:06+00:00,discovery
https://www.abc.net.au/triplejunearthed/artist/sanika-hambarday,sanika-hambarday,2026-04-25T10:09:06+00:00,2026-04-25T10:09:06+00:00,discovery
https://www.abc.net.au/triplejunearthed/artist/joey-neptune-and-the-cosmic-sailors,joey-neptune-and-the-cosmic-sailors,2026-04-25T10:09:06+00:00,2026-04-25T10:09:06+00:00,discovery
https://www.abc.net.au/triplejunearthed/artist/vasilios,vasilios,2026-04-25T10:09:06+00:00,2026-04-25T10:09:06+00:00,discovery
https://www.abc.net.au/triplejunearthed/artist/mongeeya,mongeeya,2026-04-25T10:09:06+00:00,2026-04-25T10:09:06+00:00,discovery
https://www.abc.net.au/triplejunearthed/artist/kombucha,kombucha,2026-04-25T10:09:06+00:00,2026-04-25T10:09:06+00:00,discovery
https://www.abc.net.au/triplejunearthed/artist/kook-joey,kook-joey,2026-04-25T10:09:06+00:00,2026-04-25T10:09:06+00:00,discovery
https://www.abc.net.au/triplejunearthed/artist/fazey-mc,fazey-mc,2026-04-25T10:09:06+00:00,2026-04-25T10:09:06+00:00,discovery
https://www.abc.net.au/triplejunearthed/artist/eviemusic,eviemusic,2026-04-25T10:09:06+00:00,2026-04-25T10:09:06+00:00,discovery
https://www.abc.net.au/triplejunearthed/artist/flavuh,flavuh,2026-04-25T10:09:23+00:00,2026-04-25T10:09:23+00:00,discovery
https://www.abc.net.au/triplejunearthed/artist/swan-s-drafts,swan-s-drafts,2026-04-25T10:09:23+00:00,2026-04-25T10:09:23+00:00,discovery
https://www.abc.net.au/triplejunearthed/artist/samantha-ebeling,samantha-ebeling,2026-04-25T10:09:23+00:00,2026-04-25T10:09:23+00:00,discovery
https://www.abc.net.au/triplejunearthed/artist/asta-anzu-officiel,asta-anzu-officiel,2026-04-25T10:09:23+00:00,2026-04-25T10:09:23+00:00,discovery
https://www.abc.net.au/triplejunearthed/artist/brontekeziahmottram,brontekeziahmottram,2026-04-25T10:09:23+00:00,2026-04-25T10:09:23+00:00,discovery
https://www.abc.net.au/triplejunearthed/artist/eddie-rukidding,eddie-rukidding,2026-04-25T10:09:23+00:00,2026-04-25T10:09:23+00:00,discovery
https://www.abc.net.au/triplejunearthed/artist/crown-nothing,crown-nothing,2026-04-25T10:09:23+00:00,2026-04-25T10:09:23+00:00,discovery
https://www.abc.net.au/triplejunearthed/artist/care,care,2026-04-25T10:09:23+00:00,2026-04-25T10:09:23+00:00,discovery
https://www.abc.net.au/triplejunearthed/artist/capgun,capgun,2026-04-25T10:09:23+00:00,2026-04-25T10:09:23+00:00,discovery
https://www.abc.net.au/triplejunearthed/artist/cj-official1,cj-official1,2026-04-25T10:09:23+00:00,2026-04-25T10:09:23+00:00,discovery
https://www.abc.net.au/triplejunearthed/artist/steven-rks,steven-rks,2026-04-25T10:09:23+00:00,2026-04-25T10:09:23+00:00,discovery
https://www.abc.net.au/triplejunearthed/artist/happy-postcards,happy-postcards,2026-04-25T10:09:23+00:00,2026-04-25T10:09:23+00:00,discovery
https://www.abc.net.au/triplejunearthed/artist/ella-faith,ella-faith,2026-04-25T10:09:40+00:00,2026-04-25T10:09:40+00:00,discovery
https://www.abc.net.au/triplejunearthed/artist/caesar-musix,caesar-musix,2026-04-25T10:09:40+00:00,2026-04-25T10:09:40+00:00,discovery
https://www.abc.net.au/triplejunearthed/artist/stellam,stellam,2026-04-25T10:09:40+00:00,2026-04-25T10:09:40+00:00,discovery
https://www.abc.net.au/triplejunearthed/artist/mkmga,mkmga,2026-04-25T10:09:40+00:00,2026-04-25T10:09:40+00:00,discovery
https://www.abc.net.au/triplejunearthed/artist/jtjamez,jtjamez,2026-04-25T10:09:40+00:00,2026-04-25T10:09:40+00:00,discovery
https://www.abc.net.au/triplejunearthed/artist/baitface3z,baitface3z,2026-04-25T10:09:40+00:00,2026-04-25T10:09:40+00:00,discovery
https://www.abc.net.au/triplejunearthed/artist/tuscan-jaguier,tuscan-jaguier,2026-04-25T10:09:40+00:00,2026-04-25T10:09:40+00:00,discovery
https://www.abc.net.au/triplejunearthed/artist/ugli,ugli,2026-04-25T10:09:40+00:00,2026-04-25T10:09:40+00:00,discovery
https://www.abc.net.au/triplejunearthed/artist/xg-photography-photographic-explorer-songwriter,xg-photography-photographic-explorer-songwriter,2026-04-25T10:09:40+00:00,2026-04-25T10:09:40+00:00,discovery
https://www.abc.net.au/triplejunearthed/artist/rhodosun,rhodosun,2026-04-25T10:09:40+00:00,2026-04-25T10:09:40+00:00,discovery
https://www.abc.net.au/triplejunearthed/artist/roronoah,roronoah,2026-04-25T10:09:40+00:00,2026-04-25T10:09:40+00:00,discovery
https://www.abc.net.au/triplejunearthed/artist/radium-dolls,radium-dolls,2026-04-25T10:09:40+00:00,2026-04-25T10:09:40+00:00,discovery
https://www.abc.net.au/triplejunearthed/artist/big-posy,big-posy,2026-04-25T10:09:40+00:00,2026-04-25T10:09:40+00:00,discovery
https://www.abc.net.au/triplejunearthed/artist/scuffd,scuffd,2026-04-25T10:09:40+00:00,2026-04-25T10:09:40+00:00,discovery
https://www.abc.net.au/triplejunearthed/artist/wells-valenti,wells-valenti,2026-04-25T10:09:41+00:00,2026-04-25T10:09:41+00:00,discovery
https://www.abc.net.au/triplejunearthed/artist/union-court,union-court,2026-04-25T10:09:55+00:00,2026-04-25T10:09:55+00:00,discovery
https://www.abc.net.au/triplejunearthed/artist/the-band-wagon,the-band-wagon,2026-04-25T10:09:55+00:00,2026-04-25T10:09:55+00:00,discovery
https://www.abc.net.au/triplejunearthed/artist/henry-joe,henry-joe,2026-04-25T10:09:55+00:00,2026-04-25T10:09:55+00:00,discovery
https://www.abc.net.au/triplejunearthed/artist/empress-aces,empress-aces,2026-04-25T10:09:55+00:00,2026-04-25T10:09:55+00:00,discovery
https://www.abc.net.au/triplejunearthed/artist/darcy-spiller,darcy-spiller,2026-04-25T10:09:55+00:00,2026-04-25T10:09:55+00:00,discovery
https://www.abc.net.au/triplejunearthed/artist/maceyadl,maceyadl,2026-04-25T10:09:55+00:00,2026-04-25T10:09:55+00:00,discovery
https://www.abc.net.au/triplejunearthed/artist/lanimusic,lanimusic,2026-04-25T10:09:56+00:00,2026-04-25T10:09:56+00:00,discovery
https://www.abc.net.au/triplejunearthed/artist/seanking,seanking,2026-04-25T10:09:56+00:00,2026-04-25T10:09:56+00:00,discovery
https://www.abc.net.au/triplejunearthed/artist/riah-alone,riah-alone,2026-04-25T10:09:56+00:00,2026-04-25T10:09:56+00:00,discovery
https://www.abc.net.au/triplejunearthed/artist/billy-chance,billy-chance,2026-04-25T10:09:56+00:00,2026-04-25T10:09:56+00:00,discovery
https://www.abc.net.au/triplejunearthed/artist/ben-konarov,ben-konarov,2026-04-25T10:10:12+00:00,2026-04-25T10:10:12+00:00,discovery
https://www.abc.net.au/triplejunearthed/artist/lachyo,lachyo,2026-04-25T10:10:12+00:00,2026-04-25T10:10:12+00:00,discovery
https://www.abc.net.au/triplejunearthed/artist/courtney-cole,courtney-cole,2026-04-25T10:10:12+00:00,2026-04-25T10:10:12+00:00,discovery
https://www.abc.net.au/triplejunearthed/artist/south-clement,south-clement,2026-04-25T10:10:12+00:00,2026-04-25T10:10:12+00:00,discovery
https://www.abc.net.au/triplejunearthed/artist/javierandthewave,javierandthewave,2026-04-25T10:10:12+00:00,2026-04-25T10:10:12+00:00,discovery
https://www.abc.net.au/triplejunearthed/artist/contramusic,contramusic,2026-04-25T10:10:12+00:00,2026-04-25T10:10:12+00:00,discovery
https://www.abc.net.au/triplejunearthed/artist/isaac-hunter,isaac-hunter,2026-04-25T10:10:12+00:00,2026-04-25T10:10:12+00:00,discovery
https://www.abc.net.au/triplejunearthed/artist/dr-brown-nam-tae,dr-brown-nam-tae,2026-04-25T10:10:13+00:00,2026-04-25T10:10:13+00:00,discovery
https://www.abc.net.au/triplejunearthed/artist/hifeelings,hifeelings,2026-04-25T10:10:13+00:00,2026-04-25T10:10:13+00:00,discovery
https://www.abc.net.au/triplejunearthed/artist/methemb,methemb,2026-04-25T10:10:13+00:00,2026-04-25T10:10:13+00:00,discovery
https://www.abc.net.au/triplejunearthed/artist/kidd-exi,kidd-exi,2026-04-25T10:10:13+00:00,2026-04-25T10:10:13+00:00,discovery
https://www.abc.net.au/triplejunearthed/artist/guinnessstone,guinnessstone,2026-04-25T10:10:29+00:00,2026-04-25T10:10:29+00:00,discovery
https://www.abc.net.au/triplejunearthed/artist/tia-brittany,tia-brittany,2026-04-25T10:10:29+00:00,2026-04-25T10:10:29+00:00,discovery
https://www.abc.net.au/triplejunearthed/artist/ritual-disorder,ritual-disorder,2026-04-25T10:10:29+00:00,2026-04-25T10:10:29+00:00,discovery
https://www.abc.net.au/triplejunearthed/artist/monico,monico,2026-04-25T10:10:29+00:00,2026-04-25T10:10:29+00:00,discovery
https://www.abc.net.au/triplejunearthed/artist/gurnard7255,gurnard7255,2026-04-25T10:10:29+00:00,2026-04-25T10:10:29+00:00,discovery
https://www.abc.net.au/triplejunearthed/artist/obscura-hail,obscura-hail,2026-04-25T10:10:29+00:00,2026-04-25T10:10:29+00:00,discovery
https://www.abc.net.au/triplejunearthed/artist/pretty-moi,pretty-moi,2026-04-25T10:10:29+00:00,2026-04-25T10:10:29+00:00,discovery
https://www.abc.net.au/triplejunearthed/artist/luke-francis,luke-francis,2026-04-25T10:10:30+00:00,2026-04-25T10:10:30+00:00,discovery
https://www.abc.net.au/triplejunearthed/artist/cooper-nasic,cooper-nasic,2026-04-25T10:10:30+00:00,2026-04-25T10:10:30+00:00,discovery
https://www.abc.net.au/triplejunearthed/artist/the-pasquale,the-pasquale,2026-04-25T10:10:30+00:00,2026-04-25T10:10:30+00:00,discovery
https://www.abc.net.au/triplejunearthed/artist/los-removalists,los-removalists,2026-04-25T10:10:30+00:00,2026-04-25T10:10:30+00:00,discovery
https://www.abc.net.au/triplejunearthed/artist/anuja,anuja,2026-04-25T10:10:30+00:00,2026-04-25T10:10:30+00:00,discovery
https://www.abc.net.au/triplejunearthed/artist/oliver-juniper,oliver-juniper,2026-04-25T10:10:30+00:00,2026-04-25T10:10:30+00:00,discovery
https://www.abc.net.au/triplejunearthed/artist/trials,trials,2026-04-25T10:10:30+00:00,2026-04-25T10:10:30+00:00,discovery
https://www.abc.net.au/triplejunearthed/artist/mitchell-bartlett,mitchell-bartlett,2026-04-25T10:10:45+00:00,2026-04-25T10:10:45+00:00,discovery
https://www.abc.net.au/triplejunearthed/artist/notwarwicksmith,notwarwicksmith,2026-04-25T10:10:45+00:00,2026-04-25T10:10:45+00:00,discovery
https://www.abc.net.au/triplejunearthed/artist/k-west,k-west,2026-04-25T10:10:45+00:00,2026-04-25T10:10:45+00:00,discovery
https://www.abc.net.au/triplejunearthed/artist/kenny-keates,kenny-keates,2026-04-25T10:10:45+00:00,2026-04-25T10:10:45+00:00,discovery
https://www.abc.net.au/triplejunearthed/artist/iamskyemusic,iamskyemusic,2026-04-25T10:10:46+00:00,2026-04-25T10:10:46+00:00,discovery
https://www.abc.net.au/triplejunearthed/artist/cooperwoods,cooperwoods,2026-04-25T10:10:46+00:00,2026-04-25T10:10:46+00:00,discovery
https://www.abc.net.au/triplejunearthed/artist/cal-stone,cal-stone,2026-04-25T10:10:46+00:00,2026-04-25T10:10:46+00:00,discovery
https://www.abc.net.au/triplejunearthed/artist/mickilla,mickilla,2026-04-25T10:10:46+00:00,2026-04-25T10:10:46+00:00,discovery
https://www.abc.net.au/triplejunearthed/artist/eye-dye,eye-dye,2026-04-25T10:10:46+00:00,2026-04-25T10:10:46+00:00,discovery
https://www.abc.net.au/triplejunearthed/artist/cynthoni,cynthoni,2026-04-25T10:10:46+00:00,2026-04-25T10:10:46+00:00,discovery
https://www.abc.net.au/triplejunearthed/artist/seren-o,seren-o,2026-04-25T10:10:46+00:00,2026-04-25T10:10:46+00:00,discovery
https://www.abc.net.au/triplejunearthed/artist/minty,minty,2026-04-25T10:10:46+00:00,2026-04-25T10:10:46+00:00,discovery
https://www.abc.net.au/triplejunearthed/artist/l-e-n-i,l-e-n-i,2026-04-25T10:11:02+00:00,2026-04-25T10:11:02+00:00,discovery
https://www.abc.net.au/triplejunearthed/artist/miguel-brooking,miguel-brooking,2026-04-25T10:11:02+00:00,2026-04-25T10:11:02+00:00,discovery
https://www.abc.net.au/triplejunearthed/artist/renae,renae,2026-04-25T10:11:02+00:00,2026-04-25T10:11:02+00:00,discovery
https://www.abc.net.au/triplejunearthed/artist/max-james,max-james,2026-04-25T10:11:02+00:00,2026-04-25T10:11:02+00:00,discovery
https://www.abc.net.au/triplejunearthed/artist/the-splendid-balladeers,the-splendid-balladeers,2026-04-25T10:11:02+00:00,2026-04-25T10:11:02+00:00,discovery
https://www.abc.net.au/triplejunearthed/artist/spill-kit-xoxo,spill-kit-xoxo,2026-04-25T10:11:02+00:00,2026-04-25T10:11:02+00:00,discovery
https://www.abc.net.au/triplejunearthed/artist/streetlights,streetlights,2026-04-25T10:11:02+00:00,2026-04-25T10:11:02+00:00,discovery
https://www.abc.net.au/triplejunearthed/artist/subjectzero,subjectzero,2026-04-25T10:11:02+00:00,2026-04-25T10:11:02+00:00,discovery
https://www.abc.net.au/triplejunearthed/artist/a-ware,a-ware,2026-04-25T10:11:03+00:00,2026-04-25T10:11:03+00:00,discovery
https://www.abc.net.au/triplejunearthed/artist/dial-denial,dial-denial,2026-04-25T10:11:03+00:00,2026-04-25T10:11:03+00:00,discovery
https://www.abc.net.au/triplejunearthed/artist/thecoolabahs,thecoolabahs,2026-04-25T10:11:03+00:00,2026-04-25T10:11:03+00:00,discovery
https://www.abc.net.au/triplejunearthed/artist/kanyeala,kanyeala,2026-04-25T10:11:03+00:00,2026-04-25T10:11:03+00:00,discovery
https://www.abc.net.au/triplejunearthed/artist/everglade,everglade,2026-04-25T10:11:19+00:00,2026-04-25T10:11:19+00:00,discovery
https://www.abc.net.au/triplejunearthed/artist/young-lennon,young-lennon,2026-04-25T10:11:19+00:00,2026-04-25T10:11:19+00:00,discovery
https://www.abc.net.au/triplejunearthed/artist/cannonade,cannonade,2026-04-25T10:11:19+00:00,2026-04-25T10:11:19+00:00,discovery
https://www.abc.net.au/triplejunearthed/artist/sokti,sokti,2026-04-25T10:11:19+00:00,2026-04-25T10:11:19+00:00,discovery
https://www.abc.net.au/triplejunearthed/artist/paradesband,paradesband,2026-04-25T10:11:19+00:00,2026-04-25T10:11:19+00:00,discovery
https://www.abc.net.au/triplejunearthed/artist/milo-hunter,milo-hunter,2026-04-25T10:11:19+00:00,2026-04-25T10:11:19+00:00,discovery
https://www.abc.net.au/triplejunearthed/artist/the-heights,the-heights,2026-04-25T10:11:19+00:00,2026-04-25T10:11:19+00:00,discovery
https://www.abc.net.au/triplejunearthed/artist/kid-kobe,kid-kobe,2026-04-25T10:11:19+00:00,2026-04-25T10:11:19+00:00,discovery
https://www.abc.net.au/triplejunearthed/artist/quantum-mechanism,quantum-mechanism,2026-04-25T10:11:19+00:00,2026-04-25T10:11:19+00:00,discovery
https://www.abc.net.au/triplejunearthed/artist/daisy-chains-music,daisy-chains-music,2026-04-25T10:11:19+00:00,2026-04-25T10:11:19+00:00,discovery
https://www.abc.net.au/triplejunearthed/artist/montague-street-bridge,montague-street-bridge,2026-04-25T10:11:19+00:00,2026-04-25T10:11:19+00:00,discovery
https://www.abc.net.au/triplejunearthed/artist/the-gurus,the-gurus,2026-04-25T10:11:19+00:00,2026-04-25T10:11:19+00:00,discovery
https://www.abc.net.au/triplejunearthed/artist/foundmarceline,foundmarceline,2026-04-25T10:11:36+00:00,2026-04-25T10:11:36+00:00,discovery
https://www.abc.net.au/triplejunearthed/artist/land-living,land-living,2026-04-25T10:11:36+00:00,2026-04-25T10:11:36+00:00,discovery
https://www.abc.net.au/triplejunearthed/artist/self-tape,self-tape,2026-04-25T10:11:36+00:00,2026-04-25T10:11:36+00:00,discovery
https://www.abc.net.au/triplejunearthed/artist/daezy,daezy,2026-04-25T10:11:36+00:00,2026-04-25T10:11:36+00:00,discovery
https://www.abc.net.au/triplejunearthed/artist/tae-webb-dudek,tae-webb-dudek,2026-04-25T10:11:36+00:00,2026-04-25T10:11:36+00:00,discovery
https://www.abc.net.au/triplejunearthed/artist/bakers-eddy,bakers-eddy,2026-04-25T10:11:36+00:00,2026-04-25T10:11:36+00:00,discovery
https://www.abc.net.au/triplejunearthed/artist/the-sweet-heaps,the-sweet-heaps,2026-04-25T10:11:36+00:00,2026-04-25T10:11:36+00:00,discovery
https://www.abc.net.au/triplejunearthed/artist/lsf,lsf,2026-04-25T10:11:36+00:00,2026-04-25T10:11:36+00:00,discovery
https://www.abc.net.au/triplejunearthed/artist/felicityandjosh,felicityandjosh,2026-04-25T10:11:36+00:00,2026-04-25T10:11:36+00:00,discovery
https://www.abc.net.au/triplejunearthed/artist/buttermello,buttermello,2026-04-25T10:11:36+00:00,2026-04-25T10:11:36+00:00,discovery
https://www.abc.net.au/triplejunearthed/artist/riviera,riviera,2026-04-25T10:11:36+00:00,2026-04-25T10:11:36+00:00,discovery
https://www.abc.net.au/triplejunearthed/artist/mathilda-lipscombe,mathilda-lipscombe,2026-04-25T10:11:36+00:00,2026-04-25T10:11:36+00:00,discovery
https://www.abc.net.au/triplejunearthed/artist/lamonay,lamonay,2026-04-25T10:11:36+00:00,2026-04-25T10:11:36+00:00,discovery
https://www.abc.net.au/triplejunearthed/artist/nekrome,nekrome,2026-04-25T10:11:53+00:00,2026-04-25T10:11:53+00:00,discovery
https://www.abc.net.au/triplejunearthed/artist/retep,retep,2026-04-25T10:11:53+00:00,2026-04-25T10:11:53+00:00,discovery
https://www.abc.net.au/triplejunearthed/artist/damon,damon,2026-04-25T10:11:53+00:00,2026-04-25T10:11:53+00:00,discovery
https://www.abc.net.au/triplejunearthed/artist/lottiemcleod,lottiemcleod,2026-04-25T10:11:53+00:00,2026-04-25T10:11:53+00:00,discovery
https://www.abc.net.au/triplejunearthed/artist/thelilacswa,thelilacswa,2026-04-25T10:11:53+00:00,2026-04-25T10:11:53+00:00,discovery
https://www.abc.net.au/triplejunearthed/artist/lemon-joe,lemon-joe,2026-04-25T10:11:53+00:00,2026-04-25T10:11:53+00:00,discovery
https://www.abc.net.au/triplejunearthed/artist/fragile-machines,fragile-machines,2026-04-25T10:11:53+00:00,2026-04-25T10:11:53+00:00,discovery
https://www.abc.net.au/triplejunearthed/artist/devat,devat,2026-04-25T10:11:53+00:00,2026-04-25T10:11:53+00:00,discovery
https://www.abc.net.au/triplejunearthed/artist/marniezworld,marniezworld,2026-04-25T10:11:53+00:00,2026-04-25T10:11:53+00:00,discovery
https://www.abc.net.au/triplejunearthed/artist/harley-low,harley-low,2026-04-25T10:11:53+00:00,2026-04-25T10:11:53+00:00,discovery
https://www.abc.net.au/triplejunearthed/artist/the-tommies,the-tommies,2026-04-25T10:11:53+00:00,2026-04-25T10:11:53+00:00,discovery
https://www.abc.net.au/triplejunearthed/artist/fehlbergo,fehlbergo,2026-04-25T10:11:53+00:00,2026-04-25T10:11:53+00:00,discovery
https://www.abc.net.au/triplejunearthed/artist/nancy-shore,nancy-shore,2026-04-25T10:12:10+00:00,2026-04-25T10:12:10+00:00,discovery
https://www.abc.net.au/triplejunearthed/artist/strawler,strawler,2026-04-25T10:12:10+00:00,2026-04-25T10:12:10+00:00,discovery
https://www.abc.net.au/triplejunearthed/artist/oshuaha,oshuaha,2026-04-25T10:12:10+00:00,2026-04-25T10:12:10+00:00,discovery
https://www.abc.net.au/triplejunearthed/artist/milasairpods,milasairpods,2026-04-25T10:12:10+00:00,2026-04-25T10:12:10+00:00,discovery
https://www.abc.net.au/triplejunearthed/artist/lion-fickle,lion-fickle,2026-04-25T10:12:10+00:00,2026-04-25T10:12:10+00:00,discovery
https://www.abc.net.au/triplejunearthed/artist/hilary,hilary,2026-04-25T10:12:10+00:00,2026-04-25T10:12:10+00:00,discovery
https://www.abc.net.au/triplejunearthed/artist/friendless,friendless,2026-04-25T10:12:10+00:00,2026-04-25T10:12:10+00:00,discovery
https://www.abc.net.au/triplejunearthed/artist/thestubbies,thestubbies,2026-04-25T10:12:10+00:00,2026-04-25T10:12:10+00:00,discovery
https://www.abc.net.au/triplejunearthed/artist/saskiadoran,saskiadoran,2026-04-25T10:12:10+00:00,2026-04-25T10:12:10+00:00,discovery
https://www.abc.net.au/triplejunearthed/artist/asha-ryder-west,asha-ryder-west,2026-04-25T10:12:10+00:00,2026-04-25T10:12:10+00:00,discovery
https://www.abc.net.au/triplejunearthed/artist/tom-reagan,tom-reagan,2026-04-25T10:12:10+00:00,2026-04-25T10:12:10+00:00,discovery
https://www.abc.net.au/triplejunearthed/artist/jacobin-caesar,jacobin-caesar,2026-04-25T10:12:10+00:00,2026-04-25T10:12:10+00:00,discovery
https://www.abc.net.au/triplejunearthed/artist/alexis-naylor,alexis-naylor,2026-04-25T10:12:28+00:00,2026-04-25T10:12:28+00:00,discovery
https://www.abc.net.au/triplejunearthed/artist/curse,curse,2026-04-25T10:12:28+00:00,2026-04-25T10:12:28+00:00,discovery
https://www.abc.net.au/triplejunearthed/artist/tamala-park-book-club,tamala-park-book-club,2026-04-25T10:12:28+00:00,2026-04-25T10:12:28+00:00,discovery
https://www.abc.net.au/triplejunearthed/artist/will-k,will-k,2026-04-25T10:12:28+00:00,2026-04-25T10:12:28+00:00,discovery
https://www.abc.net.au/triplejunearthed/artist/myles-cottonmusic,myles-cottonmusic,2026-04-25T10:12:28+00:00,2026-04-25T10:12:28+00:00,discovery
https://www.abc.net.au/triplejunearthed/artist/please-linger,please-linger,2026-04-25T10:12:28+00:00,2026-04-25T10:12:28+00:00,discovery
https://www.abc.net.au/triplejunearthed/artist/hologram-sam,hologram-sam,2026-04-25T10:12:28+00:00,2026-04-25T10:12:28+00:00,discovery
https://www.abc.net.au/triplejunearthed/artist/backlashhc,backlashhc,2026-04-25T10:12:45+00:00,2026-04-25T10:12:45+00:00,discovery
https://www.abc.net.au/triplejunearthed/artist/kayls,kayls,2026-04-25T10:12:45+00:00,2026-04-25T10:12:45+00:00,discovery
https://www.abc.net.au/triplejunearthed/artist/lils,lils,2026-04-25T10:12:45+00:00,2026-04-25T10:12:45+00:00,discovery
https://www.abc.net.au/triplejunearthed/artist/whale-called-phoenix,whale-called-phoenix,2026-04-25T10:12:45+00:00,2026-04-25T10:12:45+00:00,discovery
https://www.abc.net.au/triplejunearthed/artist/the-vegas-pigeons,the-vegas-pigeons,2026-04-25T10:12:45+00:00,2026-04-25T10:12:45+00:00,discovery
https://www.abc.net.au/triplejunearthed/artist/popped-collars,popped-collars,2026-04-25T10:12:45+00:00,2026-04-25T10:12:45+00:00,discovery
https://www.abc.net.au/triplejunearthed/artist/4-elements-9,4-elements-9,2026-04-25T10:12:45+00:00,2026-04-25T10:12:45+00:00,discovery
https://www.abc.net.au/triplejunearthed/artist/aydose-treats,aydose-treats,2026-04-25T10:12:45+00:00,2026-04-25T10:12:45+00:00,discovery
https://www.abc.net.au/triplejunearthed/artist/caligo,caligo,2026-04-25T10:12:45+00:00,2026-04-25T10:12:45+00:00,discovery
https://www.abc.net.au/triplejunearthed/artist/tanya-white,tanya-white,2026-04-25T10:12:45+00:00,2026-04-25T10:12:45+00:00,discovery
https://www.abc.net.au/triplejunearthed/artist/kizandthesea,kizandthesea,2026-04-25T10:12:45+00:00,2026-04-25T10:12:45+00:00,discovery
https://www.abc.net.au/triplejunearthed/artist/kraken-kramer,kraken-kramer,2026-04-25T10:12:45+00:00,2026-04-25T10:12:45+00:00,discovery
https://www.abc.net.au/triplejunearthed/artist/bob-corbett-and-the-roo-grass-band,bob-corbett-and-the-roo-grass-band,2026-04-25T10:12:45+00:00,2026-04-25T10:12:45+00:00,discovery
https://www.abc.net.au/triplejunearthed/artist/aaron-novotny,aaron-novotny,2026-04-25T10:12:45+00:00,2026-04-25T10:12:45+00:00,discovery
https://www.abc.net.au/triplejunearthed/artist/mike-branch,mike-branch,2026-04-25T10:12:46+00:00,2026-04-25T10:12:46+00:00,discovery
https://www.abc.net.au/triplejunearthed/artist/sean-de-goya,sean-de-goya,2026-04-25T10:13:03+00:00,2026-04-25T10:13:03+00:00,discovery
https://www.abc.net.au/triplejunearthed/artist/asami,asami,2026-04-25T10:13:03+00:00,2026-04-25T10:13:03+00:00,discovery
https://www.abc.net.au/triplejunearthed/artist/viperchain,viperchain,2026-04-25T10:13:03+00:00,2026-04-25T10:13:03+00:00,discovery
https://www.abc.net.au/triplejunearthed/artist/goat-road,goat-road,2026-04-25T10:13:03+00:00,2026-04-25T10:13:03+00:00,discovery
https://www.abc.net.au/triplejunearthed/artist/allan-parmenter,allan-parmenter,2026-04-25T10:13:03+00:00,2026-04-25T10:13:03+00:00,discovery
https://www.abc.net.au/triplejunearthed/artist/pandoras-vessel,pandoras-vessel,2026-04-25T10:13:03+00:00,2026-04-25T10:13:03+00:00,discovery
https://www.abc.net.au/triplejunearthed/artist/behind-the-sea,behind-the-sea,2026-04-25T10:13:03+00:00,2026-04-25T10:13:03+00:00,discovery
https://www.abc.net.au/triplejunearthed/artist/neav,neav,2026-04-25T10:13:03+00:00,2026-04-25T10:13:03+00:00,discovery
https://www.abc.net.au/triplejunearthed/artist/braidyn,braidyn,2026-04-25T10:13:03+00:00,2026-04-25T10:13:03+00:00,discovery
https://www.abc.net.au/triplejunearthed/artist/eden-plenty,eden-plenty,2026-04-25T10:13:03+00:00,2026-04-25T10:13:03+00:00,discovery
https://www.abc.net.au/triplejunearthed/artist/wholessale-noise,wholessale-noise,2026-04-25T10:13:20+00:00,2026-04-25T10:13:20+00:00,discovery
https://www.abc.net.au/triplejunearthed/artist/iluka,iluka,2026-04-25T10:13:20+00:00,2026-04-25T10:13:20+00:00,discovery
https://www.abc.net.au/triplejunearthed/artist/demise,demise,2026-04-25T10:13:20+00:00,2026-04-25T10:13:20+00:00,discovery
https://www.abc.net.au/triplejunearthed/artist/revomatix,revomatix,2026-04-25T10:13:20+00:00,2026-04-25T10:13:20+00:00,discovery
https://www.abc.net.au/triplejunearthed/artist/shaecee,shaecee,2026-04-25T10:13:20+00:00,2026-04-25T10:13:20+00:00,discovery
https://www.abc.net.au/triplejunearthed/artist/abbyweisse,abbyweisse,2026-04-25T10:13:20+00:00,2026-04-25T10:13:20+00:00,discovery
https://www.abc.net.au/triplejunearthed/artist/generalelecrticband,generalelecrticband,2026-04-25T10:13:20+00:00,2026-04-25T10:13:20+00:00,discovery
https://www.abc.net.au/triplejunearthed/artist/sunburns,sunburns,2026-04-25T10:13:20+00:00,2026-04-25T10:13:20+00:00,discovery
https://www.abc.net.au/triplejunearthed/artist/baraka-the-kid,baraka-the-kid,2026-04-25T10:13:20+00:00,2026-04-25T10:13:20+00:00,discovery
https://www.abc.net.au/triplejunearthed/artist/seb-romano,seb-romano,2026-04-25T10:13:20+00:00,2026-04-25T10:13:20+00:00,discovery
https://www.abc.net.au/triplejunearthed/artist/db7,db7,2026-04-25T10:13:39+00:00,2026-04-25T10:13:39+00:00,discovery
https://www.abc.net.au/triplejunearthed/artist/holas-may,holas-may,2026-04-25T10:13:39+00:00,2026-04-25T10:13:39+00:00,discovery
https://www.abc.net.au/triplejunearthed/artist/creative-lies,creative-lies,2026-04-25T10:13:39+00:00,2026-04-25T10:13:39+00:00,discovery
https://www.abc.net.au/triplejunearthed/artist/camjammin,camjammin,2026-04-25T10:13:39+00:00,2026-04-25T10:13:39+00:00,discovery
https://www.abc.net.au/triplejunearthed/artist/headnoise,headnoise,2026-04-25T10:13:39+00:00,2026-04-25T10:13:39+00:00,discovery
https://www.abc.net.au/triplejunearthed/artist/whoisemmabass,whoisemmabass,2026-04-25T10:13:39+00:00,2026-04-25T10:13:39+00:00,discovery
https://www.abc.net.au/triplejunearthed/artist/prophet-mica,prophet-mica,2026-04-25T10:13:39+00:00,2026-04-25T10:13:39+00:00,discovery
https://www.abc.net.au/triplejunearthed/artist/colourmind,colourmind,2026-04-25T10:13:39+00:00,2026-04-25T10:13:39+00:00,discovery
https://www.abc.net.au/triplejunearthed/artist/dankest-trojans,dankest-trojans,2026-04-25T10:13:58+00:00,2026-04-25T10:13:58+00:00,discovery
https://www.abc.net.au/triplejunearthed/artist/eaton-dinner,eaton-dinner,2026-04-25T10:13:58+00:00,2026-04-25T10:13:58+00:00,discovery
https://www.abc.net.au/triplejunearthed/artist/southside-fndz,southside-fndz,2026-04-25T10:13:58+00:00,2026-04-25T10:13:58+00:00,discovery
https://www.abc.net.au/triplejunearthed/artist/artboy777,artboy777,2026-04-25T10:13:58+00:00,2026-04-25T10:13:58+00:00,discovery
https://www.abc.net.au/triplejunearthed/artist/orchid-bloom,orchid-bloom,2026-04-25T10:13:58+00:00,2026-04-25T10:13:58+00:00,discovery
https://www.abc.net.au/triplejunearthed/artist/gs82,gs82,2026-04-25T10:13:58+00:00,2026-04-25T10:13:58+00:00,discovery
https://www.abc.net.au/triplejunearthed/artist/dawood-hajid,dawood-hajid,2026-04-25T10:13:58+00:00,2026-04-25T10:13:58+00:00,discovery
https://www.abc.net.au/triplejunearthed/artist/kingdog-and-catz,kingdog-and-catz,2026-04-25T10:14:16+00:00,2026-04-25T10:14:16+00:00,discovery
https://www.abc.net.au/triplejunearthed/artist/scarnate,scarnate,2026-04-25T10:14:16+00:00,2026-04-25T10:14:16+00:00,discovery
https://www.abc.net.au/triplejunearthed/artist/return-to-the-source,return-to-the-source,2026-04-25T10:14:16+00:00,2026-04-25T10:14:16+00:00,discovery
https://www.abc.net.au/triplejunearthed/artist/connorrandles,connorrandles,2026-04-25T10:14:16+00:00,2026-04-25T10:14:16+00:00,discovery
https://www.abc.net.au/triplejunearthed/artist/run-ray-run,run-ray-run,2026-04-25T10:14:16+00:00,2026-04-25T10:14:16+00:00,discovery
https://www.abc.net.au/triplejunearthed/artist/petemutasa,petemutasa,2026-04-25T10:14:16+00:00,2026-04-25T10:14:16+00:00,discovery
https://www.abc.net.au/triplejunearthed/artist/dj-georgia,dj-georgia,2026-04-25T10:14:16+00:00,2026-04-25T10:14:16+00:00,discovery
https://www.abc.net.au/triplejunearthed/artist/theofficialydc,theofficialydc,2026-04-25T10:14:16+00:00,2026-04-25T10:14:16+00:00,discovery
https://www.abc.net.au/triplejunearthed/artist/suspect-emc,suspect-emc,2026-04-25T10:14:35+00:00,2026-04-25T10:14:35+00:00,discovery
https://www.abc.net.au/triplejunearthed/artist/angelo-santiago,angelo-santiago,2026-04-25T10:14:35+00:00,2026-04-25T10:14:35+00:00,discovery
https://www.abc.net.au/triplejunearthed/artist/slowcoaching,slowcoaching,2026-04-25T10:14:35+00:00,2026-04-25T10:14:35+00:00,discovery
https://www.abc.net.au/triplejunearthed/artist/bxnes300,bxnes300,2026-04-25T10:14:35+00:00,2026-04-25T10:14:35+00:00,discovery
https://www.abc.net.au/triplejunearthed/artist/wash-jjj,wash-jjj,2026-04-25T10:14:35+00:00,2026-04-25T10:14:35+00:00,discovery
https://www.abc.net.au/triplejunearthed/artist/malaika-temba,malaika-temba,2026-04-25T10:14:35+00:00,2026-04-25T10:14:35+00:00,discovery
https://www.abc.net.au/triplejunearthed/artist/hutson,hutson,2026-04-25T10:14:35+00:00,2026-04-25T10:14:35+00:00,discovery
https://www.abc.net.au/triplejunearthed/artist/usvsthem,usvsthem,2026-04-25T10:14:35+00:00,2026-04-25T10:14:35+00:00,discovery
https://www.abc.net.au/triplejunearthed/artist/dwayne-de-mello,dwayne-de-mello,2026-04-25T10:14:35+00:00,2026-04-25T10:14:35+00:00,discovery
https://www.abc.net.au/triplejunearthed/artist/minds-untethered,minds-untethered,2026-04-25T10:14:35+00:00,2026-04-25T10:14:35+00:00,discovery
https://www.abc.net.au/triplejunearthed/artist/walta,walta,2026-04-25T10:14:55+00:00,2026-04-25T10:14:55+00:00,discovery
https://www.abc.net.au/triplejunearthed/artist/lukae,lukae,2026-04-25T10:14:56+00:00,2026-04-25T10:14:56+00:00,discovery
https://www.abc.net.au/triplejunearthed/artist/nature-silents,nature-silents,2026-04-25T10:14:56+00:00,2026-04-25T10:14:56+00:00,discovery
https://www.abc.net.au/triplejunearthed/artist/elisus,elisus,2026-04-25T10:14:56+00:00,2026-04-25T10:14:56+00:00,discovery
https://www.abc.net.au/triplejunearthed/artist/atticus-chimps,atticus-chimps,2026-04-25T10:14:56+00:00,2026-04-25T10:14:56+00:00,discovery
https://www.abc.net.au/triplejunearthed/artist/jonos-mate-sheep,jonos-mate-sheep,2026-04-25T10:14:56+00:00,2026-04-25T10:14:56+00:00,discovery
https://www.abc.net.au/triplejunearthed/artist/wolfpup,wolfpup,2026-04-25T10:14:56+00:00,2026-04-25T10:14:56+00:00,discovery
https://www.abc.net.au/triplejunearthed/artist/adam-maiolo,adam-maiolo,2026-04-25T10:14:56+00:00,2026-04-25T10:14:56+00:00,discovery
https://www.abc.net.au/triplejunearthed/artist/dj-fannie,dj-fannie,2026-04-25T10:14:56+00:00,2026-04-25T10:14:56+00:00,discovery
https://www.abc.net.au/triplejunearthed/artist/jorjmusic,jorjmusic,2026-04-25T10:14:56+00:00,2026-04-25T10:14:56+00:00,discovery
https://www.abc.net.au/triplejunearthed/artist/spin,spin,2026-04-25T10:15:20+00:00,2026-04-25T10:15:20+00:00,discovery
https://www.abc.net.au/triplejunearthed/artist/seaport-airport,seaport-airport,2026-04-25T10:15:20+00:00,2026-04-25T10:15:20+00:00,discovery
https://www.abc.net.au/triplejunearthed/artist/darkodene,darkodene,2026-04-25T10:15:20+00:00,2026-04-25T10:15:20+00:00,discovery
https://www.abc.net.au/triplejunearthed/artist/finn-pearson,finn-pearson,2026-04-25T10:15:20+00:00,2026-04-25T10:15:20+00:00,discovery
https://www.abc.net.au/triplejunearthed/artist/shadowborn,shadowborn,2026-04-25T10:15:20+00:00,2026-04-25T10:15:20+00:00,discovery
https://www.abc.net.au/triplejunearthed/artist/noah-skape,noah-skape,2026-04-25T10:15:20+00:00,2026-04-25T10:15:20+00:00,discovery
https://www.abc.net.au/triplejunearthed/artist/dream-line,dream-line,2026-04-25T10:15:20+00:00,2026-04-25T10:15:20+00:00,discovery
https://www.abc.net.au/triplejunearthed/artist/drdamon-mars,drdamon-mars,2026-04-25T10:15:20+00:00,2026-04-25T10:15:20+00:00,discovery
https://www.abc.net.au/triplejunearthed/artist/smackpandas,smackpandas,2026-04-25T10:15:20+00:00,2026-04-25T10:15:20+00:00,discovery
https://www.abc.net.au/triplejunearthed/artist/bailzwil,bailzwil,2026-04-25T10:15:20+00:00,2026-04-25T10:15:20+00:00,discovery
https://www.abc.net.au/triplejunearthed/artist/bwilo,bwilo,2026-04-25T10:15:20+00:00,2026-04-25T10:15:20+00:00,discovery
https://www.abc.net.au/triplejunearthed/artist/sideway,sideway,2026-04-25T10:15:39+00:00,2026-04-25T10:15:39+00:00,discovery
https://www.abc.net.au/triplejunearthed/artist/chirai,chirai,2026-04-25T10:15:39+00:00,2026-04-25T10:15:39+00:00,discovery
https://www.abc.net.au/triplejunearthed/artist/samb13,samb13,2026-04-25T10:15:39+00:00,2026-04-25T10:15:39+00:00,discovery
https://www.abc.net.au/triplejunearthed/artist/lisa-chiodo,lisa-chiodo,2026-04-25T10:15:39+00:00,2026-04-25T10:15:39+00:00,discovery
https://www.abc.net.au/triplejunearthed/artist/edgebug,edgebug,2026-04-25T10:15:39+00:00,2026-04-25T10:15:39+00:00,discovery
https://www.abc.net.au/triplejunearthed/artist/three-wicked-ways,three-wicked-ways,2026-04-25T10:15:39+00:00,2026-04-25T10:15:39+00:00,discovery
https://www.abc.net.au/triplejunearthed/artist/gabriel-thomas,gabriel-thomas,2026-04-25T10:15:39+00:00,2026-04-25T10:15:39+00:00,discovery
https://www.abc.net.au/triplejunearthed/artist/the-nunnery,the-nunnery,2026-04-25T10:15:58+00:00,2026-04-25T10:15:58+00:00,discovery
https://www.abc.net.au/triplejunearthed/artist/charlotte-meade,charlotte-meade,2026-04-25T10:15:58+00:00,2026-04-25T10:15:58+00:00,discovery
https://www.abc.net.au/triplejunearthed/artist/zara-chantelle,zara-chantelle,2026-04-25T10:15:58+00:00,2026-04-25T10:15:58+00:00,discovery
https://www.abc.net.au/triplejunearthed/artist/raccy,raccy,2026-04-25T10:15:58+00:00,2026-04-25T10:15:58+00:00,discovery
https://www.abc.net.au/triplejunearthed/artist/jetcameron,jetcameron,2026-04-25T10:15:58+00:00,2026-04-25T10:15:58+00:00,discovery
https://www.abc.net.au/triplejunearthed/artist/rocky-s-pride-joy,rocky-s-pride-joy,2026-04-25T10:15:58+00:00,2026-04-25T10:15:58+00:00,discovery
https://www.abc.net.au/triplejunearthed/artist/ruby-jones,ruby-jones,2026-04-25T10:15:58+00:00,2026-04-25T10:15:58+00:00,discovery
https://www.abc.net.au/triplejunearthed/artist/ecstasy-drive,ecstasy-drive,2026-04-25T10:15:58+00:00,2026-04-25T10:15:58+00:00,discovery
https://www.abc.net.au/triplejunearthed/artist/rishaan,rishaan,2026-04-25T10:15:58+00:00,2026-04-25T10:15:58+00:00,discovery
https://www.abc.net.au/triplejunearthed/artist/artboy-david-hearne,artboy-david-hearne,2026-04-25T10:15:58+00:00,2026-04-25T10:15:58+00:00,discovery
https://www.abc.net.au/triplejunearthed/artist/oghaydoz,oghaydoz,2026-04-25T10:16:20+00:00,2026-04-25T10:16:20+00:00,discovery
https://www.abc.net.au/triplejunearthed/artist/thedukeofrandwick,thedukeofrandwick,2026-04-25T10:16:20+00:00,2026-04-25T10:16:20+00:00,discovery
https://www.abc.net.au/triplejunearthed/artist/david-hearne1111,david-hearne1111,2026-04-25T10:16:20+00:00,2026-04-25T10:16:20+00:00,discovery
https://www.abc.net.au/triplejunearthed/artist/artboy,artboy,2026-04-25T10:16:20+00:00,2026-04-25T10:16:20+00:00,discovery
https://www.abc.net.au/triplejunearthed/artist/ferris-owen-music,ferris-owen-music,2026-04-25T10:16:20+00:00,2026-04-25T10:16:20+00:00,discovery
https://www.abc.net.au/triplejunearthed/artist/imperatore,imperatore,2026-04-25T10:16:20+00:00,2026-04-25T10:16:20+00:00,discovery
https://www.abc.net.au/triplejunearthed/artist/haiines,haiines,2026-04-25T10:16:20+00:00,2026-04-25T10:16:20+00:00,discovery
https://www.abc.net.au/triplejunearthed/artist/cardiac-arrest,cardiac-arrest,2026-04-25T10:16:20+00:00,2026-04-25T10:16:20+00:00,discovery
https://www.abc.net.au/triplejunearthed/artist/sarah-carles,sarah-carles,2026-04-25T10:16:20+00:00,2026-04-25T10:16:20+00:00,discovery
https://www.abc.net.au/triplejunearthed/artist/nathan-hui-yi,nathan-hui-yi,2026-04-25T10:16:20+00:00,2026-04-25T10:16:20+00:00,discovery
https://www.abc.net.au/triplejunearthed/artist/julieannglur,julieannglur,2026-04-25T10:16:40+00:00,2026-04-25T10:16:40+00:00,discovery
https://www.abc.net.au/triplejunearthed/artist/so-she-can-fly,so-she-can-fly,2026-04-25T10:16:40+00:00,2026-04-25T10:16:40+00:00,discovery
https://www.abc.net.au/triplejunearthed/artist/fvneral,fvneral,2026-04-25T10:16:40+00:00,2026-04-25T10:16:40+00:00,discovery
https://www.abc.net.au/triplejunearthed/artist/the-fates,the-fates,2026-04-25T10:16:40+00:00,2026-04-25T10:16:40+00:00,discovery
https://www.abc.net.au/triplejunearthed/artist/hellven,hellven,2026-04-25T10:16:40+00:00,2026-04-25T10:16:40+00:00,discovery
https://www.abc.net.au/triplejunearthed/artist/soulfulcraig-and-the-collaborators,soulfulcraig-and-the-collaborators,2026-04-25T10:16:40+00:00,2026-04-25T10:16:40+00:00,discovery
https://www.abc.net.au/triplejunearthed/artist/alexis-remi,alexis-remi,2026-04-25T10:16:40+00:00,2026-04-25T10:16:40+00:00,discovery
https://www.abc.net.au/triplejunearthed/artist/the-author,the-author,2026-04-25T10:16:41+00:00,2026-04-25T10:16:41+00:00,discovery
https://www.abc.net.au/triplejunearthed/artist/huskybeth,huskybeth,2026-04-25T10:16:41+00:00,2026-04-25T10:16:41+00:00,discovery
https://www.abc.net.au/triplejunearthed/artist/oscar-new-guy,oscar-new-guy,2026-04-25T10:16:41+00:00,2026-04-25T10:16:41+00:00,discovery
https://www.abc.net.au/triplejunearthed/artist/countryfence,countryfence,2026-04-25T10:17:04+00:00,2026-04-25T10:17:04+00:00,discovery
https://www.abc.net.au/triplejunearthed/artist/themillie-atlas,themillie-atlas,2026-04-25T10:17:04+00:00,2026-04-25T10:17:04+00:00,discovery
https://www.abc.net.au/triplejunearthed/artist/bartblunt,bartblunt,2026-04-25T10:17:04+00:00,2026-04-25T10:17:04+00:00,discovery
https://www.abc.net.au/triplejunearthed/artist/chaperone,chaperone,2026-04-25T10:17:04+00:00,2026-04-25T10:17:04+00:00,discovery
https://www.abc.net.au/triplejunearthed/artist/cmplxtra,cmplxtra,2026-04-25T10:17:04+00:00,2026-04-25T10:17:04+00:00,discovery
https://www.abc.net.au/triplejunearthed/artist/east-capri,east-capri,2026-04-25T10:17:04+00:00,2026-04-25T10:17:04+00:00,discovery
https://www.abc.net.au/triplejunearthed/artist/triadd,triadd,2026-04-25T10:17:04+00:00,2026-04-25T10:17:04+00:00,discovery
https://www.abc.net.au/triplejunearthed/artist/emma-anne,emma-anne,2026-04-25T10:17:04+00:00,2026-04-25T10:17:04+00:00,discovery
https://www.abc.net.au/triplejunearthed/artist/ethan-davis,ethan-davis,2026-04-25T10:17:04+00:00,2026-04-25T10:17:04+00:00,discovery
https://www.abc.net.au/triplejunearthed/artist/l-t-balkin,l-t-balkin,2026-04-25T10:17:04+00:00,2026-04-25T10:17:04+00:00,discovery
https://www.abc.net.au/triplejunearthed/artist/j-le,j-le,2026-04-25T10:17:28+00:00,2026-04-25T10:17:28+00:00,discovery
https://www.abc.net.au/triplejunearthed/artist/phyrephysh,phyrephysh,2026-04-25T10:17:28+00:00,2026-04-25T10:17:28+00:00,discovery
https://www.abc.net.au/triplejunearthed/artist/elyssa-jade,elyssa-jade,2026-04-25T10:17:28+00:00,2026-04-25T10:17:28+00:00,discovery
https://www.abc.net.au/triplejunearthed/artist/alex-elbery,alex-elbery,2026-04-25T10:17:28+00:00,2026-04-25T10:17:28+00:00,discovery
https://www.abc.net.au/triplejunearthed/artist/suspended-independence,suspended-independence,2026-04-25T10:17:28+00:00,2026-04-25T10:17:28+00:00,discovery
https://www.abc.net.au/triplejunearthed/artist/savoyager,savoyager,2026-04-25T10:17:28+00:00,2026-04-25T10:17:28+00:00,discovery
https://www.abc.net.au/triplejunearthed/artist/bachelors-handbag,bachelors-handbag,2026-04-25T10:17:28+00:00,2026-04-25T10:17:28+00:00,discovery
https://www.abc.net.au/triplejunearthed/artist/thelocalromance,thelocalromance,2026-04-25T10:17:28+00:00,2026-04-25T10:17:28+00:00,discovery
https://www.abc.net.au/triplejunearthed/artist/tee-ziggy,tee-ziggy,2026-04-25T10:17:28+00:00,2026-04-25T10:17:28+00:00,discovery
https://www.abc.net.au/triplejunearthed/artist/ronin,ronin,2026-04-25T10:17:28+00:00,2026-04-25T10:17:28+00:00,discovery
https://www.abc.net.au/triplejunearthed/artist/xenura,xenura,2026-04-25T10:17:28+00:00,2026-04-25T10:17:28+00:00,discovery
https://www.abc.net.au/triplejunearthed/artist/laurelhill,laurelhill,2026-04-25T10:17:48+00:00,2026-04-25T10:17:48+00:00,discovery
https://www.abc.net.au/triplejunearthed/artist/will-everest,will-everest,2026-04-25T10:17:48+00:00,2026-04-25T10:17:48+00:00,discovery
https://www.abc.net.au/triplejunearthed/artist/jarrod-philip,jarrod-philip,2026-04-25T10:17:48+00:00,2026-04-25T10:17:48+00:00,discovery
https://www.abc.net.au/triplejunearthed/artist/walkerboy,walkerboy,2026-04-25T10:17:48+00:00,2026-04-25T10:17:48+00:00,discovery
https://www.abc.net.au/triplejunearthed/artist/starslikehalo,starslikehalo,2026-04-25T10:17:48+00:00,2026-04-25T10:17:48+00:00,discovery
https://www.abc.net.au/triplejunearthed/artist/pornstar-supercar,pornstar-supercar,2026-04-25T10:17:48+00:00,2026-04-25T10:17:48+00:00,discovery
https://www.abc.net.au/triplejunearthed/artist/run-dynamite,run-dynamite,2026-04-25T10:17:48+00:00,2026-04-25T10:17:48+00:00,discovery
https://www.abc.net.au/triplejunearthed/artist/hundo-milli,hundo-milli,2026-04-25T10:17:48+00:00,2026-04-25T10:17:48+00:00,discovery
https://www.abc.net.au/triplejunearthed/artist/hannah-,hannah-,2026-04-25T10:17:48+00:00,2026-04-25T10:17:48+00:00,discovery
https://www.abc.net.au/triplejunearthed/artist/ucan,ucan,2026-04-25T10:17:48+00:00,2026-04-25T10:17:48+00:00,discovery
https://www.abc.net.au/triplejunearthed/artist/cast-iron-kid,cast-iron-kid,2026-04-25T10:17:48+00:00,2026-04-25T10:17:48+00:00,discovery
https://www.abc.net.au/triplejunearthed/artist/menarku,menarku,2026-04-25T10:17:48+00:00,2026-04-25T10:17:48+00:00,discovery
https://www.abc.net.au/triplejunearthed/artist/harana,harana,2026-04-25T10:17:48+00:00,2026-04-25T10:17:48+00:00,discovery
https://www.abc.net.au/triplejunearthed/artist/markosb,markosb,2026-04-25T10:18:09+00:00,2026-04-25T10:18:09+00:00,discovery
https://www.abc.net.au/triplejunearthed/artist/smj,smj,2026-04-25T10:18:09+00:00,2026-04-25T10:18:09+00:00,discovery
https://www.abc.net.au/triplejunearthed/artist/roy-darby,roy-darby,2026-04-25T10:18:09+00:00,2026-04-25T10:18:09+00:00,discovery
https://www.abc.net.au/triplejunearthed/artist/leonieroux,leonieroux,2026-04-25T10:18:09+00:00,2026-04-25T10:18:09+00:00,discovery
https://www.abc.net.au/triplejunearthed/artist/copperhead,copperhead,2026-04-25T10:18:09+00:00,2026-04-25T10:18:09+00:00,discovery
https://www.abc.net.au/triplejunearthed/artist/tiaraofficial,tiaraofficial,2026-04-25T10:18:09+00:00,2026-04-25T10:18:09+00:00,discovery
https://www.abc.net.au/triplejunearthed/artist/theawesomegm,theawesomegm,2026-04-25T10:18:09+00:00,2026-04-25T10:18:09+00:00,discovery
https://www.abc.net.au/triplejunearthed/artist/ben-rankin,ben-rankin,2026-04-25T10:18:09+00:00,2026-04-25T10:18:09+00:00,discovery
https://www.abc.net.au/triplejunearthed/artist/stain4132,stain4132,2026-04-25T10:18:09+00:00,2026-04-25T10:18:09+00:00,discovery
https://www.abc.net.au/triplejunearthed/artist/eldritch,eldritch,2026-04-25T10:18:09+00:00,2026-04-25T10:18:09+00:00,discovery
https://www.abc.net.au/triplejunearthed/artist/keith-stone-0,keith-stone-0,2026-04-25T10:18:37+00:00,2026-04-25T10:18:37+00:00,discovery
https://www.abc.net.au/triplejunearthed/artist/santa-fe,santa-fe,2026-04-25T10:18:37+00:00,2026-04-25T10:18:37+00:00,discovery
https://www.abc.net.au/triplejunearthed/artist/copperline,copperline,2026-04-25T10:18:37+00:00,2026-04-25T10:18:37+00:00,discovery
https://www.abc.net.au/triplejunearthed/artist/sugar-tongue,sugar-tongue,2026-04-25T10:18:38+00:00,2026-04-25T10:18:38+00:00,discovery
https://www.abc.net.au/triplejunearthed/artist/molde,molde,2026-04-25T10:18:38+00:00,2026-04-25T10:18:38+00:00,discovery
https://www.abc.net.au/triplejunearthed/artist/central,central,2026-04-25T10:18:38+00:00,2026-04-25T10:18:38+00:00,discovery
https://www.abc.net.au/triplejunearthed/artist/jakedavey,jakedavey,2026-04-25T10:18:38+00:00,2026-04-25T10:18:38+00:00,discovery
https://www.abc.net.au/triplejunearthed/artist/chelsea-rixon,chelsea-rixon,2026-04-25T10:18:38+00:00,2026-04-25T10:18:38+00:00,discovery
https://www.abc.net.au/triplejunearthed/artist/naiveatom,naiveatom,2026-04-25T10:18:38+00:00,2026-04-25T10:18:38+00:00,discovery
https://www.abc.net.au/triplejunearthed/artist/beyondthegrip,beyondthegrip,2026-04-25T10:18:38+00:00,2026-04-25T10:18:38+00:00,discovery
https://www.abc.net.au/triplejunearthed/artist/stormflower,stormflower,2026-04-25T10:18:38+00:00,2026-04-25T10:18:38+00:00,discovery
https://www.abc.net.au/triplejunearthed/artist/elision,elision,2026-04-25T10:18:38+00:00,2026-04-25T10:18:38+00:00,discovery
https://www.abc.net.au/triplejunearthed/artist/jonte,jonte,2026-04-25T10:18:38+00:00,2026-04-25T10:18:38+00:00,discovery
https://www.abc.net.au/triplejunearthed/artist/ziggy-durling,ziggy-durling,2026-04-25T10:18:38+00:00,2026-04-25T10:18:38+00:00,discovery
https://www.abc.net.au/triplejunearthed/artist/terra-vale-aus,terra-vale-aus,2026-04-25T10:18:38+00:00,2026-04-25T10:18:38+00:00,discovery
https://www.abc.net.au/triplejunearthed/artist/benji,benji,2026-04-25T10:19:00+00:00,2026-04-25T10:19:00+00:00,discovery
https://www.abc.net.au/triplejunearthed/artist/theoo,theoo,2026-04-25T10:19:00+00:00,2026-04-25T10:19:00+00:00,discovery
https://www.abc.net.au/triplejunearthed/artist/bagus,bagus,2026-04-25T10:19:00+00:00,2026-04-25T10:19:00+00:00,discovery
https://www.abc.net.au/triplejunearthed/artist/t-is-for-tom,t-is-for-tom,2026-04-25T10:19:00+00:00,2026-04-25T10:19:00+00:00,discovery
https://www.abc.net.au/triplejunearthed/artist/exceptance,exceptance,2026-04-25T10:19:00+00:00,2026-04-25T10:19:00+00:00,discovery
https://www.abc.net.au/triplejunearthed/artist/teesncees,teesncees,2026-04-25T10:19:00+00:00,2026-04-25T10:19:00+00:00,discovery
https://www.abc.net.au/triplejunearthed/artist/mish-molotov,mish-molotov,2026-04-25T10:19:00+00:00,2026-04-25T10:19:00+00:00,discovery
https://www.abc.net.au/triplejunearthed/artist/kirrilee,kirrilee,2026-04-25T10:19:00+00:00,2026-04-25T10:19:00+00:00,discovery
https://www.abc.net.au/triplejunearthed/artist/robbybee-0,robbybee-0,2026-04-25T10:19:00+00:00,2026-04-25T10:19:00+00:00,discovery
https://www.abc.net.au/triplejunearthed/artist/robbybee,robbybee,2026-04-25T10:19:00+00:00,2026-04-25T10:19:00+00:00,discovery
https://www.abc.net.au/triplejunearthed/artist/mando-aries,mando-aries,2026-04-25T10:19:22+00:00,2026-04-25T10:19:22+00:00,discovery
https://www.abc.net.au/triplejunearthed/artist/sam-mcmeekin,sam-mcmeekin,2026-04-25T10:19:22+00:00,2026-04-25T10:19:22+00:00,discovery
https://www.abc.net.au/triplejunearthed/artist/jonathan-wells,jonathan-wells,2026-04-25T10:19:22+00:00,2026-04-25T10:19:22+00:00,discovery
https://www.abc.net.au/triplejunearthed/artist/franz-guett,franz-guett,2026-04-25T10:19:22+00:00,2026-04-25T10:19:22+00:00,discovery
https://www.abc.net.au/triplejunearthed/artist/taylor-hampson,taylor-hampson,2026-04-25T10:19:22+00:00,2026-04-25T10:19:22+00:00,discovery
https://www.abc.net.au/triplejunearthed/artist/3-year-project,3-year-project,2026-04-25T10:19:22+00:00,2026-04-25T10:19:22+00:00,discovery
https://www.abc.net.au/triplejunearthed/artist/briberytheband,briberytheband,2026-04-25T10:19:22+00:00,2026-04-25T10:19:22+00:00,discovery
https://www.abc.net.au/triplejunearthed/artist/reckless-velvet,reckless-velvet,2026-04-25T10:19:22+00:00,2026-04-25T10:19:22+00:00,discovery
https://www.abc.net.au/triplejunearthed/artist/zarahaines,zarahaines,2026-04-25T10:19:22+00:00,2026-04-25T10:19:22+00:00,discovery
https://www.abc.net.au/triplejunearthed/artist/officialmez,officialmez,2026-04-25T10:19:44+00:00,2026-04-25T10:19:44+00:00,discovery
https://www.abc.net.au/triplejunearthed/artist/muhammad-mith,muhammad-mith,2026-04-25T10:19:44+00:00,2026-04-25T10:19:44+00:00,discovery
https://www.abc.net.au/triplejunearthed/artist/st-tilda,st-tilda,2026-04-25T10:19:44+00:00,2026-04-25T10:19:44+00:00,discovery
https://www.abc.net.au/triplejunearthed/artist/cameron-gould,cameron-gould,2026-04-25T10:19:44+00:00,2026-04-25T10:19:44+00:00,discovery
https://www.abc.net.au/triplejunearthed/artist/spirits-of-salt,spirits-of-salt,2026-04-25T10:19:44+00:00,2026-04-25T10:19:44+00:00,discovery
https://www.abc.net.au/triplejunearthed/artist/flannelette-sunroom,flannelette-sunroom,2026-04-25T10:19:44+00:00,2026-04-25T10:19:44+00:00,discovery
https://www.abc.net.au/triplejunearthed/artist/archieband,archieband,2026-04-25T10:19:44+00:00,2026-04-25T10:19:44+00:00,discovery
https://www.abc.net.au/triplejunearthed/artist/sophia-anna,sophia-anna,2026-04-25T10:19:44+00:00,2026-04-25T10:19:44+00:00,discovery
https://www.abc.net.au/triplejunearthed/artist/solar,solar,2026-04-25T10:19:44+00:00,2026-04-25T10:19:44+00:00,discovery
https://www.abc.net.au/triplejunearthed/artist/a-commoner-s-revolt,a-commoner-s-revolt,2026-04-25T10:20:11+00:00,2026-04-25T10:20:11+00:00,discovery
https://www.abc.net.au/triplejunearthed/artist/ihatejackdonehue,ihatejackdonehue,2026-04-25T10:20:11+00:00,2026-04-25T10:20:11+00:00,discovery
https://www.abc.net.au/triplejunearthed/artist/coastal-drift,coastal-drift,2026-04-25T10:20:11+00:00,2026-04-25T10:20:11+00:00,discovery
https://www.abc.net.au/triplejunearthed/artist/echo-layla,echo-layla,2026-04-25T10:20:11+00:00,2026-04-25T10:20:11+00:00,discovery
https://www.abc.net.au/triplejunearthed/artist/london-winter,london-winter,2026-04-25T10:20:11+00:00,2026-04-25T10:20:11+00:00,discovery
https://www.abc.net.au/triplejunearthed/artist/olevir,olevir,2026-04-25T10:20:11+00:00,2026-04-25T10:20:11+00:00,discovery
https://www.abc.net.au/triplejunearthed/artist/psychic-sally,psychic-sally,2026-04-25T10:20:11+00:00,2026-04-25T10:20:11+00:00,discovery
https://www.abc.net.au/triplejunearthed/artist/blushbabyblush,blushbabyblush,2026-04-25T10:20:11+00:00,2026-04-25T10:20:11+00:00,discovery
https://www.abc.net.au/triplejunearthed/artist/father-daddy,father-daddy,2026-04-25T10:20:11+00:00,2026-04-25T10:20:11+00:00,discovery
https://www.abc.net.au/triplejunearthed/artist/mousetrap,mousetrap,2026-04-25T10:20:33+00:00,2026-04-25T10:20:33+00:00,discovery
https://www.abc.net.au/triplejunearthed/artist/yabbyjazz,yabbyjazz,2026-04-25T10:20:33+00:00,2026-04-25T10:20:33+00:00,discovery
https://www.abc.net.au/triplejunearthed/artist/h-wndog,h-wndog,2026-04-25T10:20:33+00:00,2026-04-25T10:20:33+00:00,discovery
https://www.abc.net.au/triplejunearthed/artist/ta-lin,ta-lin,2026-04-25T10:20:33+00:00,2026-04-25T10:20:33+00:00,discovery
https://www.abc.net.au/triplejunearthed/artist/ron-van-der-zwaag,ron-van-der-zwaag,2026-04-25T10:20:33+00:00,2026-04-25T10:20:33+00:00,discovery
https://www.abc.net.au/triplejunearthed/artist/midnight-violet,midnight-violet,2026-04-25T10:20:33+00:00,2026-04-25T10:20:33+00:00,discovery
https://www.abc.net.au/triplejunearthed/artist/built-to-come-apart,built-to-come-apart,2026-04-25T10:20:33+00:00,2026-04-25T10:20:33+00:00,discovery
https://www.abc.net.au/triplejunearthed/artist/jack-lundy,jack-lundy,2026-04-25T10:20:33+00:00,2026-04-25T10:20:33+00:00,discovery
https://www.abc.net.au/triplejunearthed/artist/sun-light,sun-light,2026-04-25T10:20:33+00:00,2026-04-25T10:20:33+00:00,discovery
https://www.abc.net.au/triplejunearthed/artist/luke-sargon,luke-sargon,2026-04-25T10:20:33+00:00,2026-04-25T10:20:33+00:00,discovery
https://www.abc.net.au/triplejunearthed/artist/angies,angies,2026-04-25T10:20:33+00:00,2026-04-25T10:20:33+00:00,discovery
https://www.abc.net.au/triplejunearthed/artist/eddie-penshorn-rox,eddie-penshorn-rox,2026-04-25T10:20:33+00:00,2026-04-25T10:20:33+00:00,discovery
https://www.abc.net.au/triplejunearthed/artist/kristal-lava,kristal-lava,2026-04-25T10:20:54+00:00,2026-04-25T10:20:54+00:00,discovery
https://www.abc.net.au/triplejunearthed/artist/ellamars,ellamars,2026-04-25T10:20:54+00:00,2026-04-25T10:20:54+00:00,discovery
https://www.abc.net.au/triplejunearthed/artist/woodsrow,woodsrow,2026-04-25T10:20:54+00:00,2026-04-25T10:20:54+00:00,discovery
https://www.abc.net.au/triplejunearthed/artist/mr-finn,mr-finn,2026-04-25T10:20:54+00:00,2026-04-25T10:20:54+00:00,discovery
https://www.abc.net.au/triplejunearthed/artist/db-direct,db-direct,2026-04-25T10:20:54+00:00,2026-04-25T10:20:54+00:00,discovery
https://www.abc.net.au/triplejunearthed/artist/nikkinoodlar,nikkinoodlar,2026-04-25T10:20:54+00:00,2026-04-25T10:20:54+00:00,discovery
https://www.abc.net.au/triplejunearthed/artist/sundae-wuz,sundae-wuz,2026-04-25T10:20:54+00:00,2026-04-25T10:20:54+00:00,discovery
https://www.abc.net.au/triplejunearthed/artist/mr-animalistic,mr-animalistic,2026-04-25T10:20:54+00:00,2026-04-25T10:20:54+00:00,discovery
https://www.abc.net.au/triplejunearthed/artist/chelsea-daghita,chelsea-daghita,2026-04-25T10:20:54+00:00,2026-04-25T10:20:54+00:00,discovery
https://www.abc.net.au/triplejunearthed/artist/jiminys-crickets,jiminys-crickets,2026-04-25T10:20:54+00:00,2026-04-25T10:20:54+00:00,discovery
https://www.abc.net.au/triplejunearthed/artist/thepop,thepop,2026-04-25T10:20:54+00:00,2026-04-25T10:20:54+00:00,discovery
https://www.abc.net.au/triplejunearthed/artist/jasmine-iona,jasmine-iona,2026-04-25T10:21:15+00:00,2026-04-25T10:21:15+00:00,discovery
https://www.abc.net.au/triplejunearthed/artist/the-figs,the-figs,2026-04-25T10:21:15+00:00,2026-04-25T10:21:15+00:00,discovery
https://www.abc.net.au/triplejunearthed/artist/head-1st,head-1st,2026-04-25T10:21:15+00:00,2026-04-25T10:21:15+00:00,discovery
https://www.abc.net.au/triplejunearthed/artist/barry-michael,barry-michael,2026-04-25T10:21:15+00:00,2026-04-25T10:21:15+00:00,discovery
https://www.abc.net.au/triplejunearthed/artist/jimmytames,jimmytames,2026-04-25T10:21:15+00:00,2026-04-25T10:21:15+00:00,discovery
https://www.abc.net.au/triplejunearthed/artist/serpentine,serpentine,2026-04-25T10:21:15+00:00,2026-04-25T10:21:15+00:00,discovery
https://www.abc.net.au/triplejunearthed/artist/prod-layz,prod-layz,2026-04-25T10:21:15+00:00,2026-04-25T10:21:15+00:00,discovery
https://www.abc.net.au/triplejunearthed/artist/electric-lemons1,electric-lemons1,2026-04-25T10:21:15+00:00,2026-04-25T10:21:15+00:00,discovery
https://www.abc.net.au/triplejunearthed/artist/palinola,palinola,2026-04-25T10:21:16+00:00,2026-04-25T10:21:16+00:00,discovery
https://www.abc.net.au/triplejunearthed/artist/kelux,kelux,2026-04-25T10:21:37+00:00,2026-04-25T10:21:37+00:00,discovery
https://www.abc.net.au/triplejunearthed/artist/trgga,trgga,2026-04-25T10:21:37+00:00,2026-04-25T10:21:37+00:00,discovery
https://www.abc.net.au/triplejunearthed/artist/tiny-island,tiny-island,2026-04-25T10:21:37+00:00,2026-04-25T10:21:37+00:00,discovery
https://www.abc.net.au/triplejunearthed/artist/moonah,moonah,2026-04-25T10:21:37+00:00,2026-04-25T10:21:37+00:00,discovery
https://www.abc.net.au/triplejunearthed/artist/millie-mills-,millie-mills-,2026-04-25T10:21:37+00:00,2026-04-25T10:21:37+00:00,discovery
https://www.abc.net.au/triplejunearthed/artist/julie-paschke,julie-paschke,2026-04-25T10:21:37+00:00,2026-04-25T10:21:37+00:00,discovery
https://www.abc.net.au/triplejunearthed/artist/something-about-midnight-band,something-about-midnight-band,2026-04-25T10:21:37+00:00,2026-04-25T10:21:37+00:00,discovery
https://www.abc.net.au/triplejunearthed/artist/everyone-looks-like-everyone,everyone-looks-like-everyone,2026-04-25T10:21:38+00:00,2026-04-25T10:21:38+00:00,discovery
https://www.abc.net.au/triplejunearthed/artist/evan-jenkin,evan-jenkin,2026-04-25T10:21:38+00:00,2026-04-25T10:21:38+00:00,discovery
https://www.abc.net.au/triplejunearthed/artist/jaded-memory,jaded-memory,2026-04-25T10:21:38+00:00,2026-04-25T10:21:38+00:00,discovery
https://www.abc.net.au/triplejunearthed/artist/cass-the-wary,cass-the-wary,2026-04-25T10:21:38+00:00,2026-04-25T10:21:38+00:00,discovery
https://www.abc.net.au/triplejunearthed/artist/samarasmusicofficial,samarasmusicofficial,2026-04-25T10:21:38+00:00,2026-04-25T10:21:38+00:00,discovery
https://www.abc.net.au/triplejunearthed/artist/ponyfish,ponyfish,2026-04-25T10:21:58+00:00,2026-04-25T10:21:58+00:00,discovery
https://www.abc.net.au/triplejunearthed/artist/d3nn3y,d3nn3y,2026-04-25T10:21:58+00:00,2026-04-25T10:21:58+00:00,discovery
https://www.abc.net.au/triplejunearthed/artist/last-embers,last-embers,2026-04-25T10:21:58+00:00,2026-04-25T10:21:58+00:00,discovery
https://www.abc.net.au/triplejunearthed/artist/charlie-daniels,charlie-daniels,2026-04-25T10:21:58+00:00,2026-04-25T10:21:58+00:00,discovery
https://www.abc.net.au/triplejunearthed/artist/ben-echo,ben-echo,2026-04-25T10:21:58+00:00,2026-04-25T10:21:58+00:00,discovery
https://www.abc.net.au/triplejunearthed/artist/adzy-frags,adzy-frags,2026-04-25T10:21:58+00:00,2026-04-25T10:21:58+00:00,discovery
https://www.abc.net.au/triplejunearthed/artist/duncan-massey,duncan-massey,2026-04-25T10:21:58+00:00,2026-04-25T10:21:58+00:00,discovery
https://www.abc.net.au/triplejunearthed/artist/blackbird-green,blackbird-green,2026-04-25T10:21:58+00:00,2026-04-25T10:21:58+00:00,discovery
https://www.abc.net.au/triplejunearthed/artist/glitch-bionics,glitch-bionics,2026-04-25T10:21:58+00:00,2026-04-25T10:21:58+00:00,discovery
https://www.abc.net.au/triplejunearthed/artist/dan-pigliafiori,dan-pigliafiori,2026-04-25T10:21:58+00:00,2026-04-25T10:21:58+00:00,discovery
https://www.abc.net.au/triplejunearthed/artist/isabella-nalder,isabella-nalder,2026-04-25T10:22:21+00:00,2026-04-25T10:22:21+00:00,discovery
https://www.abc.net.au/triplejunearthed/artist/arthar,arthar,2026-04-25T10:22:21+00:00,2026-04-25T10:22:21+00:00,discovery
https://www.abc.net.au/triplejunearthed/artist/junee-wav,junee-wav,2026-04-25T10:22:21+00:00,2026-04-25T10:22:21+00:00,discovery
https://www.abc.net.au/triplejunearthed/artist/order-from-chaos,order-from-chaos,2026-04-25T10:22:21+00:00,2026-04-25T10:22:21+00:00,discovery
https://www.abc.net.au/triplejunearthed/artist/jamie-brice,jamie-brice,2026-04-25T10:22:21+00:00,2026-04-25T10:22:21+00:00,discovery
https://www.abc.net.au/triplejunearthed/artist/moon-over-water,moon-over-water,2026-04-25T10:22:21+00:00,2026-04-25T10:22:21+00:00,discovery
https://www.abc.net.au/triplejunearthed/artist/more2life,more2life,2026-04-25T10:22:21+00:00,2026-04-25T10:22:21+00:00,discovery
https://www.abc.net.au/triplejunearthed/artist/bex-tex,bex-tex,2026-04-25T10:22:21+00:00,2026-04-25T10:22:21+00:00,discovery
